program,komponen,tarif_pemberi_kerja_persen,tarif_pekerja_persen,dasar_upah,batas_upah_bulanan,berlaku_mulai,berlaku_sampai,perlakuan_pph21_porsi_pemberi_kerja,perlakuan_pph21_porsi_pekerja,sumber,catatan
BPJS TK - JKK,tingkat risiko sangat rendah,0.24,0,upah sebulan,tidak ada,2015-07-01,,"OBJEK (menambah bruto): PMK 168/2023 Pasal 5 ayat (3) huruf d (PDF hlm. 9); 2023: PER-16/PJ/2016 Lampiran (PDF hlm. 21, OCR)",-,PP 44/2015 Pasal 16 ayat (2) (PDF hlm. 12),"Termasuk 0,14% yang direkomposisi untuk iuran JKP (PP 37/2021 Pasal 11 ayat (5); PP 49/2023 Pasal 16A; PP 6/2025 Pasal 11 ayat (5)); total yang dibayar pemberi kerja tetap sama. Perlakuan PPh 21 atas porsi rekomposisi tidak diatur eksplisit (lihat README)."
BPJS TK - JKK,tingkat risiko rendah,0.54,0,upah sebulan,tidak ada,2015-07-01,,"OBJEK (menambah bruto): PMK 168/2023 Pasal 5 ayat (3) huruf d (PDF hlm. 9); 2023: PER-16/PJ/2016 Lampiran (PDF hlm. 21, OCR)",-,PP 44/2015 Pasal 16 ayat (2) (PDF hlm. 12),"Termasuk 0,14% yang direkomposisi untuk iuran JKP (PP 37/2021 Pasal 11 ayat (5); PP 49/2023 Pasal 16A; PP 6/2025 Pasal 11 ayat (5)); total yang dibayar pemberi kerja tetap sama. Perlakuan PPh 21 atas porsi rekomposisi tidak diatur eksplisit (lihat README)."
BPJS TK - JKK,tingkat risiko sedang,0.89,0,upah sebulan,tidak ada,2015-07-01,,"OBJEK (menambah bruto): PMK 168/2023 Pasal 5 ayat (3) huruf d (PDF hlm. 9); 2023: PER-16/PJ/2016 Lampiran (PDF hlm. 21, OCR)",-,PP 44/2015 Pasal 16 ayat (2) (PDF hlm. 12),"Termasuk 0,14% yang direkomposisi untuk iuran JKP (PP 37/2021 Pasal 11 ayat (5); PP 49/2023 Pasal 16A; PP 6/2025 Pasal 11 ayat (5)); total yang dibayar pemberi kerja tetap sama. Perlakuan PPh 21 atas porsi rekomposisi tidak diatur eksplisit (lihat README)."
BPJS TK - JKK,tingkat risiko tinggi,1.27,0,upah sebulan,tidak ada,2015-07-01,,"OBJEK (menambah bruto): PMK 168/2023 Pasal 5 ayat (3) huruf d (PDF hlm. 9); 2023: PER-16/PJ/2016 Lampiran (PDF hlm. 21, OCR)",-,PP 44/2015 Pasal 16 ayat (2) (PDF hlm. 12),"Termasuk 0,14% yang direkomposisi untuk iuran JKP (PP 37/2021 Pasal 11 ayat (5); PP 49/2023 Pasal 16A; PP 6/2025 Pasal 11 ayat (5)); total yang dibayar pemberi kerja tetap sama. Perlakuan PPh 21 atas porsi rekomposisi tidak diatur eksplisit (lihat README)."
BPJS TK - JKK,tingkat risiko sangat tinggi,1.74,0,upah sebulan,tidak ada,2015-07-01,,"OBJEK (menambah bruto): PMK 168/2023 Pasal 5 ayat (3) huruf d (PDF hlm. 9); 2023: PER-16/PJ/2016 Lampiran (PDF hlm. 21, OCR)",-,PP 44/2015 Pasal 16 ayat (2) (PDF hlm. 12),"Termasuk 0,14% yang direkomposisi untuk iuran JKP (PP 37/2021 Pasal 11 ayat (5); PP 49/2023 Pasal 16A; PP 6/2025 Pasal 11 ayat (5)); total yang dibayar pemberi kerja tetap sama. Perlakuan PPh 21 atas porsi rekomposisi tidak diatur eksplisit (lihat README)."
BPJS TK - JKK (keringanan 50% industri padat karya tertentu),tingkat risiko sangat rendah,0.12,0,upah sebulan,tidak ada,2025-02 (iuran Feb 2025),2026-01 (iuran Jan 2026),"OBJEK (menambah bruto): PMK 168/2023 Pasal 5 ayat (3) huruf d (PDF hlm. 9); 2023: PER-16/PJ/2016 Lampiran (PDF hlm. 21, OCR)",-,"PP 7/2025 Pasal 3-4 dan Pasal 10 (PDF hlm. 3-6); diperpanjang PP 36/2025 Pasal I angka 2 (Pasal 10A, PDF hlm. 4)","Hanya perusahaan industri padat karya tertentu (>=50 pekerja aktif; makanan-minuman-tembakau, tekstil & pakaian jadi, kulit, alas kaki, mainan anak, furnitur). Tarif normal 0.24%."
BPJS TK - JKK (keringanan 50% industri padat karya tertentu),tingkat risiko rendah,0.27,0,upah sebulan,tidak ada,2025-02 (iuran Feb 2025),2026-01 (iuran Jan 2026),"OBJEK (menambah bruto): PMK 168/2023 Pasal 5 ayat (3) huruf d (PDF hlm. 9); 2023: PER-16/PJ/2016 Lampiran (PDF hlm. 21, OCR)",-,"PP 7/2025 Pasal 3-4 dan Pasal 10 (PDF hlm. 3-6); diperpanjang PP 36/2025 Pasal I angka 2 (Pasal 10A, PDF hlm. 4)","Hanya perusahaan industri padat karya tertentu (>=50 pekerja aktif; makanan-minuman-tembakau, tekstil & pakaian jadi, kulit, alas kaki, mainan anak, furnitur). Tarif normal 0.54%."
BPJS TK - JKK (keringanan 50% industri padat karya tertentu),tingkat risiko sedang,0.445,0,upah sebulan,tidak ada,2025-02 (iuran Feb 2025),2026-01 (iuran Jan 2026),"OBJEK (menambah bruto): PMK 168/2023 Pasal 5 ayat (3) huruf d (PDF hlm. 9); 2023: PER-16/PJ/2016 Lampiran (PDF hlm. 21, OCR)",-,"PP 7/2025 Pasal 3-4 dan Pasal 10 (PDF hlm. 3-6); diperpanjang PP 36/2025 Pasal I angka 2 (Pasal 10A, PDF hlm. 4)","Hanya perusahaan industri padat karya tertentu (>=50 pekerja aktif; makanan-minuman-tembakau, tekstil & pakaian jadi, kulit, alas kaki, mainan anak, furnitur). Tarif normal 0.89%."
BPJS TK - JKK (keringanan 50% industri padat karya tertentu),tingkat risiko tinggi,0.635,0,upah sebulan,tidak ada,2025-02 (iuran Feb 2025),2026-01 (iuran Jan 2026),"OBJEK (menambah bruto): PMK 168/2023 Pasal 5 ayat (3) huruf d (PDF hlm. 9); 2023: PER-16/PJ/2016 Lampiran (PDF hlm. 21, OCR)",-,"PP 7/2025 Pasal 3-4 dan Pasal 10 (PDF hlm. 3-6); diperpanjang PP 36/2025 Pasal I angka 2 (Pasal 10A, PDF hlm. 4)","Hanya perusahaan industri padat karya tertentu (>=50 pekerja aktif; makanan-minuman-tembakau, tekstil & pakaian jadi, kulit, alas kaki, mainan anak, furnitur). Tarif normal 1.27%."
BPJS TK - JKK (keringanan 50% industri padat karya tertentu),tingkat risiko sangat tinggi,0.87,0,upah sebulan,tidak ada,2025-02 (iuran Feb 2025),2026-01 (iuran Jan 2026),"OBJEK (menambah bruto): PMK 168/2023 Pasal 5 ayat (3) huruf d (PDF hlm. 9); 2023: PER-16/PJ/2016 Lampiran (PDF hlm. 21, OCR)",-,"PP 7/2025 Pasal 3-4 dan Pasal 10 (PDF hlm. 3-6); diperpanjang PP 36/2025 Pasal I angka 2 (Pasal 10A, PDF hlm. 4)","Hanya perusahaan industri padat karya tertentu (>=50 pekerja aktif; makanan-minuman-tembakau, tekstil & pakaian jadi, kulit, alas kaki, mainan anak, furnitur). Tarif normal 1.74%."
BPJS TK - JKM,-,0.3,0,upah sebulan,tidak ada,2015-07-01,,"OBJEK (menambah bruto): PMK 168/2023 Pasal 5 ayat (3) huruf d (PDF hlm. 9); 2023: PER-16/PJ/2016 Lampiran (PDF hlm. 21, OCR)",-,PP 44/2015 Pasal 18 ayat (1) (PDF hlm. 13),"PP 37/2021 merekomposisi 0,10% JKM untuk JKP; PP 6/2025 mengubah sumber JKP menjadi 0,22% Pemerintah + 0,14% rekomposisi JKK (tanpa rekomposisi JKM)."
BPJS TK - JHT,-,3.7,2.0,upah sebulan,tidak ada,2015-07-01,,BUKAN OBJEK: PMK 168/2023 Pasal 7 huruf c (PDF hlm. 10),PENGURANG neto (iuran terkait pensiun & hari tua dibayar pegawai): PMK 168/2023 Pasal 10 ayat (1) huruf b (PDF hlm. 11-12); 2023: PER-16 Pasal 10 ayat (3) huruf b (PDF hlm. 10),PP 46/2015 Pasal 16 ayat (1)-(2) (PDF hlm. 11),
BPJS TK - JP,-,2.0,1.0,upah pokok + tunjangan tetap,9077600,2022-03-01,2023-02-28,BUKAN OBJEK: PMK 168/2023 Pasal 7 huruf c (PDF hlm. 10),PENGURANG neto (iuran terkait pensiun & hari tua dibayar pegawai): PMK 168/2023 Pasal 10 ayat (1) huruf b (PDF hlm. 11-12); 2023: PER-16 Pasal 10 ayat (3) huruf b (PDF hlm. 10) (untuk 2023: pengurangan iuran JP pegawai adalah praktik umum; teks PER-16 Pasal 10(3)b tidak menyebut program JP BPJS secara eksplisit),"PP 45/2015 Pasal 28 (PDF hlm. 20) & Pasal 29 (PDF hlm. 21); batas upah: angka batas upah 2022 sebagaimana dikutip surat BPJS TK B/77/022023 - salinan dari mirror pihak ketiga, lihat folder bpjs_tk_batas_upah_jp/","Batas upah disesuaikan tiap tahun = batas tahun lalu x (1 + pertumbuhan PDB tahun sebelumnya), dibulatkan ke ratusan (PP 45/2015 Pasal 29 ayat (3)-(4)); berlaku mulai iuran bulan Maret."
BPJS TK - JP,-,2.0,1.0,upah pokok + tunjangan tetap,9559600,2023-03-01,2024-02-29,BUKAN OBJEK: PMK 168/2023 Pasal 7 huruf c (PDF hlm. 10),PENGURANG neto (iuran terkait pensiun & hari tua dibayar pegawai): PMK 168/2023 Pasal 10 ayat (1) huruf b (PDF hlm. 11-12); 2023: PER-16 Pasal 10 ayat (3) huruf b (PDF hlm. 10) (untuk 2023: pengurangan iuran JP pegawai adalah praktik umum; teks PER-16 Pasal 10(3)b tidak menyebut program JP BPJS secara eksplisit),"PP 45/2015 Pasal 28 (PDF hlm. 20) & Pasal 29 (PDF hlm. 21); batas upah: surat BPJS TK B/77/022023 tgl 27-02-2023 (PDB 2022 5,31%) - salinan dari mirror pihak ketiga, lihat folder bpjs_tk_batas_upah_jp/","Batas upah disesuaikan tiap tahun = batas tahun lalu x (1 + pertumbuhan PDB tahun sebelumnya), dibulatkan ke ratusan (PP 45/2015 Pasal 29 ayat (3)-(4)); berlaku mulai iuran bulan Maret."
BPJS TK - JP,-,2.0,1.0,upah pokok + tunjangan tetap,10042300,2024-03-01,2025-02-28,BUKAN OBJEK: PMK 168/2023 Pasal 7 huruf c (PDF hlm. 10),PENGURANG neto (iuran terkait pensiun & hari tua dibayar pegawai): PMK 168/2023 Pasal 10 ayat (1) huruf b (PDF hlm. 11-12); 2023: PER-16 Pasal 10 ayat (3) huruf b (PDF hlm. 10) (untuk 2023: pengurangan iuran JP pegawai adalah praktik umum; teks PER-16 Pasal 10(3)b tidak menyebut program JP BPJS secara eksplisit),"PP 45/2015 Pasal 28 (PDF hlm. 20) & Pasal 29 (PDF hlm. 21); batas upah: surat BPJS TK B/1387/022024 tgl 28-02-2024 (PDB 2023 5,05%) - salinan dari mirror pihak ketiga, lihat folder bpjs_tk_batas_upah_jp/","Batas upah disesuaikan tiap tahun = batas tahun lalu x (1 + pertumbuhan PDB tahun sebelumnya), dibulatkan ke ratusan (PP 45/2015 Pasal 29 ayat (3)-(4)); berlaku mulai iuran bulan Maret."
BPJS TK - JP,-,2.0,1.0,upah pokok + tunjangan tetap,10547400,2025-03-01,2026-02-28,BUKAN OBJEK: PMK 168/2023 Pasal 7 huruf c (PDF hlm. 10),PENGURANG neto (iuran terkait pensiun & hari tua dibayar pegawai): PMK 168/2023 Pasal 10 ayat (1) huruf b (PDF hlm. 11-12); 2023: PER-16 Pasal 10 ayat (3) huruf b (PDF hlm. 10) (untuk 2023: pengurangan iuran JP pegawai adalah praktik umum; teks PER-16 Pasal 10(3)b tidak menyebut program JP BPJS secara eksplisit),"PP 45/2015 Pasal 28 (PDF hlm. 20) & Pasal 29 (PDF hlm. 21); batas upah: surat BPJS TK B/726/022025 tgl 27-02-2025 (PDB 2024 5,03%) - salinan dari mirror pihak ketiga, lihat folder bpjs_tk_batas_upah_jp/","Batas upah disesuaikan tiap tahun = batas tahun lalu x (1 + pertumbuhan PDB tahun sebelumnya), dibulatkan ke ratusan (PP 45/2015 Pasal 29 ayat (3)-(4)); berlaku mulai iuran bulan Maret."
BPJS TK - JP,-,2.0,1.0,upah pokok + tunjangan tetap,11086300,2026-03-01,,BUKAN OBJEK: PMK 168/2023 Pasal 7 huruf c (PDF hlm. 10),PENGURANG neto (iuran terkait pensiun & hari tua dibayar pegawai): PMK 168/2023 Pasal 10 ayat (1) huruf b (PDF hlm. 11-12); 2023: PER-16 Pasal 10 ayat (3) huruf b (PDF hlm. 10) (untuk 2023: pengurangan iuran JP pegawai adalah praktik umum; teks PER-16 Pasal 10(3)b tidak menyebut program JP BPJS secara eksplisit),"PP 45/2015 Pasal 28 (PDF hlm. 20) & Pasal 29 (PDF hlm. 21); batas upah: surat BPJS TK B/1226/022026 tgl 25-02-2026 (PDB 2025 5,11%) - salinan dari mirror pihak ketiga, lihat folder bpjs_tk_batas_upah_jp/","Batas upah disesuaikan tiap tahun = batas tahun lalu x (1 + pertumbuhan PDB tahun sebelumnya), dibulatkan ke ratusan (PP 45/2015 Pasal 29 ayat (3)-(4)); berlaku mulai iuran bulan Maret."
BPJS TK - JKP,-,0,0,upah sebulan,5000000,2021-02-02,,Tidak ada iuran tambahan dari pemberi kerja/pekerja (dibiayai Pemerintah Pusat + rekomposisi JKK); tidak mempengaruhi PPh 21,-,"PP 37/2021 Pasal 11 (PDF hlm. 8-9); PP 6/2025 Pasal I angka 2 (Pasal 11, PDF hlm. 3-4)","Iuran JKP 0,46% (PP 37/2021) menjadi 0,36% (PP 6/2025, ditetapkan 7-2-2025). Batas atas upah JKP Rp5.000.000 (PP 37/2021 Pasal 11 ayat (7); PP 6/2025 Pasal 11 ayat (7))."
BPJS Kesehatan - JKN (PPU swasta),-,4.0,1.0,gaji/upah (pokok + tunjangan tetap); batas bawah UMK/UMP,8000000,2018-09-18,2019-12-31,"OBJEK (menambah bruto): PMK 168/2023 Pasal 5 ayat (3) huruf e (PDF hlm. 9); 2023: PER-16/PJ/2016 Lampiran (PDF hlm. 21, OCR; disebut premi JPK)",BUKAN pengurang (tidak termasuk daftar PMK 168/2023 Pasal 10 ayat (1) maupun PER-16 Pasal 10 ayat (3)),Perpres 82/2018 Pasal 31 (4%/1%) & Pasal 32 (batas Rp8 juta) (PDF hlm. 22),Historis - tidak dipakai 2023-2026.
BPJS Kesehatan - JKN (PPU swasta),-,4.0,1.0,gaji/upah (pokok + tunjangan tetap); batas bawah UMK/UMP,12000000,2020-01-01,,"OBJEK (menambah bruto): PMK 168/2023 Pasal 5 ayat (3) huruf e (PDF hlm. 9); 2023: PER-16/PJ/2016 Lampiran (PDF hlm. 21, OCR; disebut premi JPK)",BUKAN pengurang (tidak termasuk daftar PMK 168/2023 Pasal 10 ayat (1) maupun PER-16 Pasal 10 ayat (3)),"Perpres 75/2019 Pasal I angka 2-3 (Pasal 30 ayat (2) & Pasal 32 ayat (1), PDF hlm. 2-3), berlaku 1-1-2020 bagi pegawai swasta (Pasal 33A ayat (2) huruf b, PDF hlm. 5); dinyatakan ulang Perpres 59/2024 Pasal 32 ayat (1) (PDF hlm. 11)",Perpres 64/2020 TIDAK mengubah tarif/batas PPU (hanya iuran PBPU/BP pasca putusan MA). Batas Rp12 juta berasal dari Perpres 75/2019.
