klu,sektor,regulasi,masa_mulai,masa_akhir,halaman_pdf
13111,padat_karya,PMK 10/2025 Lampiran A,2025-01,2025-12,9
13112,padat_karya,PMK 10/2025 Lampiran A,2025-01,2025-12,9
13113,padat_karya,PMK 10/2025 Lampiran A,2025-01,2025-12,9
13121,padat_karya,PMK 10/2025 Lampiran A,2025-01,2025-12,9
13122,padat_karya,PMK 10/2025 Lampiran A,2025-01,2025-12,9
13123,padat_karya,PMK 10/2025 Lampiran A,2025-01,2025-12,10
13131,padat_karya,PMK 10/2025 Lampiran A,2025-01,2025-12,10
13132,padat_karya,PMK 10/2025 Lampiran A,2025-01,2025-12,10
13133,padat_karya,PMK 10/2025 Lampiran A,2025-01,2025-12,10
13134,padat_karya,PMK 10/2025 Lampiran A,2025-01,2025-12,10
13911,padat_karya,PMK 10/2025 Lampiran A,2025-01,2025-12,10
13912,padat_karya,PMK 10/2025 Lampiran A,2025-01,2025-12,10
13913,padat_karya,PMK 10/2025 Lampiran A,2025-01,2025-12,10
13921,padat_karya,PMK 10/2025 Lampiran A,2025-01,2025-12,10
13922,padat_karya,PMK 10/2025 Lampiran A,2025-01,2025-12,10
13923,padat_karya,PMK 10/2025 Lampiran A,2025-01,2025-12,10
13924,padat_karya,PMK 10/2025 Lampiran A,2025-01,2025-12,10
13925,padat_karya,PMK 10/2025 Lampiran A,2025-01,2025-12,11
13926,padat_karya,PMK 10/2025 Lampiran A,2025-01,2025-12,11
13929,padat_karya,PMK 10/2025 Lampiran A,2025-01,2025-12,11
13930,padat_karya,PMK 10/2025 Lampiran A,2025-01,2025-12,11
13941,padat_karya,PMK 10/2025 Lampiran A,2025-01,2025-12,11
13942,padat_karya,PMK 10/2025 Lampiran A,2025-01,2025-12,11
13991,padat_karya,PMK 10/2025 Lampiran A,2025-01,2025-12,11
13992,padat_karya,PMK 10/2025 Lampiran A,2025-01,2025-12,12
13993,padat_karya,PMK 10/2025 Lampiran A,2025-01,2025-12,12
13994,padat_karya,PMK 10/2025 Lampiran A,2025-01,2025-12,12
13995,padat_karya,PMK 10/2025 Lampiran A,2025-01,2025-12,12
13996,padat_karya,PMK 10/2025 Lampiran A,2025-01,2025-12,12
13999,padat_karya,PMK 10/2025 Lampiran A,2025-01,2025-12,12
14111,padat_karya,PMK 10/2025 Lampiran A,2025-01,2025-12,12
14112,padat_karya,PMK 10/2025 Lampiran A,2025-01,2025-12,12
14120,padat_karya,PMK 10/2025 Lampiran A,2025-01,2025-12,12
14131,padat_karya,PMK 10/2025 Lampiran A,2025-01,2025-12,13
14132,padat_karya,PMK 10/2025 Lampiran A,2025-01,2025-12,13
14200,padat_karya,PMK 10/2025 Lampiran A,2025-01,2025-12,13
14301,padat_karya,PMK 10/2025 Lampiran A,2025-01,2025-12,13
14302,padat_karya,PMK 10/2025 Lampiran A,2025-01,2025-12,13
14303,padat_karya,PMK 10/2025 Lampiran A,2025-01,2025-12,13
15111,padat_karya,PMK 10/2025 Lampiran A,2025-01,2025-12,14
15112,padat_karya,PMK 10/2025 Lampiran A,2025-01,2025-12,14
15113,padat_karya,PMK 10/2025 Lampiran A,2025-01,2025-12,14
15114,padat_karya,PMK 10/2025 Lampiran A,2025-01,2025-12,14
15121,padat_karya,PMK 10/2025 Lampiran A,2025-01,2025-12,14
15122,padat_karya,PMK 10/2025 Lampiran A,2025-01,2025-12,15
15123,padat_karya,PMK 10/2025 Lampiran A,2025-01,2025-12,15
15129,padat_karya,PMK 10/2025 Lampiran A,2025-01,2025-12,15
15201,padat_karya,PMK 10/2025 Lampiran A,2025-01,2025-12,15
15202,padat_karya,PMK 10/2025 Lampiran A,2025-01,2025-12,15
15203,padat_karya,PMK 10/2025 Lampiran A,2025-01,2025-12,15
15209,padat_karya,PMK 10/2025 Lampiran A,2025-01,2025-12,16
22191,padat_karya,PMK 10/2025 Lampiran A,2025-01,2025-12,11
31001,padat_karya,PMK 10/2025 Lampiran A,2025-01,2025-12,16
31002,padat_karya,PMK 10/2025 Lampiran A,2025-01,2025-12,16
31003,padat_karya,PMK 10/2025 Lampiran A,2025-01,2025-12,16
31004,padat_karya,PMK 10/2025 Lampiran A,2025-01,2025-12,16
31009,padat_karya,PMK 10/2025 Lampiran A,2025-01,2025-12,16
49425,pariwisata,PMK 72/2025 Lampiran A,2025-10,2025-12,17
50113,pariwisata,PMK 72/2025 Lampiran A,2025-10,2025-12,17
50122,pariwisata,PMK 72/2025 Lampiran A,2025-10,2025-12,17
55110,pariwisata,PMK 72/2025 Lampiran A,2025-10,2025-12,17
55120,pariwisata,PMK 72/2025 Lampiran A,2025-10,2025-12,17
55130,pariwisata,PMK 72/2025 Lampiran A,2025-10,2025-12,17
55191,pariwisata,PMK 72/2025 Lampiran A,2025-10,2025-12,18
55192,pariwisata,PMK 72/2025 Lampiran A,2025-10,2025-12,18
55193,pariwisata,PMK 72/2025 Lampiran A,2025-10,2025-12,18
55194,pariwisata,PMK 72/2025 Lampiran A,2025-10,2025-12,18
55199,pariwisata,PMK 72/2025 Lampiran A,2025-10,2025-12,18
55900,pariwisata,PMK 72/2025 Lampiran A,2025-10,2025-12,19
56101,pariwisata,PMK 72/2025 Lampiran A,2025-10,2025-12,19
56102,pariwisata,PMK 72/2025 Lampiran A,2025-10,2025-12,19
56103,pariwisata,PMK 72/2025 Lampiran A,2025-10,2025-12,19
56104,pariwisata,PMK 72/2025 Lampiran A,2025-10,2025-12,20
56109,pariwisata,PMK 72/2025 Lampiran A,2025-10,2025-12,20
56210,pariwisata,PMK 72/2025 Lampiran A,2025-10,2025-12,20
56290,pariwisata,PMK 72/2025 Lampiran A,2025-10,2025-12,21
56301,pariwisata,PMK 72/2025 Lampiran A,2025-10,2025-12,21
56302,pariwisata,PMK 72/2025 Lampiran A,2025-10,2025-12,21
56303,pariwisata,PMK 72/2025 Lampiran A,2025-10,2025-12,21
56304,pariwisata,PMK 72/2025 Lampiran A,2025-10,2025-12,22
56306,pariwisata,PMK 72/2025 Lampiran A,2025-10,2025-12,22
68112,pariwisata,PMK 72/2025 Lampiran A,2025-10,2025-12,22
68120,pariwisata,PMK 72/2025 Lampiran A,2025-10,2025-12,22
70201,pariwisata,PMK 72/2025 Lampiran A,2025-10,2025-12,23
79111,pariwisata,PMK 72/2025 Lampiran A,2025-10,2025-12,23
79119,pariwisata,PMK 72/2025 Lampiran A,2025-10,2025-12,23
79121,pariwisata,PMK 72/2025 Lampiran A,2025-10,2025-12,24
79129,pariwisata,PMK 72/2025 Lampiran A,2025-10,2025-12,24
79911,pariwisata,PMK 72/2025 Lampiran A,2025-10,2025-12,25
79912,pariwisata,PMK 72/2025 Lampiran A,2025-10,2025-12,25
79921,pariwisata,PMK 72/2025 Lampiran A,2025-10,2025-12,25
79922,pariwisata,PMK 72/2025 Lampiran A,2025-10,2025-12,26
79990,pariwisata,PMK 72/2025 Lampiran A,2025-10,2025-12,26
82301,pariwisata,PMK 72/2025 Lampiran A,2025-10,2025-12,26
82302,pariwisata,PMK 72/2025 Lampiran A,2025-10,2025-12,27
90030,pariwisata,PMK 72/2025 Lampiran A,2025-10,2025-12,27
90040,pariwisata,PMK 72/2025 Lampiran A,2025-10,2025-12,27
91021,pariwisata,PMK 72/2025 Lampiran A,2025-10,2025-12,28
91022,pariwisata,PMK 72/2025 Lampiran A,2025-10,2025-12,27
91024,pariwisata,PMK 72/2025 Lampiran A,2025-10,2025-12,28
91029,pariwisata,PMK 72/2025 Lampiran A,2025-10,2025-12,28
93111,pariwisata,PMK 72/2025 Lampiran A,2025-10,2025-12,28
93112,pariwisata,PMK 72/2025 Lampiran A,2025-10,2025-12,28
93113,pariwisata,PMK 72/2025 Lampiran A,2025-10,2025-12,28
93114,pariwisata,PMK 72/2025 Lampiran A,2025-10,2025-12,29
93115,pariwisata,PMK 72/2025 Lampiran A,2025-10,2025-12,29
93116,pariwisata,PMK 72/2025 Lampiran A,2025-10,2025-12,29
93119,pariwisata,PMK 72/2025 Lampiran A,2025-10,2025-12,29
93191,pariwisata,PMK 72/2025 Lampiran A,2025-10,2025-12,29
93193,pariwisata,PMK 72/2025 Lampiran A,2025-10,2025-12,30
93195,pariwisata,PMK 72/2025 Lampiran A,2025-10,2025-12,30
93211,pariwisata,PMK 72/2025 Lampiran A,2025-10,2025-12,30
93219,pariwisata,PMK 72/2025 Lampiran A,2025-10,2025-12,30
93221,pariwisata,PMK 72/2025 Lampiran A,2025-10,2025-12,30
93222,pariwisata,PMK 72/2025 Lampiran A,2025-10,2025-12,31
93223,pariwisata,PMK 72/2025 Lampiran A,2025-10,2025-12,31
93224,pariwisata,PMK 72/2025 Lampiran A,2025-10,2025-12,31
93229,pariwisata,PMK 72/2025 Lampiran A,2025-10,2025-12,31
93231,pariwisata,PMK 72/2025 Lampiran A,2025-10,2025-12,32
93239,pariwisata,PMK 72/2025 Lampiran A,2025-10,2025-12,32
93241,pariwisata,PMK 72/2025 Lampiran A,2025-10,2025-12,32
93242,pariwisata,PMK 72/2025 Lampiran A,2025-10,2025-12,32
93243,pariwisata,PMK 72/2025 Lampiran A,2025-10,2025-12,33
93244,pariwisata,PMK 72/2025 Lampiran A,2025-10,2025-12,33
93245,pariwisata,PMK 72/2025 Lampiran A,2025-10,2025-12,33
93246,pariwisata,PMK 72/2025 Lampiran A,2025-10,2025-12,33
93249,pariwisata,PMK 72/2025 Lampiran A,2025-10,2025-12,34
93291,pariwisata,PMK 72/2025 Lampiran A,2025-10,2025-12,34
93292,pariwisata,PMK 72/2025 Lampiran A,2025-10,2025-12,34
93293,pariwisata,PMK 72/2025 Lampiran A,2025-10,2025-12,34
93294,pariwisata,PMK 72/2025 Lampiran A,2025-10,2025-12,35
93299,pariwisata,PMK 72/2025 Lampiran A,2025-10,2025-12,35
96121,pariwisata,PMK 72/2025 Lampiran A,2025-10,2025-12,35
96122,pariwisata,PMK 72/2025 Lampiran A,2025-10,2025-12,35
13111,padat_karya,PMK 105/2025 Lampiran A,2026-01,2026-12,9
13112,padat_karya,PMK 105/2025 Lampiran A,2026-01,2026-12,9
13113,padat_karya,PMK 105/2025 Lampiran A,2026-01,2026-12,9
13121,padat_karya,PMK 105/2025 Lampiran A,2026-01,2026-12,9
13122,padat_karya,PMK 105/2025 Lampiran A,2026-01,2026-12,10
13123,padat_karya,PMK 105/2025 Lampiran A,2026-01,2026-12,10
13131,padat_karya,PMK 105/2025 Lampiran A,2026-01,2026-12,10
13132,padat_karya,PMK 105/2025 Lampiran A,2026-01,2026-12,10
13133,padat_karya,PMK 105/2025 Lampiran A,2026-01,2026-12,10
13134,padat_karya,PMK 105/2025 Lampiran A,2026-01,2026-12,10
13911,padat_karya,PMK 105/2025 Lampiran A,2026-01,2026-12,10
13912,padat_karya,PMK 105/2025 Lampiran A,2026-01,2026-12,10
13913,padat_karya,PMK 105/2025 Lampiran A,2026-01,2026-12,10
13921,padat_karya,PMK 105/2025 Lampiran A,2026-01,2026-12,10
13922,padat_karya,PMK 105/2025 Lampiran A,2026-01,2026-12,11
13923,padat_karya,PMK 105/2025 Lampiran A,2026-01,2026-12,11
13924,padat_karya,PMK 105/2025 Lampiran A,2026-01,2026-12,11
13925,padat_karya,PMK 105/2025 Lampiran A,2026-01,2026-12,11
13926,padat_karya,PMK 105/2025 Lampiran A,2026-01,2026-12,11
13929,padat_karya,PMK 105/2025 Lampiran A,2026-01,2026-12,11
13930,padat_karya,PMK 105/2025 Lampiran A,2026-01,2026-12,11
13941,padat_karya,PMK 105/2025 Lampiran A,2026-01,2026-12,12
13942,padat_karya,PMK 105/2025 Lampiran A,2026-01,2026-12,12
13991,padat_karya,PMK 105/2025 Lampiran A,2026-01,2026-12,12
13992,padat_karya,PMK 105/2025 Lampiran A,2026-01,2026-12,12
13993,padat_karya,PMK 105/2025 Lampiran A,2026-01,2026-12,12
13994,padat_karya,PMK 105/2025 Lampiran A,2026-01,2026-12,13
13995,padat_karya,PMK 105/2025 Lampiran A,2026-01,2026-12,13
13996,padat_karya,PMK 105/2025 Lampiran A,2026-01,2026-12,13
13999,padat_karya,PMK 105/2025 Lampiran A,2026-01,2026-12,13
14111,padat_karya,PMK 105/2025 Lampiran A,2026-01,2026-12,13
14112,padat_karya,PMK 105/2025 Lampiran A,2026-01,2026-12,13
14120,padat_karya,PMK 105/2025 Lampiran A,2026-01,2026-12,13
14131,padat_karya,PMK 105/2025 Lampiran A,2026-01,2026-12,14
14132,padat_karya,PMK 105/2025 Lampiran A,2026-01,2026-12,14
14200,padat_karya,PMK 105/2025 Lampiran A,2026-01,2026-12,14
14301,padat_karya,PMK 105/2025 Lampiran A,2026-01,2026-12,14
14302,padat_karya,PMK 105/2025 Lampiran A,2026-01,2026-12,14
14303,padat_karya,PMK 105/2025 Lampiran A,2026-01,2026-12,15
15111,padat_karya,PMK 105/2025 Lampiran A,2026-01,2026-12,15
15112,padat_karya,PMK 105/2025 Lampiran A,2026-01,2026-12,15
15113,padat_karya,PMK 105/2025 Lampiran A,2026-01,2026-12,15
15114,padat_karya,PMK 105/2025 Lampiran A,2026-01,2026-12,15
15121,padat_karya,PMK 105/2025 Lampiran A,2026-01,2026-12,16
15122,padat_karya,PMK 105/2025 Lampiran A,2026-01,2026-12,16
15123,padat_karya,PMK 105/2025 Lampiran A,2026-01,2026-12,16
15129,padat_karya,PMK 105/2025 Lampiran A,2026-01,2026-12,16
15201,padat_karya,PMK 105/2025 Lampiran A,2026-01,2026-12,17
15202,padat_karya,PMK 105/2025 Lampiran A,2026-01,2026-12,17
15203,padat_karya,PMK 105/2025 Lampiran A,2026-01,2026-12,17
15209,padat_karya,PMK 105/2025 Lampiran A,2026-01,2026-12,17
22191,padat_karya,PMK 105/2025 Lampiran A,2026-01,2026-12,12
31001,padat_karya,PMK 105/2025 Lampiran A,2026-01,2026-12,17
31002,padat_karya,PMK 105/2025 Lampiran A,2026-01,2026-12,18
31003,padat_karya,PMK 105/2025 Lampiran A,2026-01,2026-12,18
31004,padat_karya,PMK 105/2025 Lampiran A,2026-01,2026-12,18
31009,padat_karya,PMK 105/2025 Lampiran A,2026-01,2026-12,18
49425,pariwisata,PMK 105/2025 Lampiran A,2026-01,2026-12,18
50113,pariwisata,PMK 105/2025 Lampiran A,2026-01,2026-12,18
50122,pariwisata,PMK 105/2025 Lampiran A,2026-01,2026-12,18
55110,pariwisata,PMK 105/2025 Lampiran A,2026-01,2026-12,19
55120,pariwisata,PMK 105/2025 Lampiran A,2026-01,2026-12,19
55130,pariwisata,PMK 105/2025 Lampiran A,2026-01,2026-12,19
55191,pariwisata,PMK 105/2025 Lampiran A,2026-01,2026-12,19
55192,pariwisata,PMK 105/2025 Lampiran A,2026-01,2026-12,19
55193,pariwisata,PMK 105/2025 Lampiran A,2026-01,2026-12,20
55194,pariwisata,PMK 105/2025 Lampiran A,2026-01,2026-12,20
55199,pariwisata,PMK 105/2025 Lampiran A,2026-01,2026-12,20
55900,pariwisata,PMK 105/2025 Lampiran A,2026-01,2026-12,20
56101,pariwisata,PMK 105/2025 Lampiran A,2026-01,2026-12,21
56102,pariwisata,PMK 105/2025 Lampiran A,2026-01,2026-12,21
56103,pariwisata,PMK 105/2025 Lampiran A,2026-01,2026-12,21
56104,pariwisata,PMK 105/2025 Lampiran A,2026-01,2026-12,21
56109,pariwisata,PMK 105/2025 Lampiran A,2026-01,2026-12,21
56210,pariwisata,PMK 105/2025 Lampiran A,2026-01,2026-12,22
56290,pariwisata,PMK 105/2025 Lampiran A,2026-01,2026-12,22
56301,pariwisata,PMK 105/2025 Lampiran A,2026-01,2026-12,23
56302,pariwisata,PMK 105/2025 Lampiran A,2026-01,2026-12,23
56303,pariwisata,PMK 105/2025 Lampiran A,2026-01,2026-12,23
56304,pariwisata,PMK 105/2025 Lampiran A,2026-01,2026-12,23
56306,pariwisata,PMK 105/2025 Lampiran A,2026-01,2026-12,23
68112,pariwisata,PMK 105/2025 Lampiran A,2026-01,2026-12,24
68120,pariwisata,PMK 105/2025 Lampiran A,2026-01,2026-12,24
70201,pariwisata,PMK 105/2025 Lampiran A,2026-01,2026-12,24
79111,pariwisata,PMK 105/2025 Lampiran A,2026-01,2026-12,25
79119,pariwisata,PMK 105/2025 Lampiran A,2026-01,2026-12,25
79121,pariwisata,PMK 105/2025 Lampiran A,2026-01,2026-12,25
79129,pariwisata,PMK 105/2025 Lampiran A,2026-01,2026-12,26
79911,pariwisata,PMK 105/2025 Lampiran A,2026-01,2026-12,26
79912,pariwisata,PMK 105/2025 Lampiran A,2026-01,2026-12,26
79921,pariwisata,PMK 105/2025 Lampiran A,2026-01,2026-12,27
79922,pariwisata,PMK 105/2025 Lampiran A,2026-01,2026-12,27
79990,pariwisata,PMK 105/2025 Lampiran A,2026-01,2026-12,27
82301,pariwisata,PMK 105/2025 Lampiran A,2026-01,2026-12,28
82302,pariwisata,PMK 105/2025 Lampiran A,2026-01,2026-12,28
90030,pariwisata,PMK 105/2025 Lampiran A,2026-01,2026-12,29
90040,pariwisata,PMK 105/2025 Lampiran A,2026-01,2026-12,29
91021,pariwisata,PMK 105/2025 Lampiran A,2026-01,2026-12,29
91022,pariwisata,PMK 105/2025 Lampiran A,2026-01,2026-12,29
91024,pariwisata,PMK 105/2025 Lampiran A,2026-01,2026-12,29
91029,pariwisata,PMK 105/2025 Lampiran A,2026-01,2026-12,29
93111,pariwisata,PMK 105/2025 Lampiran A,2026-01,2026-12,29
93112,pariwisata,PMK 105/2025 Lampiran A,2026-01,2026-12,30
93113,pariwisata,PMK 105/2025 Lampiran A,2026-01,2026-12,30
93114,pariwisata,PMK 105/2025 Lampiran A,2026-01,2026-12,30
93115,pariwisata,PMK 105/2025 Lampiran A,2026-01,2026-12,30
93116,pariwisata,PMK 105/2025 Lampiran A,2026-01,2026-12,30
93119,pariwisata,PMK 105/2025 Lampiran A,2026-01,2026-12,31
93191,pariwisata,PMK 105/2025 Lampiran A,2026-01,2026-12,31
93193,pariwisata,PMK 105/2025 Lampiran A,2026-01,2026-12,31
93195,pariwisata,PMK 105/2025 Lampiran A,2026-01,2026-12,31
93211,pariwisata,PMK 105/2025 Lampiran A,2026-01,2026-12,31
93219,pariwisata,PMK 105/2025 Lampiran A,2026-01,2026-12,32
93221,pariwisata,PMK 105/2025 Lampiran A,2026-01,2026-12,32
93222,pariwisata,PMK 105/2025 Lampiran A,2026-01,2026-12,32
93223,pariwisata,PMK 105/2025 Lampiran A,2026-01,2026-12,32
93224,pariwisata,PMK 105/2025 Lampiran A,2026-01,2026-12,32
93229,pariwisata,PMK 105/2025 Lampiran A,2026-01,2026-12,33
93231,pariwisata,PMK 105/2025 Lampiran A,2026-01,2026-12,33
93239,pariwisata,PMK 105/2025 Lampiran A,2026-01,2026-12,33
93241,pariwisata,PMK 105/2025 Lampiran A,2026-01,2026-12,33
93242,pariwisata,PMK 105/2025 Lampiran A,2026-01,2026-12,34
93243,pariwisata,PMK 105/2025 Lampiran A,2026-01,2026-12,34
93244,pariwisata,PMK 105/2025 Lampiran A,2026-01,2026-12,34
93245,pariwisata,PMK 105/2025 Lampiran A,2026-01,2026-12,34
93246,pariwisata,PMK 105/2025 Lampiran A,2026-01,2026-12,35
93249,pariwisata,PMK 105/2025 Lampiran A,2026-01,2026-12,35
93291,pariwisata,PMK 105/2025 Lampiran A,2026-01,2026-12,35
93292,pariwisata,PMK 105/2025 Lampiran A,2026-01,2026-12,36
93293,pariwisata,PMK 105/2025 Lampiran A,2026-01,2026-12,36
93294,pariwisata,PMK 105/2025 Lampiran A,2026-01,2026-12,36
93299,pariwisata,PMK 105/2025 Lampiran A,2026-01,2026-12,36
96121,pariwisata,PMK 105/2025 Lampiran A,2026-01,2026-12,36
96122,pariwisata,PMK 105/2025 Lampiran A,2026-01,2026-12,37
96129,pariwisata,PMK 105/2025 Lampiran A,2026-01,2026-12,37
