aturan,nilai,periode,status,sumber,catatan
Pembulatan Penghasilan Kena Pajak (PKP) setahun,dibulatkan ke bawah hingga ribuan rupiah penuh,2024-2026,berlaku,PMK 168/2023 Pasal 8 ayat (4) (PDF hlm. 10); Lampiran huruf B Bagian Pertama I.2 angka 3 (PDF hlm. 29),"Yang dibulatkan adalah PKP (neto - PTKP), BUKAN penghasilan neto."
Pembulatan PKP setahun (metode lama),dibulatkan ke bawah hingga ribuan penuh,2023,berlaku s.d. 31-12-2023,"PER-16/PJ/2016 Pasal 14 ayat (8) (PDF hlm. 14, teks OCR)","Idem: PKP, bukan neto."
Pembulatan PPh 21 bulanan hasil TER x bruto,tidak diatur dalam PP 58/2023 maupun PMK 168/2023,2024-2026,tidak diatur,PP 58/2023; PMK 168/2023 Pasal 15 ayat (1) huruf a (PDF hlm. 15) - hasil pencarian teks,Perlu keputusan implementasi (mis. rupiah penuh) - catat sebagai asumsi di lapisan kebijakan.
Pemotongan Masa Pajak selain terakhir (Pegawai Tetap),TER bulanan (kategori A/B/C menurut status PTKP awal tahun) x penghasilan bruto 1 Masa Pajak,2024-2026,berlaku,PMK 168/2023 Pasal 15 ayat (1) huruf a (PDF hlm. 15); PP 58/2023 Pasal 2 (PDF hlm. 3-5),
Pemotongan Masa Pajak Terakhir (Desember atau bulan terakhir bekerja),PPh 21 setahun (tarif Pasal 17 x PKP setahun) dikurangi PPh 21 yang telah dipotong pada masa-masa sebelumnya,2024-2026,berlaku,PMK 168/2023 Pasal 15 ayat (1) huruf b dan ayat (2) (PDF hlm. 15-16); contoh: PP 58/2023 Penjelasan Pasal 2 ayat (1) (PDF hlm. 8-9),"Contoh resmi PP 58/2023: gaji 10 jt/bln, K/0, iuran pensiun 100 rb/bln -> TER A 2% = 200.000/bln (Jan-Nov); Des: PKP 54.300.000, PPh setahun 2.715.000, PPh Des 515.000."
Bagian tahun pajak (kewajiban subjektif mulai/berakhir di tengah tahun),neto disetahunkan; pajak proporsional terhadap jumlah bulan,2024-2026,berlaku,PMK 168/2023 Pasal 15 ayat (3) (PDF hlm. 16),
Metode lama (disetahunkan) setiap Masa Pajak,PPh teratur = PPh Pasal 17 atas PKP (bruto teratur x 12 - pengurang - PTKP) / 12; PPh tidak teratur = selisih PPh (teratur + tidak teratur) dan PPh teratur; Masa terakhir = PPh setahun - PPh dipotong,2023,berlaku s.d. 31-12-2023,"PER-16/PJ/2016 Pasal 14 ayat (2)-(5) (PDF hlm. 13, teks OCR)",
PTKP ditentukan keadaan awal tahun,status 1 Januari (atau awal bulan bagi pegawai yang baru datang dan menetap di Indonesia),2023-2026,berlaku,PMK 168/2023 Pasal 9 ayat (4)-(5) (PDF hlm. 11); PER-16 Pasal 11 ayat (5)-(6) (PDF hlm. 11); UU PPh Pasal 7 ayat (2) sebagaimana diubah UU HPP (PDF hlm. 48),
PTKP karyawati,kawin: PTKP diri sendiri; tidak kawin: diri + tanggungan; kawin dan suami tidak berpenghasilan (keterangan kecamatan): diri + kawin + tanggungan,2023-2026,berlaku,PMK 168/2023 Pasal 9 ayat (2)-(3) (PDF hlm. 11); PER-16 Pasal 11 ayat (3)-(4) (PDF hlm. 11),
Tarif lebih tinggi 20% bagi penerima tanpa NPWP,120% dari PPh 21 yang seharusnya dipotong,2023,berlaku (PER-16),"UU 36/2008 Pasal 21 ayat (5a) (PDF hlm. 28); PER-16/PJ/2016 Pasal 20 (PDF hlm. 15-16, teks OCR)",
Tarif lebih tinggi 20% bagi penerima tanpa NPWP,tidak diatur lebih lanjut di PMK 168/2023; tidak dikenakan bila NIK valid & terintegrasi (NIK sebagai NPWP),2024-2026,UU masih mengatur; praktis tidak diterapkan bila NIK valid,UU 36/2008 Pasal 21 ayat (5a) (tidak diubah UU HPP - dicek pada teks UU HPP); PMK 168/2023 (tidak ada ketentuan - hasil pencarian teks),Sumber sekunder: PENG-6/PJ.09/2024 (dikutip Ortax/DDTC & akun resmi Kring Pajak). Dokumen primer pengumuman TIDAK diunduh/diverifikasi.
Zakat/sumbangan keagamaan wajib melalui pemberi kerja,pengurang penghasilan neto (dibayar melalui pemberi kerja ke BAZ/LAZ/lembaga keagamaan resmi),2024-2026,berlaku,PMK 168/2023 Pasal 10 ayat (1) huruf c (PDF hlm. 12),Di rezim TER berpengaruh hanya pada perhitungan Masa Pajak Terakhir.
Zakat (rezim lama),tidak termasuk pengurang pemotongan PPh 21 menurut PER-16 Pasal 10 ayat (3); dikurangkan oleh WP di SPT Tahunan,2023,-,"PER-16/PJ/2016 Pasal 10 ayat (3) (PDF hlm. 10, teks OCR); UU 36/2008 Pasal 9 ayat (1) huruf g (PDF hlm. 16)",
Iuran pensiun/JHT/JP dibayar pemberi kerja,bukan penghasilan yang dipotong PPh 21,2024-2026,berlaku,PMK 168/2023 Pasal 7 huruf c (PDF hlm. 10),
"Premi JKK, JKM, JKN dan asuransi kesehatan/kecelakaan/jiwa/dwiguna/beasiswa dibayar pemberi kerja",termasuk penghasilan bruto pegawai,2023-2026,berlaku,"PMK 168/2023 Pasal 5 ayat (3) huruf d-f (PDF hlm. 9); PER-16 Lampiran (PDF hlm. 21, teks OCR)",
"Pegawai Tidak Tetap, bruto harian > Rp2.500.000",DPP = 50% x bruto; tarif Pasal 17,2024-2026,berlaku,"PMK 168/2023 Pasal 12 ayat (2) huruf b & Pasal 16 ayat (2) huruf b (PDF hlm. 13, 16)",
Pegawai Tidak Tetap dibayar bulanan,TER bulanan x bruto,2024-2026,berlaku,"PMK 168/2023 Pasal 12 ayat (2) huruf c & Pasal 16 ayat (2) huruf c (PDF hlm. 13, 16)",
PPh 21 DTP - uang tunai DTP,tidak diperhitungkan sebagai penghasilan yang dikenakan pajak,2025-2026,berlaku,PMK 10/2025 Pasal 5 ayat (2) (PDF hlm. 6); PMK 105/2025 Pasal 5 ayat (2) (PDF hlm. 6),
PPh 21 DTP - kelebihan DTP akhir tahun,tidak dikembalikan ke pegawai; khusus sektor pariwisata 2025: bagian kelebihan yang tidak ditanggung pemerintah dapat dikembalikan,2025-2026,berlaku,"PMK 10/2025 Pasal 5 ayat (5) (PDF hlm. 6); PMK 72/2025 Pasal I angka 5 (Pasal 5 ayat (5a), PDF hlm. 4-5); PMK 105/2025 Pasal 5 ayat (5) (PDF hlm. 6)",
PPh 21 DTP - syarat Pegawai Tetap,NPWP/NIK terintegrasi; bruto tetap & teratur <= Rp10.000.000 pada Masa Pajak Januari (atau bulan pertama bekerja); tidak menerima DTP lain,2025-2026,berlaku,PMK 10/2025 Pasal 4 ayat (2) (PDF hlm. 5); PMK 105/2025 Pasal 4 ayat (2) (PDF hlm. 5),
PPh 21 DTP - syarat Pegawai Tidak Tetap,"rata-rata upah harian <= Rp500.000, atau upah bulanan <= Rp10.000.000",2025-2026,berlaku,PMK 10/2025 Pasal 4 ayat (5) (PDF hlm. 5); PMK 105/2025 Pasal 4 ayat (3) (PDF hlm. 5),
Natura/kenikmatan,"objek PPh dan dipotong PPh 21, kecuali jenis yang dikecualikan",2023-07-01 s.d. sekarang,berlaku,"PP 55/2022; PMK 66/2023 (mulai berlaku 1 Juli 2023, PDF hlm. 19)",Batasan nilai per jenis natura belum diekstrak ke tabel ini.
