status,jumlah_tanggungan,ptkp_diri,ptkp_kawin,ptkp_istri_digabung,ptkp_tanggungan,ptkp_setahun,ptkp_sebulan,derivasi,kategori_ter,catatan,berlaku,sumber
TK/0,0,54000000,0,0,0,54000000,4500000,54.000.000 (diri),A,,2016-01-01 s.d. sekarang (tidak ditemukan perubahan PTKP s.d. 2026-10-01),"PMK 101/PMK.010/2016 Pasal 1 huruf a-d (PDF hlm. 2-3), berlaku Tahun Pajak 2016 (Pasal 3, PDF hlm. 3); dikukuhkan UU HPP Pasal 3 angka 3 (Pasal 7 ayat (1) UU PPh, PDF hlm. 48); kategori TER: PP 58/2023 Pasal 2 ayat (4) (PDF hlm. 4)"
TK/1,1,54000000,0,0,4500000,58500000,4875000,54.000.000 (diri) + 1 x 4.500.000 (tanggungan),A,,2016-01-01 s.d. sekarang (tidak ditemukan perubahan PTKP s.d. 2026-10-01),"PMK 101/PMK.010/2016 Pasal 1 huruf a-d (PDF hlm. 2-3), berlaku Tahun Pajak 2016 (Pasal 3, PDF hlm. 3); dikukuhkan UU HPP Pasal 3 angka 3 (Pasal 7 ayat (1) UU PPh, PDF hlm. 48); kategori TER: PP 58/2023 Pasal 2 ayat (4) (PDF hlm. 4)"
TK/2,2,54000000,0,0,9000000,63000000,5250000,54.000.000 (diri) + 2 x 4.500.000 (tanggungan),B,,2016-01-01 s.d. sekarang (tidak ditemukan perubahan PTKP s.d. 2026-10-01),"PMK 101/PMK.010/2016 Pasal 1 huruf a-d (PDF hlm. 2-3), berlaku Tahun Pajak 2016 (Pasal 3, PDF hlm. 3); dikukuhkan UU HPP Pasal 3 angka 3 (Pasal 7 ayat (1) UU PPh, PDF hlm. 48); kategori TER: PP 58/2023 Pasal 2 ayat (4) (PDF hlm. 4)"
TK/3,3,54000000,0,0,13500000,67500000,5625000,54.000.000 (diri) + 3 x 4.500.000 (tanggungan),B,,2016-01-01 s.d. sekarang (tidak ditemukan perubahan PTKP s.d. 2026-10-01),"PMK 101/PMK.010/2016 Pasal 1 huruf a-d (PDF hlm. 2-3), berlaku Tahun Pajak 2016 (Pasal 3, PDF hlm. 3); dikukuhkan UU HPP Pasal 3 angka 3 (Pasal 7 ayat (1) UU PPh, PDF hlm. 48); kategori TER: PP 58/2023 Pasal 2 ayat (4) (PDF hlm. 4)"
K/0,0,54000000,4500000,0,0,58500000,4875000,54.000.000 (diri) + 4.500.000 (kawin),A,,2016-01-01 s.d. sekarang (tidak ditemukan perubahan PTKP s.d. 2026-10-01),"PMK 101/PMK.010/2016 Pasal 1 huruf a-d (PDF hlm. 2-3), berlaku Tahun Pajak 2016 (Pasal 3, PDF hlm. 3); dikukuhkan UU HPP Pasal 3 angka 3 (Pasal 7 ayat (1) UU PPh, PDF hlm. 48); kategori TER: PP 58/2023 Pasal 2 ayat (4) (PDF hlm. 4)"
K/1,1,54000000,4500000,0,4500000,63000000,5250000,54.000.000 (diri) + 4.500.000 (kawin) + 1 x 4.500.000 (tanggungan),B,,2016-01-01 s.d. sekarang (tidak ditemukan perubahan PTKP s.d. 2026-10-01),"PMK 101/PMK.010/2016 Pasal 1 huruf a-d (PDF hlm. 2-3), berlaku Tahun Pajak 2016 (Pasal 3, PDF hlm. 3); dikukuhkan UU HPP Pasal 3 angka 3 (Pasal 7 ayat (1) UU PPh, PDF hlm. 48); kategori TER: PP 58/2023 Pasal 2 ayat (4) (PDF hlm. 4)"
K/2,2,54000000,4500000,0,9000000,67500000,5625000,54.000.000 (diri) + 4.500.000 (kawin) + 2 x 4.500.000 (tanggungan),B,,2016-01-01 s.d. sekarang (tidak ditemukan perubahan PTKP s.d. 2026-10-01),"PMK 101/PMK.010/2016 Pasal 1 huruf a-d (PDF hlm. 2-3), berlaku Tahun Pajak 2016 (Pasal 3, PDF hlm. 3); dikukuhkan UU HPP Pasal 3 angka 3 (Pasal 7 ayat (1) UU PPh, PDF hlm. 48); kategori TER: PP 58/2023 Pasal 2 ayat (4) (PDF hlm. 4)"
K/3,3,54000000,4500000,0,13500000,72000000,6000000,54.000.000 (diri) + 4.500.000 (kawin) + 3 x 4.500.000 (tanggungan),C,,2016-01-01 s.d. sekarang (tidak ditemukan perubahan PTKP s.d. 2026-10-01),"PMK 101/PMK.010/2016 Pasal 1 huruf a-d (PDF hlm. 2-3), berlaku Tahun Pajak 2016 (Pasal 3, PDF hlm. 3); dikukuhkan UU HPP Pasal 3 angka 3 (Pasal 7 ayat (1) UU PPh, PDF hlm. 48); kategori TER: PP 58/2023 Pasal 2 ayat (4) (PDF hlm. 4)"
K/I/0,0,54000000,4500000,54000000,0,112500000,9375000,"54.000.000 (diri) + 4.500.000 (kawin) + 54.000.000 (istri, penghasilan digabung)",tidak dipetakan (lihat catatan),"Status SPT Tahunan suami-istri (penghasilan istri digabung, UU PPh Pasal 8 ayat (1)); tidak dipakai pemotong PPh 21. PP 58/2023 Pasal 2 ayat (4) tidak memetakan K/I ke kategori TER; karyawati kawin dipotong dengan PTKP dirinya sendiri (PMK 168/2023 Pasal 9 ayat (2)-(3)).",2016-01-01 s.d. sekarang (tidak ditemukan perubahan PTKP s.d. 2026-10-01),"PMK 101/PMK.010/2016 Pasal 1 huruf a-d (PDF hlm. 2-3), berlaku Tahun Pajak 2016 (Pasal 3, PDF hlm. 3); dikukuhkan UU HPP Pasal 3 angka 3 (Pasal 7 ayat (1) UU PPh, PDF hlm. 48)"
K/I/1,1,54000000,4500000,54000000,4500000,117000000,9750000,"54.000.000 (diri) + 4.500.000 (kawin) + 54.000.000 (istri, penghasilan digabung) + 1 x 4.500.000 (tanggungan)",tidak dipetakan (lihat catatan),"Status SPT Tahunan suami-istri (penghasilan istri digabung, UU PPh Pasal 8 ayat (1)); tidak dipakai pemotong PPh 21. PP 58/2023 Pasal 2 ayat (4) tidak memetakan K/I ke kategori TER; karyawati kawin dipotong dengan PTKP dirinya sendiri (PMK 168/2023 Pasal 9 ayat (2)-(3)).",2016-01-01 s.d. sekarang (tidak ditemukan perubahan PTKP s.d. 2026-10-01),"PMK 101/PMK.010/2016 Pasal 1 huruf a-d (PDF hlm. 2-3), berlaku Tahun Pajak 2016 (Pasal 3, PDF hlm. 3); dikukuhkan UU HPP Pasal 3 angka 3 (Pasal 7 ayat (1) UU PPh, PDF hlm. 48)"
K/I/2,2,54000000,4500000,54000000,9000000,121500000,10125000,"54.000.000 (diri) + 4.500.000 (kawin) + 54.000.000 (istri, penghasilan digabung) + 2 x 4.500.000 (tanggungan)",tidak dipetakan (lihat catatan),"Status SPT Tahunan suami-istri (penghasilan istri digabung, UU PPh Pasal 8 ayat (1)); tidak dipakai pemotong PPh 21. PP 58/2023 Pasal 2 ayat (4) tidak memetakan K/I ke kategori TER; karyawati kawin dipotong dengan PTKP dirinya sendiri (PMK 168/2023 Pasal 9 ayat (2)-(3)).",2016-01-01 s.d. sekarang (tidak ditemukan perubahan PTKP s.d. 2026-10-01),"PMK 101/PMK.010/2016 Pasal 1 huruf a-d (PDF hlm. 2-3), berlaku Tahun Pajak 2016 (Pasal 3, PDF hlm. 3); dikukuhkan UU HPP Pasal 3 angka 3 (Pasal 7 ayat (1) UU PPh, PDF hlm. 48)"
K/I/3,3,54000000,4500000,54000000,13500000,126000000,10500000,"54.000.000 (diri) + 4.500.000 (kawin) + 54.000.000 (istri, penghasilan digabung) + 3 x 4.500.000 (tanggungan)",tidak dipetakan (lihat catatan),"Status SPT Tahunan suami-istri (penghasilan istri digabung, UU PPh Pasal 8 ayat (1)); tidak dipakai pemotong PPh 21. PP 58/2023 Pasal 2 ayat (4) tidak memetakan K/I ke kategori TER; karyawati kawin dipotong dengan PTKP dirinya sendiri (PMK 168/2023 Pasal 9 ayat (2)-(3)).",2016-01-01 s.d. sekarang (tidak ditemukan perubahan PTKP s.d. 2026-10-01),"PMK 101/PMK.010/2016 Pasal 1 huruf a-d (PDF hlm. 2-3), berlaku Tahun Pajak 2016 (Pasal 3, PDF hlm. 3); dikukuhkan UU HPP Pasal 3 angka 3 (Pasal 7 ayat (1) UU PPh, PDF hlm. 48)"
