rezim,lapisan,pkp_batas_bawah,pkp_batas_atas,tarif_persen,berlaku_mulai,berlaku_sampai,dipakai_untuk,sumber
UU HPP,1,0,60000000,5,2022-01-01,,Tahun pajak 2023-2026 (perhitungan setahun / Masa Pajak Terakhir; seluruh masa pada metode lama 2023),UU 7/2021 (HPP) Pasal 3 angka 7 yang mengubah Pasal 17 ayat (1) huruf a UU PPh (PDF hlm. 56); berlaku Tahun Pajak 2022 per Pasal 17 ayat (1) UU HPP (PDF hlm. 103)
UU HPP,2,60000000,250000000,15,2022-01-01,,Tahun pajak 2023-2026 (perhitungan setahun / Masa Pajak Terakhir; seluruh masa pada metode lama 2023),UU 7/2021 (HPP) Pasal 3 angka 7 yang mengubah Pasal 17 ayat (1) huruf a UU PPh (PDF hlm. 56); berlaku Tahun Pajak 2022 per Pasal 17 ayat (1) UU HPP (PDF hlm. 103)
UU HPP,3,250000000,500000000,25,2022-01-01,,Tahun pajak 2023-2026 (perhitungan setahun / Masa Pajak Terakhir; seluruh masa pada metode lama 2023),UU 7/2021 (HPP) Pasal 3 angka 7 yang mengubah Pasal 17 ayat (1) huruf a UU PPh (PDF hlm. 56); berlaku Tahun Pajak 2022 per Pasal 17 ayat (1) UU HPP (PDF hlm. 103)
UU HPP,4,500000000,5000000000,30,2022-01-01,,Tahun pajak 2023-2026 (perhitungan setahun / Masa Pajak Terakhir; seluruh masa pada metode lama 2023),UU 7/2021 (HPP) Pasal 3 angka 7 yang mengubah Pasal 17 ayat (1) huruf a UU PPh (PDF hlm. 56); berlaku Tahun Pajak 2022 per Pasal 17 ayat (1) UU HPP (PDF hlm. 103)
UU HPP,5,5000000000,,35,2022-01-01,,Tahun pajak 2023-2026 (perhitungan setahun / Masa Pajak Terakhir; seluruh masa pada metode lama 2023),UU 7/2021 (HPP) Pasal 3 angka 7 yang mengubah Pasal 17 ayat (1) huruf a UU PPh (PDF hlm. 56); berlaku Tahun Pajak 2022 per Pasal 17 ayat (1) UU HPP (PDF hlm. 103)
UU 36/2008 (pra-HPP),1,0,50000000,5,2009-01-01,2021-12-31,Referensi historis saja (tidak dipakai 2023-2026),UU 36/2008 Pasal 17 ayat (1) huruf a (PDF hlm. 22-23); berlaku 1 Jan 2009 s.d. Tahun Pajak 2021
UU 36/2008 (pra-HPP),2,50000000,250000000,15,2009-01-01,2021-12-31,Referensi historis saja (tidak dipakai 2023-2026),UU 36/2008 Pasal 17 ayat (1) huruf a (PDF hlm. 22-23); berlaku 1 Jan 2009 s.d. Tahun Pajak 2021
UU 36/2008 (pra-HPP),3,250000000,500000000,25,2009-01-01,2021-12-31,Referensi historis saja (tidak dipakai 2023-2026),UU 36/2008 Pasal 17 ayat (1) huruf a (PDF hlm. 22-23); berlaku 1 Jan 2009 s.d. Tahun Pajak 2021
UU 36/2008 (pra-HPP),4,500000000,,30,2009-01-01,2021-12-31,Referensi historis saja (tidak dipakai 2023-2026),UU 36/2008 Pasal 17 ayat (1) huruf a (PDF hlm. 22-23); berlaku 1 Jan 2009 s.d. Tahun Pajak 2021
