kategori,urutan,batas_bawah,batas_atas,tarif_persen,tarif_desimal,status_ptkp,berlaku_mulai,sumber
A,1,0,5400000,0.0,0.0,TK/0; TK/1; K/0,2024-01-01,"PP 58/2023 Lampiran huruf A (Tarif Efektif Bulanan Kategori A), hlm. lampiran -1- (PDF hlm. 11); kategori: Pasal 2 ayat (4) huruf a (PDF hlm. 4)"
A,2,5400000,5650000,0.25,0.0025,TK/0; TK/1; K/0,2024-01-01,"PP 58/2023 Lampiran huruf A (Tarif Efektif Bulanan Kategori A), hlm. lampiran -1- (PDF hlm. 11); kategori: Pasal 2 ayat (4) huruf a (PDF hlm. 4)"
A,3,5650000,5950000,0.5,0.005,TK/0; TK/1; K/0,2024-01-01,"PP 58/2023 Lampiran huruf A (Tarif Efektif Bulanan Kategori A), hlm. lampiran -1- (PDF hlm. 11); kategori: Pasal 2 ayat (4) huruf a (PDF hlm. 4)"
A,4,5950000,6300000,0.75,0.0075,TK/0; TK/1; K/0,2024-01-01,"PP 58/2023 Lampiran huruf A (Tarif Efektif Bulanan Kategori A), hlm. lampiran -1- (PDF hlm. 11); kategori: Pasal 2 ayat (4) huruf a (PDF hlm. 4)"
A,5,6300000,6750000,1.0,0.01,TK/0; TK/1; K/0,2024-01-01,"PP 58/2023 Lampiran huruf A (Tarif Efektif Bulanan Kategori A), hlm. lampiran -1- (PDF hlm. 11); kategori: Pasal 2 ayat (4) huruf a (PDF hlm. 4)"
A,6,6750000,7500000,1.25,0.0125,TK/0; TK/1; K/0,2024-01-01,"PP 58/2023 Lampiran huruf A (Tarif Efektif Bulanan Kategori A), hlm. lampiran -1- (PDF hlm. 11); kategori: Pasal 2 ayat (4) huruf a (PDF hlm. 4)"
A,7,7500000,8550000,1.5,0.015,TK/0; TK/1; K/0,2024-01-01,"PP 58/2023 Lampiran huruf A (Tarif Efektif Bulanan Kategori A), hlm. lampiran -2- (PDF hlm. 12); kategori: Pasal 2 ayat (4) huruf a (PDF hlm. 4)"
A,8,8550000,9650000,1.75,0.0175,TK/0; TK/1; K/0,2024-01-01,"PP 58/2023 Lampiran huruf A (Tarif Efektif Bulanan Kategori A), hlm. lampiran -2- (PDF hlm. 12); kategori: Pasal 2 ayat (4) huruf a (PDF hlm. 4)"
A,9,9650000,10050000,2.0,0.02,TK/0; TK/1; K/0,2024-01-01,"PP 58/2023 Lampiran huruf A (Tarif Efektif Bulanan Kategori A), hlm. lampiran -2- (PDF hlm. 12); kategori: Pasal 2 ayat (4) huruf a (PDF hlm. 4)"
A,10,10050000,10350000,2.25,0.0225,TK/0; TK/1; K/0,2024-01-01,"PP 58/2023 Lampiran huruf A (Tarif Efektif Bulanan Kategori A), hlm. lampiran -2- (PDF hlm. 12); kategori: Pasal 2 ayat (4) huruf a (PDF hlm. 4)"
A,11,10350000,10700000,2.5,0.025,TK/0; TK/1; K/0,2024-01-01,"PP 58/2023 Lampiran huruf A (Tarif Efektif Bulanan Kategori A), hlm. lampiran -2- (PDF hlm. 12); kategori: Pasal 2 ayat (4) huruf a (PDF hlm. 4)"
A,12,10700000,11050000,3.0,0.03,TK/0; TK/1; K/0,2024-01-01,"PP 58/2023 Lampiran huruf A (Tarif Efektif Bulanan Kategori A), hlm. lampiran -2- (PDF hlm. 12); kategori: Pasal 2 ayat (4) huruf a (PDF hlm. 4)"
A,13,11050000,11600000,3.5,0.035,TK/0; TK/1; K/0,2024-01-01,"PP 58/2023 Lampiran huruf A (Tarif Efektif Bulanan Kategori A), hlm. lampiran -2- (PDF hlm. 12); kategori: Pasal 2 ayat (4) huruf a (PDF hlm. 4)"
A,14,11600000,12500000,4.0,0.04,TK/0; TK/1; K/0,2024-01-01,"PP 58/2023 Lampiran huruf A (Tarif Efektif Bulanan Kategori A), hlm. lampiran -2- (PDF hlm. 12); kategori: Pasal 2 ayat (4) huruf a (PDF hlm. 4)"
A,15,12500000,13750000,5.0,0.05,TK/0; TK/1; K/0,2024-01-01,"PP 58/2023 Lampiran huruf A (Tarif Efektif Bulanan Kategori A), hlm. lampiran -2- (PDF hlm. 12); kategori: Pasal 2 ayat (4) huruf a (PDF hlm. 4)"
A,16,13750000,15100000,6.0,0.06,TK/0; TK/1; K/0,2024-01-01,"PP 58/2023 Lampiran huruf A (Tarif Efektif Bulanan Kategori A), hlm. lampiran -2- (PDF hlm. 12); kategori: Pasal 2 ayat (4) huruf a (PDF hlm. 4)"
A,17,15100000,16950000,7.0,0.07,TK/0; TK/1; K/0,2024-01-01,"PP 58/2023 Lampiran huruf A (Tarif Efektif Bulanan Kategori A), hlm. lampiran -3- (PDF hlm. 13); kategori: Pasal 2 ayat (4) huruf a (PDF hlm. 4)"
A,18,16950000,19750000,8.0,0.08,TK/0; TK/1; K/0,2024-01-01,"PP 58/2023 Lampiran huruf A (Tarif Efektif Bulanan Kategori A), hlm. lampiran -3- (PDF hlm. 13); kategori: Pasal 2 ayat (4) huruf a (PDF hlm. 4)"
A,19,19750000,24150000,9.0,0.09,TK/0; TK/1; K/0,2024-01-01,"PP 58/2023 Lampiran huruf A (Tarif Efektif Bulanan Kategori A), hlm. lampiran -3- (PDF hlm. 13); kategori: Pasal 2 ayat (4) huruf a (PDF hlm. 4)"
A,20,24150000,26450000,10.0,0.1,TK/0; TK/1; K/0,2024-01-01,"PP 58/2023 Lampiran huruf A (Tarif Efektif Bulanan Kategori A), hlm. lampiran -3- (PDF hlm. 13); kategori: Pasal 2 ayat (4) huruf a (PDF hlm. 4)"
A,21,26450000,28000000,11.0,0.11,TK/0; TK/1; K/0,2024-01-01,"PP 58/2023 Lampiran huruf A (Tarif Efektif Bulanan Kategori A), hlm. lampiran -3- (PDF hlm. 13); kategori: Pasal 2 ayat (4) huruf a (PDF hlm. 4)"
A,22,28000000,30050000,12.0,0.12,TK/0; TK/1; K/0,2024-01-01,"PP 58/2023 Lampiran huruf A (Tarif Efektif Bulanan Kategori A), hlm. lampiran -3- (PDF hlm. 13); kategori: Pasal 2 ayat (4) huruf a (PDF hlm. 4)"
A,23,30050000,32400000,13.0,0.13,TK/0; TK/1; K/0,2024-01-01,"PP 58/2023 Lampiran huruf A (Tarif Efektif Bulanan Kategori A), hlm. lampiran -3- (PDF hlm. 13); kategori: Pasal 2 ayat (4) huruf a (PDF hlm. 4)"
A,24,32400000,35400000,14.0,0.14,TK/0; TK/1; K/0,2024-01-01,"PP 58/2023 Lampiran huruf A (Tarif Efektif Bulanan Kategori A), hlm. lampiran -3- (PDF hlm. 13); kategori: Pasal 2 ayat (4) huruf a (PDF hlm. 4)"
A,25,35400000,39100000,15.0,0.15,TK/0; TK/1; K/0,2024-01-01,"PP 58/2023 Lampiran huruf A (Tarif Efektif Bulanan Kategori A), hlm. lampiran -3- (PDF hlm. 13); kategori: Pasal 2 ayat (4) huruf a (PDF hlm. 4)"
A,26,39100000,43850000,16.0,0.16,TK/0; TK/1; K/0,2024-01-01,"PP 58/2023 Lampiran huruf A (Tarif Efektif Bulanan Kategori A), hlm. lampiran -4- (PDF hlm. 14); kategori: Pasal 2 ayat (4) huruf a (PDF hlm. 4)"
A,27,43850000,47800000,17.0,0.17,TK/0; TK/1; K/0,2024-01-01,"PP 58/2023 Lampiran huruf A (Tarif Efektif Bulanan Kategori A), hlm. lampiran -4- (PDF hlm. 14); kategori: Pasal 2 ayat (4) huruf a (PDF hlm. 4)"
A,28,47800000,51400000,18.0,0.18,TK/0; TK/1; K/0,2024-01-01,"PP 58/2023 Lampiran huruf A (Tarif Efektif Bulanan Kategori A), hlm. lampiran -4- (PDF hlm. 14); kategori: Pasal 2 ayat (4) huruf a (PDF hlm. 4)"
A,29,51400000,56300000,19.0,0.19,TK/0; TK/1; K/0,2024-01-01,"PP 58/2023 Lampiran huruf A (Tarif Efektif Bulanan Kategori A), hlm. lampiran -4- (PDF hlm. 14); kategori: Pasal 2 ayat (4) huruf a (PDF hlm. 4)"
A,30,56300000,62200000,20.0,0.2,TK/0; TK/1; K/0,2024-01-01,"PP 58/2023 Lampiran huruf A (Tarif Efektif Bulanan Kategori A), hlm. lampiran -4- (PDF hlm. 14); kategori: Pasal 2 ayat (4) huruf a (PDF hlm. 4)"
A,31,62200000,68600000,21.0,0.21,TK/0; TK/1; K/0,2024-01-01,"PP 58/2023 Lampiran huruf A (Tarif Efektif Bulanan Kategori A), hlm. lampiran -4- (PDF hlm. 14); kategori: Pasal 2 ayat (4) huruf a (PDF hlm. 4)"
A,32,68600000,77500000,22.0,0.22,TK/0; TK/1; K/0,2024-01-01,"PP 58/2023 Lampiran huruf A (Tarif Efektif Bulanan Kategori A), hlm. lampiran -4- (PDF hlm. 14); kategori: Pasal 2 ayat (4) huruf a (PDF hlm. 4)"
A,33,77500000,89000000,23.0,0.23,TK/0; TK/1; K/0,2024-01-01,"PP 58/2023 Lampiran huruf A (Tarif Efektif Bulanan Kategori A), hlm. lampiran -4- (PDF hlm. 14); kategori: Pasal 2 ayat (4) huruf a (PDF hlm. 4)"
A,34,89000000,103000000,24.0,0.24,TK/0; TK/1; K/0,2024-01-01,"PP 58/2023 Lampiran huruf A (Tarif Efektif Bulanan Kategori A), hlm. lampiran -4- (PDF hlm. 14); kategori: Pasal 2 ayat (4) huruf a (PDF hlm. 4)"
A,35,103000000,125000000,25.0,0.25,TK/0; TK/1; K/0,2024-01-01,"PP 58/2023 Lampiran huruf A (Tarif Efektif Bulanan Kategori A), hlm. lampiran -5- (PDF hlm. 15); kategori: Pasal 2 ayat (4) huruf a (PDF hlm. 4)"
A,36,125000000,157000000,26.0,0.26,TK/0; TK/1; K/0,2024-01-01,"PP 58/2023 Lampiran huruf A (Tarif Efektif Bulanan Kategori A), hlm. lampiran -5- (PDF hlm. 15); kategori: Pasal 2 ayat (4) huruf a (PDF hlm. 4)"
A,37,157000000,206000000,27.0,0.27,TK/0; TK/1; K/0,2024-01-01,"PP 58/2023 Lampiran huruf A (Tarif Efektif Bulanan Kategori A), hlm. lampiran -5- (PDF hlm. 15); kategori: Pasal 2 ayat (4) huruf a (PDF hlm. 4)"
A,38,206000000,337000000,28.0,0.28,TK/0; TK/1; K/0,2024-01-01,"PP 58/2023 Lampiran huruf A (Tarif Efektif Bulanan Kategori A), hlm. lampiran -5- (PDF hlm. 15); kategori: Pasal 2 ayat (4) huruf a (PDF hlm. 4)"
A,39,337000000,454000000,29.0,0.29,TK/0; TK/1; K/0,2024-01-01,"PP 58/2023 Lampiran huruf A (Tarif Efektif Bulanan Kategori A), hlm. lampiran -5- (PDF hlm. 15); kategori: Pasal 2 ayat (4) huruf a (PDF hlm. 4)"
A,40,454000000,550000000,30.0,0.3,TK/0; TK/1; K/0,2024-01-01,"PP 58/2023 Lampiran huruf A (Tarif Efektif Bulanan Kategori A), hlm. lampiran -5- (PDF hlm. 15); kategori: Pasal 2 ayat (4) huruf a (PDF hlm. 4)"
A,41,550000000,695000000,31.0,0.31,TK/0; TK/1; K/0,2024-01-01,"PP 58/2023 Lampiran huruf A (Tarif Efektif Bulanan Kategori A), hlm. lampiran -5- (PDF hlm. 15); kategori: Pasal 2 ayat (4) huruf a (PDF hlm. 4)"
A,42,695000000,910000000,32.0,0.32,TK/0; TK/1; K/0,2024-01-01,"PP 58/2023 Lampiran huruf A (Tarif Efektif Bulanan Kategori A), hlm. lampiran -5- (PDF hlm. 15); kategori: Pasal 2 ayat (4) huruf a (PDF hlm. 4)"
A,43,910000000,1400000000,33.0,0.33,TK/0; TK/1; K/0,2024-01-01,"PP 58/2023 Lampiran huruf A (Tarif Efektif Bulanan Kategori A), hlm. lampiran -5- (PDF hlm. 15); kategori: Pasal 2 ayat (4) huruf a (PDF hlm. 4)"
A,44,1400000000,,34.0,0.34,TK/0; TK/1; K/0,2024-01-01,"PP 58/2023 Lampiran huruf A (Tarif Efektif Bulanan Kategori A), hlm. lampiran -5- (PDF hlm. 15); kategori: Pasal 2 ayat (4) huruf a (PDF hlm. 4)"
B,1,0,6200000,0.0,0.0,TK/2; TK/3; K/1; K/2,2024-01-01,"PP 58/2023 Lampiran huruf B (Tarif Efektif Bulanan Kategori B), hlm. lampiran -6- (PDF hlm. 16); kategori: Pasal 2 ayat (4) huruf b (PDF hlm. 4)"
B,2,6200000,6500000,0.25,0.0025,TK/2; TK/3; K/1; K/2,2024-01-01,"PP 58/2023 Lampiran huruf B (Tarif Efektif Bulanan Kategori B), hlm. lampiran -6- (PDF hlm. 16); kategori: Pasal 2 ayat (4) huruf b (PDF hlm. 4)"
B,3,6500000,6850000,0.5,0.005,TK/2; TK/3; K/1; K/2,2024-01-01,"PP 58/2023 Lampiran huruf B (Tarif Efektif Bulanan Kategori B), hlm. lampiran -6- (PDF hlm. 16); kategori: Pasal 2 ayat (4) huruf b (PDF hlm. 4)"
B,4,6850000,7300000,0.75,0.0075,TK/2; TK/3; K/1; K/2,2024-01-01,"PP 58/2023 Lampiran huruf B (Tarif Efektif Bulanan Kategori B), hlm. lampiran -6- (PDF hlm. 16); kategori: Pasal 2 ayat (4) huruf b (PDF hlm. 4)"
B,5,7300000,9200000,1.0,0.01,TK/2; TK/3; K/1; K/2,2024-01-01,"PP 58/2023 Lampiran huruf B (Tarif Efektif Bulanan Kategori B), hlm. lampiran -6- (PDF hlm. 16); kategori: Pasal 2 ayat (4) huruf b (PDF hlm. 4)"
B,6,9200000,10750000,1.5,0.015,TK/2; TK/3; K/1; K/2,2024-01-01,"PP 58/2023 Lampiran huruf B (Tarif Efektif Bulanan Kategori B), hlm. lampiran -6- (PDF hlm. 16); kategori: Pasal 2 ayat (4) huruf b (PDF hlm. 4)"
B,7,10750000,11250000,2.0,0.02,TK/2; TK/3; K/1; K/2,2024-01-01,"PP 58/2023 Lampiran huruf B (Tarif Efektif Bulanan Kategori B), hlm. lampiran -6- (PDF hlm. 16); kategori: Pasal 2 ayat (4) huruf b (PDF hlm. 4)"
B,8,11250000,11600000,2.5,0.025,TK/2; TK/3; K/1; K/2,2024-01-01,"PP 58/2023 Lampiran huruf B (Tarif Efektif Bulanan Kategori B), hlm. lampiran -6- (PDF hlm. 16); kategori: Pasal 2 ayat (4) huruf b (PDF hlm. 4)"
B,9,11600000,12600000,3.0,0.03,TK/2; TK/3; K/1; K/2,2024-01-01,"PP 58/2023 Lampiran huruf B (Tarif Efektif Bulanan Kategori B), hlm. lampiran -6- (PDF hlm. 16); kategori: Pasal 2 ayat (4) huruf b (PDF hlm. 4)"
B,10,12600000,13600000,4.0,0.04,TK/2; TK/3; K/1; K/2,2024-01-01,"PP 58/2023 Lampiran huruf B (Tarif Efektif Bulanan Kategori B), hlm. lampiran -7- (PDF hlm. 17); kategori: Pasal 2 ayat (4) huruf b (PDF hlm. 4)"
B,11,13600000,14950000,5.0,0.05,TK/2; TK/3; K/1; K/2,2024-01-01,"PP 58/2023 Lampiran huruf B (Tarif Efektif Bulanan Kategori B), hlm. lampiran -7- (PDF hlm. 17); kategori: Pasal 2 ayat (4) huruf b (PDF hlm. 4)"
B,12,14950000,16400000,6.0,0.06,TK/2; TK/3; K/1; K/2,2024-01-01,"PP 58/2023 Lampiran huruf B (Tarif Efektif Bulanan Kategori B), hlm. lampiran -7- (PDF hlm. 17); kategori: Pasal 2 ayat (4) huruf b (PDF hlm. 4)"
B,13,16400000,18450000,7.0,0.07,TK/2; TK/3; K/1; K/2,2024-01-01,"PP 58/2023 Lampiran huruf B (Tarif Efektif Bulanan Kategori B), hlm. lampiran -7- (PDF hlm. 17); kategori: Pasal 2 ayat (4) huruf b (PDF hlm. 4)"
B,14,18450000,21850000,8.0,0.08,TK/2; TK/3; K/1; K/2,2024-01-01,"PP 58/2023 Lampiran huruf B (Tarif Efektif Bulanan Kategori B), hlm. lampiran -7- (PDF hlm. 17); kategori: Pasal 2 ayat (4) huruf b (PDF hlm. 4)"
B,15,21850000,26000000,9.0,0.09,TK/2; TK/3; K/1; K/2,2024-01-01,"PP 58/2023 Lampiran huruf B (Tarif Efektif Bulanan Kategori B), hlm. lampiran -7- (PDF hlm. 17); kategori: Pasal 2 ayat (4) huruf b (PDF hlm. 4)"
B,16,26000000,27700000,10.0,0.1,TK/2; TK/3; K/1; K/2,2024-01-01,"PP 58/2023 Lampiran huruf B (Tarif Efektif Bulanan Kategori B), hlm. lampiran -7- (PDF hlm. 17); kategori: Pasal 2 ayat (4) huruf b (PDF hlm. 4)"
B,17,27700000,29350000,11.0,0.11,TK/2; TK/3; K/1; K/2,2024-01-01,"PP 58/2023 Lampiran huruf B (Tarif Efektif Bulanan Kategori B), hlm. lampiran -7- (PDF hlm. 17); kategori: Pasal 2 ayat (4) huruf b (PDF hlm. 4)"
B,18,29350000,31450000,12.0,0.12,TK/2; TK/3; K/1; K/2,2024-01-01,"PP 58/2023 Lampiran huruf B (Tarif Efektif Bulanan Kategori B), hlm. lampiran -7- (PDF hlm. 17); kategori: Pasal 2 ayat (4) huruf b (PDF hlm. 4)"
B,19,31450000,33950000,13.0,0.13,TK/2; TK/3; K/1; K/2,2024-01-01,"PP 58/2023 Lampiran huruf B (Tarif Efektif Bulanan Kategori B), hlm. lampiran -8- (PDF hlm. 18); kategori: Pasal 2 ayat (4) huruf b (PDF hlm. 4)"
B,20,33950000,37100000,14.0,0.14,TK/2; TK/3; K/1; K/2,2024-01-01,"PP 58/2023 Lampiran huruf B (Tarif Efektif Bulanan Kategori B), hlm. lampiran -8- (PDF hlm. 18); kategori: Pasal 2 ayat (4) huruf b (PDF hlm. 4)"
B,21,37100000,41100000,15.0,0.15,TK/2; TK/3; K/1; K/2,2024-01-01,"PP 58/2023 Lampiran huruf B (Tarif Efektif Bulanan Kategori B), hlm. lampiran -8- (PDF hlm. 18); kategori: Pasal 2 ayat (4) huruf b (PDF hlm. 4)"
B,22,41100000,45800000,16.0,0.16,TK/2; TK/3; K/1; K/2,2024-01-01,"PP 58/2023 Lampiran huruf B (Tarif Efektif Bulanan Kategori B), hlm. lampiran -8- (PDF hlm. 18); kategori: Pasal 2 ayat (4) huruf b (PDF hlm. 4)"
B,23,45800000,49500000,17.0,0.17,TK/2; TK/3; K/1; K/2,2024-01-01,"PP 58/2023 Lampiran huruf B (Tarif Efektif Bulanan Kategori B), hlm. lampiran -8- (PDF hlm. 18); kategori: Pasal 2 ayat (4) huruf b (PDF hlm. 4)"
B,24,49500000,53800000,18.0,0.18,TK/2; TK/3; K/1; K/2,2024-01-01,"PP 58/2023 Lampiran huruf B (Tarif Efektif Bulanan Kategori B), hlm. lampiran -8- (PDF hlm. 18); kategori: Pasal 2 ayat (4) huruf b (PDF hlm. 4)"
B,25,53800000,58500000,19.0,0.19,TK/2; TK/3; K/1; K/2,2024-01-01,"PP 58/2023 Lampiran huruf B (Tarif Efektif Bulanan Kategori B), hlm. lampiran -8- (PDF hlm. 18); kategori: Pasal 2 ayat (4) huruf b (PDF hlm. 4)"
B,26,58500000,64000000,20.0,0.2,TK/2; TK/3; K/1; K/2,2024-01-01,"PP 58/2023 Lampiran huruf B (Tarif Efektif Bulanan Kategori B), hlm. lampiran -8- (PDF hlm. 18); kategori: Pasal 2 ayat (4) huruf b (PDF hlm. 4)"
B,27,64000000,71000000,21.0,0.21,TK/2; TK/3; K/1; K/2,2024-01-01,"PP 58/2023 Lampiran huruf B (Tarif Efektif Bulanan Kategori B), hlm. lampiran -8- (PDF hlm. 18); kategori: Pasal 2 ayat (4) huruf b (PDF hlm. 4)"
B,28,71000000,80000000,22.0,0.22,TK/2; TK/3; K/1; K/2,2024-01-01,"PP 58/2023 Lampiran huruf B (Tarif Efektif Bulanan Kategori B), hlm. lampiran -9- (PDF hlm. 19); kategori: Pasal 2 ayat (4) huruf b (PDF hlm. 4)"
B,29,80000000,93000000,23.0,0.23,TK/2; TK/3; K/1; K/2,2024-01-01,"PP 58/2023 Lampiran huruf B (Tarif Efektif Bulanan Kategori B), hlm. lampiran -9- (PDF hlm. 19); kategori: Pasal 2 ayat (4) huruf b (PDF hlm. 4)"
B,30,93000000,109000000,24.0,0.24,TK/2; TK/3; K/1; K/2,2024-01-01,"PP 58/2023 Lampiran huruf B (Tarif Efektif Bulanan Kategori B), hlm. lampiran -9- (PDF hlm. 19); kategori: Pasal 2 ayat (4) huruf b (PDF hlm. 4)"
B,31,109000000,129000000,25.0,0.25,TK/2; TK/3; K/1; K/2,2024-01-01,"PP 58/2023 Lampiran huruf B (Tarif Efektif Bulanan Kategori B), hlm. lampiran -9- (PDF hlm. 19); kategori: Pasal 2 ayat (4) huruf b (PDF hlm. 4)"
B,32,129000000,163000000,26.0,0.26,TK/2; TK/3; K/1; K/2,2024-01-01,"PP 58/2023 Lampiran huruf B (Tarif Efektif Bulanan Kategori B), hlm. lampiran -9- (PDF hlm. 19); kategori: Pasal 2 ayat (4) huruf b (PDF hlm. 4)"
B,33,163000000,211000000,27.0,0.27,TK/2; TK/3; K/1; K/2,2024-01-01,"PP 58/2023 Lampiran huruf B (Tarif Efektif Bulanan Kategori B), hlm. lampiran -9- (PDF hlm. 19); kategori: Pasal 2 ayat (4) huruf b (PDF hlm. 4)"
B,34,211000000,374000000,28.0,0.28,TK/2; TK/3; K/1; K/2,2024-01-01,"PP 58/2023 Lampiran huruf B (Tarif Efektif Bulanan Kategori B), hlm. lampiran -9- (PDF hlm. 19); kategori: Pasal 2 ayat (4) huruf b (PDF hlm. 4)"
B,35,374000000,459000000,29.0,0.29,TK/2; TK/3; K/1; K/2,2024-01-01,"PP 58/2023 Lampiran huruf B (Tarif Efektif Bulanan Kategori B), hlm. lampiran -9- (PDF hlm. 19); kategori: Pasal 2 ayat (4) huruf b (PDF hlm. 4)"
B,36,459000000,555000000,30.0,0.3,TK/2; TK/3; K/1; K/2,2024-01-01,"PP 58/2023 Lampiran huruf B (Tarif Efektif Bulanan Kategori B), hlm. lampiran -9- (PDF hlm. 19); kategori: Pasal 2 ayat (4) huruf b (PDF hlm. 4)"
B,37,555000000,704000000,31.0,0.31,TK/2; TK/3; K/1; K/2,2024-01-01,"PP 58/2023 Lampiran huruf B (Tarif Efektif Bulanan Kategori B), hlm. lampiran -9- (PDF hlm. 19); kategori: Pasal 2 ayat (4) huruf b (PDF hlm. 4)"
B,38,704000000,957000000,32.0,0.32,TK/2; TK/3; K/1; K/2,2024-01-01,"PP 58/2023 Lampiran huruf B (Tarif Efektif Bulanan Kategori B), hlm. lampiran -10- (PDF hlm. 20); kategori: Pasal 2 ayat (4) huruf b (PDF hlm. 4)"
B,39,957000000,1405000000,33.0,0.33,TK/2; TK/3; K/1; K/2,2024-01-01,"PP 58/2023 Lampiran huruf B (Tarif Efektif Bulanan Kategori B), hlm. lampiran -10- (PDF hlm. 20); kategori: Pasal 2 ayat (4) huruf b (PDF hlm. 4)"
B,40,1405000000,,34.0,0.34,TK/2; TK/3; K/1; K/2,2024-01-01,"PP 58/2023 Lampiran huruf B (Tarif Efektif Bulanan Kategori B), hlm. lampiran -10- (PDF hlm. 20); kategori: Pasal 2 ayat (4) huruf b (PDF hlm. 4)"
C,1,0,6600000,0.0,0.0,K/3,2024-01-01,"PP 58/2023 Lampiran huruf C (Tarif Efektif Bulanan Kategori C), hlm. lampiran -10- (PDF hlm. 20); kategori: Pasal 2 ayat (4) huruf c (PDF hlm. 4)"
C,2,6600000,6950000,0.25,0.0025,K/3,2024-01-01,"PP 58/2023 Lampiran huruf C (Tarif Efektif Bulanan Kategori C), hlm. lampiran -10- (PDF hlm. 20); kategori: Pasal 2 ayat (4) huruf c (PDF hlm. 4)"
C,3,6950000,7350000,0.5,0.005,K/3,2024-01-01,"PP 58/2023 Lampiran huruf C (Tarif Efektif Bulanan Kategori C), hlm. lampiran -10- (PDF hlm. 20); kategori: Pasal 2 ayat (4) huruf c (PDF hlm. 4)"
C,4,7350000,7800000,0.75,0.0075,K/3,2024-01-01,"PP 58/2023 Lampiran huruf C (Tarif Efektif Bulanan Kategori C), hlm. lampiran -10- (PDF hlm. 20); kategori: Pasal 2 ayat (4) huruf c (PDF hlm. 4)"
C,5,7800000,8850000,1.0,0.01,K/3,2024-01-01,"PP 58/2023 Lampiran huruf C (Tarif Efektif Bulanan Kategori C), hlm. lampiran -10- (PDF hlm. 20); kategori: Pasal 2 ayat (4) huruf c (PDF hlm. 4)"
C,6,8850000,9800000,1.25,0.0125,K/3,2024-01-01,"PP 58/2023 Lampiran huruf C (Tarif Efektif Bulanan Kategori C), hlm. lampiran -11- (PDF hlm. 21); kategori: Pasal 2 ayat (4) huruf c (PDF hlm. 4)"
C,7,9800000,10950000,1.5,0.015,K/3,2024-01-01,"PP 58/2023 Lampiran huruf C (Tarif Efektif Bulanan Kategori C), hlm. lampiran -11- (PDF hlm. 21); kategori: Pasal 2 ayat (4) huruf c (PDF hlm. 4)"
C,8,10950000,11200000,1.75,0.0175,K/3,2024-01-01,"PP 58/2023 Lampiran huruf C (Tarif Efektif Bulanan Kategori C), hlm. lampiran -11- (PDF hlm. 21); kategori: Pasal 2 ayat (4) huruf c (PDF hlm. 4)"
C,9,11200000,12050000,2.0,0.02,K/3,2024-01-01,"PP 58/2023 Lampiran huruf C (Tarif Efektif Bulanan Kategori C), hlm. lampiran -11- (PDF hlm. 21); kategori: Pasal 2 ayat (4) huruf c (PDF hlm. 4)"
C,10,12050000,12950000,3.0,0.03,K/3,2024-01-01,"PP 58/2023 Lampiran huruf C (Tarif Efektif Bulanan Kategori C), hlm. lampiran -11- (PDF hlm. 21); kategori: Pasal 2 ayat (4) huruf c (PDF hlm. 4)"
C,11,12950000,14150000,4.0,0.04,K/3,2024-01-01,"PP 58/2023 Lampiran huruf C (Tarif Efektif Bulanan Kategori C), hlm. lampiran -11- (PDF hlm. 21); kategori: Pasal 2 ayat (4) huruf c (PDF hlm. 4)"
C,12,14150000,15550000,5.0,0.05,K/3,2024-01-01,"PP 58/2023 Lampiran huruf C (Tarif Efektif Bulanan Kategori C), hlm. lampiran -11- (PDF hlm. 21); kategori: Pasal 2 ayat (4) huruf c (PDF hlm. 4)"
C,13,15550000,17050000,6.0,0.06,K/3,2024-01-01,"PP 58/2023 Lampiran huruf C (Tarif Efektif Bulanan Kategori C), hlm. lampiran -11- (PDF hlm. 21); kategori: Pasal 2 ayat (4) huruf c (PDF hlm. 4)"
C,14,17050000,19500000,7.0,0.07,K/3,2024-01-01,"PP 58/2023 Lampiran huruf C (Tarif Efektif Bulanan Kategori C), hlm. lampiran -11- (PDF hlm. 21); kategori: Pasal 2 ayat (4) huruf c (PDF hlm. 4)"
C,15,19500000,22700000,8.0,0.08,K/3,2024-01-01,"PP 58/2023 Lampiran huruf C (Tarif Efektif Bulanan Kategori C), hlm. lampiran -12- (PDF hlm. 22); kategori: Pasal 2 ayat (4) huruf c (PDF hlm. 4)"
C,16,22700000,26600000,9.0,0.09,K/3,2024-01-01,"PP 58/2023 Lampiran huruf C (Tarif Efektif Bulanan Kategori C), hlm. lampiran -12- (PDF hlm. 22); kategori: Pasal 2 ayat (4) huruf c (PDF hlm. 4)"
C,17,26600000,28100000,10.0,0.1,K/3,2024-01-01,"PP 58/2023 Lampiran huruf C (Tarif Efektif Bulanan Kategori C), hlm. lampiran -12- (PDF hlm. 22); kategori: Pasal 2 ayat (4) huruf c (PDF hlm. 4)"
C,18,28100000,30100000,11.0,0.11,K/3,2024-01-01,"PP 58/2023 Lampiran huruf C (Tarif Efektif Bulanan Kategori C), hlm. lampiran -12- (PDF hlm. 22); kategori: Pasal 2 ayat (4) huruf c (PDF hlm. 4)"
C,19,30100000,32600000,12.0,0.12,K/3,2024-01-01,"PP 58/2023 Lampiran huruf C (Tarif Efektif Bulanan Kategori C), hlm. lampiran -12- (PDF hlm. 22); kategori: Pasal 2 ayat (4) huruf c (PDF hlm. 4)"
C,20,32600000,35400000,13.0,0.13,K/3,2024-01-01,"PP 58/2023 Lampiran huruf C (Tarif Efektif Bulanan Kategori C), hlm. lampiran -12- (PDF hlm. 22); kategori: Pasal 2 ayat (4) huruf c (PDF hlm. 4)"
C,21,35400000,38900000,14.0,0.14,K/3,2024-01-01,"PP 58/2023 Lampiran huruf C (Tarif Efektif Bulanan Kategori C), hlm. lampiran -12- (PDF hlm. 22); kategori: Pasal 2 ayat (4) huruf c (PDF hlm. 4)"
C,22,38900000,43000000,15.0,0.15,K/3,2024-01-01,"PP 58/2023 Lampiran huruf C (Tarif Efektif Bulanan Kategori C), hlm. lampiran -12- (PDF hlm. 22); kategori: Pasal 2 ayat (4) huruf c (PDF hlm. 4)"
C,23,43000000,47400000,16.0,0.16,K/3,2024-01-01,"PP 58/2023 Lampiran huruf C (Tarif Efektif Bulanan Kategori C), hlm. lampiran -12- (PDF hlm. 22); kategori: Pasal 2 ayat (4) huruf c (PDF hlm. 4)"
C,24,47400000,51200000,17.0,0.17,K/3,2024-01-01,"PP 58/2023 Lampiran huruf C (Tarif Efektif Bulanan Kategori C), hlm. lampiran -13- (PDF hlm. 23); kategori: Pasal 2 ayat (4) huruf c (PDF hlm. 4)"
C,25,51200000,55800000,18.0,0.18,K/3,2024-01-01,"PP 58/2023 Lampiran huruf C (Tarif Efektif Bulanan Kategori C), hlm. lampiran -13- (PDF hlm. 23); kategori: Pasal 2 ayat (4) huruf c (PDF hlm. 4)"
C,26,55800000,60400000,19.0,0.19,K/3,2024-01-01,"PP 58/2023 Lampiran huruf C (Tarif Efektif Bulanan Kategori C), hlm. lampiran -13- (PDF hlm. 23); kategori: Pasal 2 ayat (4) huruf c (PDF hlm. 4)"
C,27,60400000,66700000,20.0,0.2,K/3,2024-01-01,"PP 58/2023 Lampiran huruf C (Tarif Efektif Bulanan Kategori C), hlm. lampiran -13- (PDF hlm. 23); kategori: Pasal 2 ayat (4) huruf c (PDF hlm. 4)"
C,28,66700000,74500000,21.0,0.21,K/3,2024-01-01,"PP 58/2023 Lampiran huruf C (Tarif Efektif Bulanan Kategori C), hlm. lampiran -13- (PDF hlm. 23); kategori: Pasal 2 ayat (4) huruf c (PDF hlm. 4)"
C,29,74500000,83200000,22.0,0.22,K/3,2024-01-01,"PP 58/2023 Lampiran huruf C (Tarif Efektif Bulanan Kategori C), hlm. lampiran -13- (PDF hlm. 23); kategori: Pasal 2 ayat (4) huruf c (PDF hlm. 4)"
C,30,83200000,95600000,23.0,0.23,K/3,2024-01-01,"PP 58/2023 Lampiran huruf C (Tarif Efektif Bulanan Kategori C), hlm. lampiran -13- (PDF hlm. 23); kategori: Pasal 2 ayat (4) huruf c (PDF hlm. 4)"
C,31,95600000,110000000,24.0,0.24,K/3,2024-01-01,"PP 58/2023 Lampiran huruf C (Tarif Efektif Bulanan Kategori C), hlm. lampiran -13- (PDF hlm. 23); kategori: Pasal 2 ayat (4) huruf c (PDF hlm. 4)"
C,32,110000000,134000000,25.0,0.25,K/3,2024-01-01,"PP 58/2023 Lampiran huruf C (Tarif Efektif Bulanan Kategori C), hlm. lampiran -13- (PDF hlm. 23); kategori: Pasal 2 ayat (4) huruf c (PDF hlm. 4)"
C,33,134000000,169000000,26.0,0.26,K/3,2024-01-01,"PP 58/2023 Lampiran huruf C (Tarif Efektif Bulanan Kategori C), hlm. lampiran -14- (PDF hlm. 24); kategori: Pasal 2 ayat (4) huruf c (PDF hlm. 4)"
C,34,169000000,221000000,27.0,0.27,K/3,2024-01-01,"PP 58/2023 Lampiran huruf C (Tarif Efektif Bulanan Kategori C), hlm. lampiran -14- (PDF hlm. 24); kategori: Pasal 2 ayat (4) huruf c (PDF hlm. 4)"
C,35,221000000,390000000,28.0,0.28,K/3,2024-01-01,"PP 58/2023 Lampiran huruf C (Tarif Efektif Bulanan Kategori C), hlm. lampiran -14- (PDF hlm. 24); kategori: Pasal 2 ayat (4) huruf c (PDF hlm. 4)"
C,36,390000000,463000000,29.0,0.29,K/3,2024-01-01,"PP 58/2023 Lampiran huruf C (Tarif Efektif Bulanan Kategori C), hlm. lampiran -14- (PDF hlm. 24); kategori: Pasal 2 ayat (4) huruf c (PDF hlm. 4)"
C,37,463000000,561000000,30.0,0.3,K/3,2024-01-01,"PP 58/2023 Lampiran huruf C (Tarif Efektif Bulanan Kategori C), hlm. lampiran -14- (PDF hlm. 24); kategori: Pasal 2 ayat (4) huruf c (PDF hlm. 4)"
C,38,561000000,709000000,31.0,0.31,K/3,2024-01-01,"PP 58/2023 Lampiran huruf C (Tarif Efektif Bulanan Kategori C), hlm. lampiran -14- (PDF hlm. 24); kategori: Pasal 2 ayat (4) huruf c (PDF hlm. 4)"
C,39,709000000,965000000,32.0,0.32,K/3,2024-01-01,"PP 58/2023 Lampiran huruf C (Tarif Efektif Bulanan Kategori C), hlm. lampiran -14- (PDF hlm. 24); kategori: Pasal 2 ayat (4) huruf c (PDF hlm. 4)"
C,40,965000000,1419000000,33.0,0.33,K/3,2024-01-01,"PP 58/2023 Lampiran huruf C (Tarif Efektif Bulanan Kategori C), hlm. lampiran -14- (PDF hlm. 24); kategori: Pasal 2 ayat (4) huruf c (PDF hlm. 4)"
C,41,1419000000,,34.0,0.34,K/3,2024-01-01,"PP 58/2023 Lampiran huruf C (Tarif Efektif Bulanan Kategori C), hlm. lampiran -14- (PDF hlm. 24); kategori: Pasal 2 ayat (4) huruf c (PDF hlm. 4)"
