vervar_label,var_label,turvar_label,tahun,periode,nilai,satuan,key
Tidak/belum pernah sekolah,Rata-rata Upah/Gaji Bersih Sebulan Buruh/Karyawan/Pegawai Menurut Pendidikan Tertinggi yang Ditamatkan  dan Jenis Pekerjaan Utama,"Tenaga Usaha Pertanian, Kehutanan, Perburuan dan Perikanan",2026,Februari,1374709,Rupiah,1575749126189
Tidak/belum pernah sekolah,Rata-rata Upah/Gaji Bersih Sebulan Buruh/Karyawan/Pegawai Menurut Pendidikan Tertinggi yang Ditamatkan  dan Jenis Pekerjaan Utama,"Tenaga Produksi, Operator Alat-alat Angkutan dan Pekerja Kasar",2026,Februari,2456027,Rupiah,1575750126189
Tidak/belum pernah sekolah,Rata-rata Upah/Gaji Bersih Sebulan Buruh/Karyawan/Pegawai Menurut Pendidikan Tertinggi yang Ditamatkan  dan Jenis Pekerjaan Utama,Jumlah,2026,Februari,2147133,Rupiah,1575752126189
Tidak/belum tamat SD,Rata-rata Upah/Gaji Bersih Sebulan Buruh/Karyawan/Pegawai Menurut Pendidikan Tertinggi yang Ditamatkan  dan Jenis Pekerjaan Utama,"Tenaga Profesional, Teknisi dan yang Sejenis",2026,Februari,1570639,Rupiah,2575744126189
Tidak/belum tamat SD,Rata-rata Upah/Gaji Bersih Sebulan Buruh/Karyawan/Pegawai Menurut Pendidikan Tertinggi yang Ditamatkan  dan Jenis Pekerjaan Utama,Tenaga Tata Usaha dan yang Sejenis,2026,Februari,1855515,Rupiah,2575746126189
Tidak/belum tamat SD,Rata-rata Upah/Gaji Bersih Sebulan Buruh/Karyawan/Pegawai Menurut Pendidikan Tertinggi yang Ditamatkan  dan Jenis Pekerjaan Utama,Tenaga Usaha Penjualan,2026,Februari,1863923,Rupiah,2575747126189
Tidak/belum tamat SD,Rata-rata Upah/Gaji Bersih Sebulan Buruh/Karyawan/Pegawai Menurut Pendidikan Tertinggi yang Ditamatkan  dan Jenis Pekerjaan Utama,Tenaga Usaha Jasa,2026,Februari,1518951,Rupiah,2575748126189
Tidak/belum tamat SD,Rata-rata Upah/Gaji Bersih Sebulan Buruh/Karyawan/Pegawai Menurut Pendidikan Tertinggi yang Ditamatkan  dan Jenis Pekerjaan Utama,"Tenaga Usaha Pertanian, Kehutanan, Perburuan dan Perikanan",2026,Februari,1816788,Rupiah,2575749126189
Tidak/belum tamat SD,Rata-rata Upah/Gaji Bersih Sebulan Buruh/Karyawan/Pegawai Menurut Pendidikan Tertinggi yang Ditamatkan  dan Jenis Pekerjaan Utama,"Tenaga Produksi, Operator Alat-alat Angkutan dan Pekerja Kasar",2026,Februari,2461567,Rupiah,2575750126189
Tidak/belum tamat SD,Rata-rata Upah/Gaji Bersih Sebulan Buruh/Karyawan/Pegawai Menurut Pendidikan Tertinggi yang Ditamatkan  dan Jenis Pekerjaan Utama,Lainnya,2026,Februari,1581526,Rupiah,2575751126189
Tidak/belum tamat SD,Rata-rata Upah/Gaji Bersih Sebulan Buruh/Karyawan/Pegawai Menurut Pendidikan Tertinggi yang Ditamatkan  dan Jenis Pekerjaan Utama,Jumlah,2026,Februari,2115253,Rupiah,2575752126189
Sekolah Dasar,Rata-rata Upah/Gaji Bersih Sebulan Buruh/Karyawan/Pegawai Menurut Pendidikan Tertinggi yang Ditamatkan  dan Jenis Pekerjaan Utama,"Tenaga Profesional, Teknisi dan yang Sejenis",2026,Februari,1619130,Rupiah,3575744126189
Sekolah Dasar,Rata-rata Upah/Gaji Bersih Sebulan Buruh/Karyawan/Pegawai Menurut Pendidikan Tertinggi yang Ditamatkan  dan Jenis Pekerjaan Utama,Tenaga Kepemimpinan dan Ketatalaksanaan,2026,Februari,2307964,Rupiah,3575745126189
Sekolah Dasar,Rata-rata Upah/Gaji Bersih Sebulan Buruh/Karyawan/Pegawai Menurut Pendidikan Tertinggi yang Ditamatkan  dan Jenis Pekerjaan Utama,Tenaga Tata Usaha dan yang Sejenis,2026,Februari,2207014,Rupiah,3575746126189
Sekolah Dasar,Rata-rata Upah/Gaji Bersih Sebulan Buruh/Karyawan/Pegawai Menurut Pendidikan Tertinggi yang Ditamatkan  dan Jenis Pekerjaan Utama,Tenaga Usaha Penjualan,2026,Februari,1769705,Rupiah,3575747126189
Sekolah Dasar,Rata-rata Upah/Gaji Bersih Sebulan Buruh/Karyawan/Pegawai Menurut Pendidikan Tertinggi yang Ditamatkan  dan Jenis Pekerjaan Utama,Tenaga Usaha Jasa,2026,Februari,1479780,Rupiah,3575748126189
Sekolah Dasar,Rata-rata Upah/Gaji Bersih Sebulan Buruh/Karyawan/Pegawai Menurut Pendidikan Tertinggi yang Ditamatkan  dan Jenis Pekerjaan Utama,"Tenaga Usaha Pertanian, Kehutanan, Perburuan dan Perikanan",2026,Februari,2159856,Rupiah,3575749126189
Sekolah Dasar,Rata-rata Upah/Gaji Bersih Sebulan Buruh/Karyawan/Pegawai Menurut Pendidikan Tertinggi yang Ditamatkan  dan Jenis Pekerjaan Utama,"Tenaga Produksi, Operator Alat-alat Angkutan dan Pekerja Kasar",2026,Februari,2533268,Rupiah,3575750126189
Sekolah Dasar,Rata-rata Upah/Gaji Bersih Sebulan Buruh/Karyawan/Pegawai Menurut Pendidikan Tertinggi yang Ditamatkan  dan Jenis Pekerjaan Utama,Lainnya,2026,Februari,1833333,Rupiah,3575751126189
Sekolah Dasar,Rata-rata Upah/Gaji Bersih Sebulan Buruh/Karyawan/Pegawai Menurut Pendidikan Tertinggi yang Ditamatkan  dan Jenis Pekerjaan Utama,Jumlah,2026,Februari,2266427,Rupiah,3575752126189
Sekolah Menengah Pertama,Rata-rata Upah/Gaji Bersih Sebulan Buruh/Karyawan/Pegawai Menurut Pendidikan Tertinggi yang Ditamatkan  dan Jenis Pekerjaan Utama,"Tenaga Profesional, Teknisi dan yang Sejenis",2026,Februari,2058057,Rupiah,4575744126189
Sekolah Menengah Pertama,Rata-rata Upah/Gaji Bersih Sebulan Buruh/Karyawan/Pegawai Menurut Pendidikan Tertinggi yang Ditamatkan  dan Jenis Pekerjaan Utama,Tenaga Kepemimpinan dan Ketatalaksanaan,2026,Februari,2472221,Rupiah,4575745126189
Sekolah Menengah Pertama,Rata-rata Upah/Gaji Bersih Sebulan Buruh/Karyawan/Pegawai Menurut Pendidikan Tertinggi yang Ditamatkan  dan Jenis Pekerjaan Utama,Tenaga Tata Usaha dan yang Sejenis,2026,Februari,2772809,Rupiah,4575746126189
Sekolah Menengah Pertama,Rata-rata Upah/Gaji Bersih Sebulan Buruh/Karyawan/Pegawai Menurut Pendidikan Tertinggi yang Ditamatkan  dan Jenis Pekerjaan Utama,Tenaga Usaha Penjualan,2026,Februari,2039090,Rupiah,4575747126189
Sekolah Menengah Pertama,Rata-rata Upah/Gaji Bersih Sebulan Buruh/Karyawan/Pegawai Menurut Pendidikan Tertinggi yang Ditamatkan  dan Jenis Pekerjaan Utama,Tenaga Usaha Jasa,2026,Februari,1903263,Rupiah,4575748126189
Sekolah Menengah Pertama,Rata-rata Upah/Gaji Bersih Sebulan Buruh/Karyawan/Pegawai Menurut Pendidikan Tertinggi yang Ditamatkan  dan Jenis Pekerjaan Utama,"Tenaga Usaha Pertanian, Kehutanan, Perburuan dan Perikanan",2026,Februari,2372987,Rupiah,4575749126189
Sekolah Menengah Pertama,Rata-rata Upah/Gaji Bersih Sebulan Buruh/Karyawan/Pegawai Menurut Pendidikan Tertinggi yang Ditamatkan  dan Jenis Pekerjaan Utama,"Tenaga Produksi, Operator Alat-alat Angkutan dan Pekerja Kasar",2026,Februari,2764087,Rupiah,4575750126189
Sekolah Menengah Pertama,Rata-rata Upah/Gaji Bersih Sebulan Buruh/Karyawan/Pegawai Menurut Pendidikan Tertinggi yang Ditamatkan  dan Jenis Pekerjaan Utama,Lainnya,2026,Februari,2681523,Rupiah,4575751126189
Sekolah Menengah Pertama,Rata-rata Upah/Gaji Bersih Sebulan Buruh/Karyawan/Pegawai Menurut Pendidikan Tertinggi yang Ditamatkan  dan Jenis Pekerjaan Utama,Jumlah,2026,Februari,2553300,Rupiah,4575752126189
Sekolah Menengah Atas (Umum),Rata-rata Upah/Gaji Bersih Sebulan Buruh/Karyawan/Pegawai Menurut Pendidikan Tertinggi yang Ditamatkan  dan Jenis Pekerjaan Utama,"Tenaga Profesional, Teknisi dan yang Sejenis",2026,Februari,2411076,Rupiah,5575744126189
Sekolah Menengah Atas (Umum),Rata-rata Upah/Gaji Bersih Sebulan Buruh/Karyawan/Pegawai Menurut Pendidikan Tertinggi yang Ditamatkan  dan Jenis Pekerjaan Utama,Tenaga Kepemimpinan dan Ketatalaksanaan,2026,Februari,3814647,Rupiah,5575745126189
Sekolah Menengah Atas (Umum),Rata-rata Upah/Gaji Bersih Sebulan Buruh/Karyawan/Pegawai Menurut Pendidikan Tertinggi yang Ditamatkan  dan Jenis Pekerjaan Utama,Tenaga Tata Usaha dan yang Sejenis,2026,Februari,3129998,Rupiah,5575746126189
Sekolah Menengah Atas (Umum),Rata-rata Upah/Gaji Bersih Sebulan Buruh/Karyawan/Pegawai Menurut Pendidikan Tertinggi yang Ditamatkan  dan Jenis Pekerjaan Utama,Tenaga Usaha Penjualan,2026,Februari,2597006,Rupiah,5575747126189
Sekolah Menengah Atas (Umum),Rata-rata Upah/Gaji Bersih Sebulan Buruh/Karyawan/Pegawai Menurut Pendidikan Tertinggi yang Ditamatkan  dan Jenis Pekerjaan Utama,Tenaga Usaha Jasa,2026,Februari,2410289,Rupiah,5575748126189
Sekolah Menengah Atas (Umum),Rata-rata Upah/Gaji Bersih Sebulan Buruh/Karyawan/Pegawai Menurut Pendidikan Tertinggi yang Ditamatkan  dan Jenis Pekerjaan Utama,"Tenaga Usaha Pertanian, Kehutanan, Perburuan dan Perikanan",2026,Februari,2623911,Rupiah,5575749126189
Sekolah Menengah Atas (Umum),Rata-rata Upah/Gaji Bersih Sebulan Buruh/Karyawan/Pegawai Menurut Pendidikan Tertinggi yang Ditamatkan  dan Jenis Pekerjaan Utama,"Tenaga Produksi, Operator Alat-alat Angkutan dan Pekerja Kasar",2026,Februari,3257472,Rupiah,5575750126189
Sekolah Menengah Atas (Umum),Rata-rata Upah/Gaji Bersih Sebulan Buruh/Karyawan/Pegawai Menurut Pendidikan Tertinggi yang Ditamatkan  dan Jenis Pekerjaan Utama,Lainnya,2026,Februari,4210125,Rupiah,5575751126189
Sekolah Menengah Atas (Umum),Rata-rata Upah/Gaji Bersih Sebulan Buruh/Karyawan/Pegawai Menurut Pendidikan Tertinggi yang Ditamatkan  dan Jenis Pekerjaan Utama,Jumlah,2026,Februari,3083537,Rupiah,5575752126189
Sekolah Menengah Atas (Kejuruan),Rata-rata Upah/Gaji Bersih Sebulan Buruh/Karyawan/Pegawai Menurut Pendidikan Tertinggi yang Ditamatkan  dan Jenis Pekerjaan Utama,"Tenaga Profesional, Teknisi dan yang Sejenis",2026,Februari,3554808,Rupiah,6575744126189
Sekolah Menengah Atas (Kejuruan),Rata-rata Upah/Gaji Bersih Sebulan Buruh/Karyawan/Pegawai Menurut Pendidikan Tertinggi yang Ditamatkan  dan Jenis Pekerjaan Utama,Tenaga Kepemimpinan dan Ketatalaksanaan,2026,Februari,4210884,Rupiah,6575745126189
Sekolah Menengah Atas (Kejuruan),Rata-rata Upah/Gaji Bersih Sebulan Buruh/Karyawan/Pegawai Menurut Pendidikan Tertinggi yang Ditamatkan  dan Jenis Pekerjaan Utama,Tenaga Tata Usaha dan yang Sejenis,2026,Februari,3275004,Rupiah,6575746126189
Sekolah Menengah Atas (Kejuruan),Rata-rata Upah/Gaji Bersih Sebulan Buruh/Karyawan/Pegawai Menurut Pendidikan Tertinggi yang Ditamatkan  dan Jenis Pekerjaan Utama,Tenaga Usaha Penjualan,2026,Februari,2579082,Rupiah,6575747126189
Sekolah Menengah Atas (Kejuruan),Rata-rata Upah/Gaji Bersih Sebulan Buruh/Karyawan/Pegawai Menurut Pendidikan Tertinggi yang Ditamatkan  dan Jenis Pekerjaan Utama,Tenaga Usaha Jasa,2026,Februari,2522581,Rupiah,6575748126189
Sekolah Menengah Atas (Kejuruan),Rata-rata Upah/Gaji Bersih Sebulan Buruh/Karyawan/Pegawai Menurut Pendidikan Tertinggi yang Ditamatkan  dan Jenis Pekerjaan Utama,"Tenaga Usaha Pertanian, Kehutanan, Perburuan dan Perikanan",2026,Februari,2595436,Rupiah,6575749126189
Sekolah Menengah Atas (Kejuruan),Rata-rata Upah/Gaji Bersih Sebulan Buruh/Karyawan/Pegawai Menurut Pendidikan Tertinggi yang Ditamatkan  dan Jenis Pekerjaan Utama,"Tenaga Produksi, Operator Alat-alat Angkutan dan Pekerja Kasar",2026,Februari,3303738,Rupiah,6575750126189
Sekolah Menengah Atas (Kejuruan),Rata-rata Upah/Gaji Bersih Sebulan Buruh/Karyawan/Pegawai Menurut Pendidikan Tertinggi yang Ditamatkan  dan Jenis Pekerjaan Utama,Lainnya,2026,Februari,3673995,Rupiah,6575751126189
Sekolah Menengah Atas (Kejuruan),Rata-rata Upah/Gaji Bersih Sebulan Buruh/Karyawan/Pegawai Menurut Pendidikan Tertinggi yang Ditamatkan  dan Jenis Pekerjaan Utama,Jumlah,2026,Februari,3171784,Rupiah,6575752126189
Diploma I/II/III/Akademi,Rata-rata Upah/Gaji Bersih Sebulan Buruh/Karyawan/Pegawai Menurut Pendidikan Tertinggi yang Ditamatkan  dan Jenis Pekerjaan Utama,"Tenaga Profesional, Teknisi dan yang Sejenis",2026,Februari,3900947,Rupiah,7575744126189
Diploma I/II/III/Akademi,Rata-rata Upah/Gaji Bersih Sebulan Buruh/Karyawan/Pegawai Menurut Pendidikan Tertinggi yang Ditamatkan  dan Jenis Pekerjaan Utama,Tenaga Kepemimpinan dan Ketatalaksanaan,2026,Februari,5617309,Rupiah,7575745126189
Diploma I/II/III/Akademi,Rata-rata Upah/Gaji Bersih Sebulan Buruh/Karyawan/Pegawai Menurut Pendidikan Tertinggi yang Ditamatkan  dan Jenis Pekerjaan Utama,Tenaga Tata Usaha dan yang Sejenis,2026,Februari,4225496,Rupiah,7575746126189
Diploma I/II/III/Akademi,Rata-rata Upah/Gaji Bersih Sebulan Buruh/Karyawan/Pegawai Menurut Pendidikan Tertinggi yang Ditamatkan  dan Jenis Pekerjaan Utama,Tenaga Usaha Penjualan,2026,Februari,4060029,Rupiah,7575747126189
Diploma I/II/III/Akademi,Rata-rata Upah/Gaji Bersih Sebulan Buruh/Karyawan/Pegawai Menurut Pendidikan Tertinggi yang Ditamatkan  dan Jenis Pekerjaan Utama,Tenaga Usaha Jasa,2026,Februari,3527723,Rupiah,7575748126189
Diploma I/II/III/Akademi,Rata-rata Upah/Gaji Bersih Sebulan Buruh/Karyawan/Pegawai Menurut Pendidikan Tertinggi yang Ditamatkan  dan Jenis Pekerjaan Utama,"Tenaga Usaha Pertanian, Kehutanan, Perburuan dan Perikanan",2026,Februari,2104536,Rupiah,7575749126189
Diploma I/II/III/Akademi,Rata-rata Upah/Gaji Bersih Sebulan Buruh/Karyawan/Pegawai Menurut Pendidikan Tertinggi yang Ditamatkan  dan Jenis Pekerjaan Utama,"Tenaga Produksi, Operator Alat-alat Angkutan dan Pekerja Kasar",2026,Februari,4203164,Rupiah,7575750126189
Diploma I/II/III/Akademi,Rata-rata Upah/Gaji Bersih Sebulan Buruh/Karyawan/Pegawai Menurut Pendidikan Tertinggi yang Ditamatkan  dan Jenis Pekerjaan Utama,Lainnya,2026,Februari,4139888,Rupiah,7575751126189
Diploma I/II/III/Akademi,Rata-rata Upah/Gaji Bersih Sebulan Buruh/Karyawan/Pegawai Menurut Pendidikan Tertinggi yang Ditamatkan  dan Jenis Pekerjaan Utama,Jumlah,2026,Februari,4043267,Rupiah,7575752126189
Universitas,Rata-rata Upah/Gaji Bersih Sebulan Buruh/Karyawan/Pegawai Menurut Pendidikan Tertinggi yang Ditamatkan  dan Jenis Pekerjaan Utama,"Tenaga Profesional, Teknisi dan yang Sejenis",2026,Februari,4391183,Rupiah,8575744126189
Universitas,Rata-rata Upah/Gaji Bersih Sebulan Buruh/Karyawan/Pegawai Menurut Pendidikan Tertinggi yang Ditamatkan  dan Jenis Pekerjaan Utama,Tenaga Kepemimpinan dan Ketatalaksanaan,2026,Februari,7924599,Rupiah,8575745126189
Universitas,Rata-rata Upah/Gaji Bersih Sebulan Buruh/Karyawan/Pegawai Menurut Pendidikan Tertinggi yang Ditamatkan  dan Jenis Pekerjaan Utama,Tenaga Tata Usaha dan yang Sejenis,2026,Februari,4815349,Rupiah,8575746126189
Universitas,Rata-rata Upah/Gaji Bersih Sebulan Buruh/Karyawan/Pegawai Menurut Pendidikan Tertinggi yang Ditamatkan  dan Jenis Pekerjaan Utama,Tenaga Usaha Penjualan,2026,Februari,5019313,Rupiah,8575747126189
Universitas,Rata-rata Upah/Gaji Bersih Sebulan Buruh/Karyawan/Pegawai Menurut Pendidikan Tertinggi yang Ditamatkan  dan Jenis Pekerjaan Utama,Tenaga Usaha Jasa,2026,Februari,5687092,Rupiah,8575748126189
Universitas,Rata-rata Upah/Gaji Bersih Sebulan Buruh/Karyawan/Pegawai Menurut Pendidikan Tertinggi yang Ditamatkan  dan Jenis Pekerjaan Utama,"Tenaga Usaha Pertanian, Kehutanan, Perburuan dan Perikanan",2026,Februari,2868848,Rupiah,8575749126189
Universitas,Rata-rata Upah/Gaji Bersih Sebulan Buruh/Karyawan/Pegawai Menurut Pendidikan Tertinggi yang Ditamatkan  dan Jenis Pekerjaan Utama,"Tenaga Produksi, Operator Alat-alat Angkutan dan Pekerja Kasar",2026,Februari,4529271,Rupiah,8575750126189
Universitas,Rata-rata Upah/Gaji Bersih Sebulan Buruh/Karyawan/Pegawai Menurut Pendidikan Tertinggi yang Ditamatkan  dan Jenis Pekerjaan Utama,Lainnya,2026,Februari,6364608,Rupiah,8575751126189
Universitas,Rata-rata Upah/Gaji Bersih Sebulan Buruh/Karyawan/Pegawai Menurut Pendidikan Tertinggi yang Ditamatkan  dan Jenis Pekerjaan Utama,Jumlah,2026,Februari,4766335,Rupiah,8575752126189
Rata-Rata,Rata-rata Upah/Gaji Bersih Sebulan Buruh/Karyawan/Pegawai Menurut Pendidikan Tertinggi yang Ditamatkan  dan Jenis Pekerjaan Utama,"Tenaga Profesional, Teknisi dan yang Sejenis",2026,Februari,3918683,Rupiah,9575744126189
Rata-Rata,Rata-rata Upah/Gaji Bersih Sebulan Buruh/Karyawan/Pegawai Menurut Pendidikan Tertinggi yang Ditamatkan  dan Jenis Pekerjaan Utama,Tenaga Kepemimpinan dan Ketatalaksanaan,2026,Februari,5766792,Rupiah,9575745126189
Rata-Rata,Rata-rata Upah/Gaji Bersih Sebulan Buruh/Karyawan/Pegawai Menurut Pendidikan Tertinggi yang Ditamatkan  dan Jenis Pekerjaan Utama,Tenaga Tata Usaha dan yang Sejenis,2026,Februari,3851239,Rupiah,9575746126189
Rata-Rata,Rata-rata Upah/Gaji Bersih Sebulan Buruh/Karyawan/Pegawai Menurut Pendidikan Tertinggi yang Ditamatkan  dan Jenis Pekerjaan Utama,Tenaga Usaha Penjualan,2026,Februari,2751405,Rupiah,9575747126189
Rata-Rata,Rata-rata Upah/Gaji Bersih Sebulan Buruh/Karyawan/Pegawai Menurut Pendidikan Tertinggi yang Ditamatkan  dan Jenis Pekerjaan Utama,Tenaga Usaha Jasa,2026,Februari,2418963,Rupiah,9575748126189
Rata-Rata,Rata-rata Upah/Gaji Bersih Sebulan Buruh/Karyawan/Pegawai Menurut Pendidikan Tertinggi yang Ditamatkan  dan Jenis Pekerjaan Utama,"Tenaga Usaha Pertanian, Kehutanan, Perburuan dan Perikanan",2026,Februari,2267779,Rupiah,9575749126189
Rata-Rata,Rata-rata Upah/Gaji Bersih Sebulan Buruh/Karyawan/Pegawai Menurut Pendidikan Tertinggi yang Ditamatkan  dan Jenis Pekerjaan Utama,"Tenaga Produksi, Operator Alat-alat Angkutan dan Pekerja Kasar",2026,Februari,3048695,Rupiah,9575750126189
Rata-Rata,Rata-rata Upah/Gaji Bersih Sebulan Buruh/Karyawan/Pegawai Menurut Pendidikan Tertinggi yang Ditamatkan  dan Jenis Pekerjaan Utama,Lainnya,2026,Februari,3879948,Rupiah,9575751126189
Rata-Rata,Rata-rata Upah/Gaji Bersih Sebulan Buruh/Karyawan/Pegawai Menurut Pendidikan Tertinggi yang Ditamatkan  dan Jenis Pekerjaan Utama,Jumlah,2026,Februari,3287675,Rupiah,9575752126189
