title,link,skills,Salary,Work Type,Work Mode,Education,Location,Experience,company
Business Analyst,https://glints.com/id/opportunities/jobs/business-analyst/b5b0e11c-dfb8-4476-a869-f52695294d41?utm_referrer=explore&traceInfo=d05355a4-aba1-4ac1-ad0e-f0a86efee1f7,"['Sales Analysis', 'Data Analytics', 'ERP Software', 'Business Analysis', 'SAP', 'Microsoft Office']",Not Specified,"Perusahaan tidak menampilkan gaji
Komputer dan Teknologi Informasi (TI)
Data Analyst
Penuh Waktu","Kerja di kantor
Minimal Sarjana (S1)
1 - 3 tahun pengalaman
Tayang 15 hari yang lalu
Diperbarui 15 hari yang lalu
LAMAR
TANDAI
BAGIKAN",Minimal Sarjana (S1),"Jl. Soekarno Hatta 207A, Bandung, West Java 40285, ID","Perusahaan tidak menampilkan gaji
Komputer dan Teknologi Informasi (TI)
Data Analyst
Penuh Waktu · Kerja di kantor
Minimal Sarjana (S1)
1 - 3 tahun pengalaman
Tayang 15 hari yang lalu
Diperbarui 15 hari yang lalu
LAMAR
TANDAI
BAGIKAN",LOGO DE CORPS
Business Analyst,https://glints.com/id/opportunities/jobs/business-analyst/ebf6bd4b-f149-487f-a8de-965a689242ac?utm_referrer=explore&traceInfo=d05355a4-aba1-4ac1-ad0e-f0a86efee1f7,"['Jira', 'Business Analysis', 'Manual Testing']",IDR5.000.000 - 7.500.000 /Bulan,"IDR5.000.000 - 7.500.000/Bulan
Product Management & Project Management
Business Analyst
Kontrak","Kerja di kantor
Minimal Sarjana (S1)
Pengalaman kurang dari 1 tahun
Tayang Kemarin
Diperbarui Kemarin
LAMAR
TANDAI
BAGIKAN",Minimal Sarjana (S1),"Sona Topas Tower Lt. 12, Jl. Jend. Sudirman, RT.4/RW.2, Kuningan, Kota Jakarta Selatan, Daerah Khusus Ibukota Jakarta 12920",Not Specified,PT Sigma Global Teknologi
Business Analyst,https://glints.com/id/opportunities/jobs/business-analyst/05d11f56-5c88-4696-a93e-63e0f21c224e?utm_referrer=explore&traceInfo=d05355a4-aba1-4ac1-ad0e-f0a86efee1f7,"['Business Management', 'Business Process Improvement', 'CRM', 'Business Analysis', 'ERP Software']",IDR7.000.000 - 10.000.000 /Bulan,"IDR7.000.000 - 10.000.000/Bulan
Product Management & Project Management
Business Analyst
Kontrak","Hybrid
Minimal Sarjana (S1)
1 - 3 tahun pengalaman
Tayang 4 jam yang lalu
Diperbarui 4 jam yang lalu
LAMAR
TANDAI
BAGIKAN",Minimal Sarjana (S1),"Gg. Terasana No.6A, Pasir Kaliki, Kec. Cicendo, Kota Bandung, Jawa Barat 40171","IDR7.000.000 - 10.000.000/Bulan
Product Management & Project Management
Business Analyst
Kontrak · Hybrid
Minimal Sarjana (S1)
1 - 3 tahun pengalaman
Tayang 4 jam yang lalu
Diperbarui 4 jam yang lalu
LAMAR
TANDAI
BAGIKAN",Tujuh Sembilan
Business Analyst,https://glints.com/id/opportunities/jobs/business-analyst/b5bdcb2e-849a-4a72-bcff-c3fa84998ccf?utm_referrer=explore&traceInfo=d05355a4-aba1-4ac1-ad0e-f0a86efee1f7,"['Tableau', 'Business Process Improvement', 'Strong Communication Skills', 'looker', 'SQL', 'Analytical Skills', 'Critical Thinking', 'Metabase']",IDR10.000.000 - 15.000.000 /Bulan,"IDR10.000.000 - 15.000.000/Bulan
Product Management & Project Management
Business Analyst
Penuh Waktu","Kerja di kantor
Minimal Sarjana (S1)
3 - 5 tahun pengalaman
Tayang Kemarin
Diperbarui Kemarin
LAMAR
TANDAI
BAGIKAN",Minimal Sarjana (S1),"Block71, Ariobimo Sentral, RT.9/RW.4, Kuningan Tim., Jakarta, Kota Jakarta Selatan, Daerah Khusus Ibukota Jakarta 12950","IDR10.000.000 - 15.000.000/Bulan
Product Management & Project Management
Business Analyst
Penuh Waktu · Kerja di kantor
Minimal Sarjana (S1)
3 - 5 tahun pengalaman
Tayang Kemarin
Diperbarui Kemarin
LAMAR
TANDAI
BAGIKAN",PT Berbagi Inovasi Teknologi (Biteship)
Business Analyst,https://glints.com/id/opportunities/jobs/business-analyst/97b2df7e-32b0-466d-aa87-d051476937be?utm_referrer=explore&traceInfo=d05355a4-aba1-4ac1-ad0e-f0a86efee1f7,"['Teamwork', 'Interpersonal Communication', 'Business Analysis', 'IT Project Management']",IDR5.000.000 - 6.500.000 /Bulan,"IDR5.000.000 - 6.500.000/Bulan
Product Management & Project Management
Business Analyst
Penuh Waktu","Kerja di kantor
Minimal Sarjana (S1)
1 - 3 tahun pengalaman
Tayang 6 bulan yang lalu
Diperbarui 2 hari yang lalu
LAMAR
TANDAI
BAGIKAN",Minimal Sarjana (S1),"Lantai Dasar, Ma Coterie, Jl. Kemang Raya No. 14B, Daerah Khusus Ibukota Jakarta","IDR5.000.000 - 6.500.000/Bulan
Product Management & Project Management
Business Analyst
Penuh Waktu · Kerja di kantor
Minimal Sarjana (S1)
1 - 3 tahun pengalaman
Tayang 6 bulan yang lalu
Diperbarui 2 hari yang lalu
LAMAR
TANDAI
BAGIKAN",Asia Sistem Indonesia
IT Business Analyst,https://glints.com/id/opportunities/jobs/it-business-analyst/372e7ddc-5a34-46ca-b1db-56cab8af0d6c?utm_referrer=explore&traceInfo=d05355a4-aba1-4ac1-ad0e-f0a86efee1f7,"['Teamwork', 'Microsoft Office', 'Figma']",IDR5.500.000 - 10.000.000 /Bulan,"IDR5.500.000 - 10.000.000/Bulan
Komputer dan Teknologi Informasi (TI)
Posisi Bidang Tech Lainnya
Kontrak","Kerja di kantor
Minimal Sarjana (S1)
1 - 3 tahun pengalaman
Tayang 1 tahun yang lalu
Diperbarui 7 hari yang lalu
LAMAR
TANDAI
BAGIKAN",Minimal Sarjana (S1),Soho Pancoran Building S-3012 Jl. Let. Jend. MT. Haryono kav 2-3 Jakarta 12810,"IDR5.500.000 - 10.000.000/Bulan
Komputer dan Teknologi Informasi (TI)
Posisi Bidang Tech Lainnya
Kontrak · Kerja di kantor
Minimal Sarjana (S1)
1 - 3 tahun pengalaman
Tayang 1 tahun yang lalu
Diperbarui 7 hari yang lalu
LAMAR
TANDAI
BAGIKAN",PT. Mandiri International Technology
IT Business Analyst,https://glints.com/id/opportunities/jobs/it-business-analyst/b6f8b101-0361-4846-a5cf-5dd90bc11969?utm_referrer=explore&traceInfo=d05355a4-aba1-4ac1-ad0e-f0a86efee1f7,"['English Language', 'Business Analysis', 'Communicative', 'ERP Software']",IDR8.000.000 - 12.000.000 /Bulan,"IDR8.000.000 - 12.000.000/Bulan
Product Management & Project Management
Business Analyst
Penuh Waktu","Hybrid
Minimal Diploma (D1 - D4)
3 - 5 tahun pengalaman
Tayang 4 bulan yang lalu
Diperbarui 11 hari yang lalu
LAMAR
TANDAI
BAGIKAN",Minimal Diploma (D1 - D4),Not Specified,"IDR8.000.000 - 12.000.000/Bulan
Product Management & Project Management
Business Analyst
Penuh Waktu · Hybrid
Minimal Diploma (D1 - D4)
3 - 5 tahun pengalaman
Tayang 4 bulan yang lalu
Diperbarui 11 hari yang lalu
LAMAR
TANDAI
BAGIKAN",PT Mplus Solusi Perdana
Business Analyst,https://glints.com/id/opportunities/jobs/business-analyst/c8caacf0-efbf-4056-b5be-8e28da5aee0d?utm_referrer=explore&traceInfo=d05355a4-aba1-4ac1-ad0e-f0a86efee1f7,"['Business Analysis', 'Business Development', 'Banking']",IDR5.000.000 - 12.000.000 /Bulan,"IDR5.000.000 - 12.000.000/Bulan
Product Management & Project Management
Business Analyst
Kontrak","Kerja di kantor
Minimal Sarjana (S1)
3 - 5 tahun pengalaman
Tayang 8 hari yang lalu
Diperbarui 8 hari yang lalu
LAMAR
TANDAI
BAGIKAN",Minimal Sarjana (S1),"Mekar Sejati, Bandung","IDR5.000.000 - 12.000.000/Bulan
Product Management & Project Management
Business Analyst
Kontrak · Kerja di kantor
Minimal Sarjana (S1)
3 - 5 tahun pengalaman
Tayang 8 hari yang lalu
Diperbarui 8 hari yang lalu
LAMAR
TANDAI
BAGIKAN",IDE Asia
IT Business Analyst,https://glints.com/id/opportunities/jobs/it-business-analyst/60d398c4-cf72-4ede-801c-98ef65ee43db?utm_referrer=explore&traceInfo=d05355a4-aba1-4ac1-ad0e-f0a86efee1f7,"['Insurance Business Rule', 'Analyst Business', 'L400/lifeasia Insurance System']",Not Specified,"Perusahaan tidak menampilkan gaji
Product Management & Project Management
Business Analyst
Penuh Waktu","Kerja di kantor
Minimal Diploma (D1 - D4)
1 - 3 tahun pengalaman
Tayang 5 bulan yang lalu
Diperbarui 30 hari yang lalu
LAMAR
TANDAI
BAGIKAN",Minimal Diploma (D1 - D4),"Maple Park Apartment Tower A UG Floor R-A 205, Jl. HBR Motik No.2, RT.18/RW.5, Kemayoran, Sunter, Jkt Utara, Daerah Khusus Ibukota Jakarta 14360","Perusahaan tidak menampilkan gaji
Product Management & Project Management
Business Analyst
Penuh Waktu · Kerja di kantor
Minimal Diploma (D1 - D4)
1 - 3 tahun pengalaman
Tayang 5 bulan yang lalu
Diperbarui 30 hari yang lalu
LAMAR
TANDAI
BAGIKAN",PT Vajiro Mulia Gemilang
Business Analyst,https://glints.com/id/opportunities/jobs/business-analyst/35be9d94-6bd9-4d44-af0b-5b7deb9df95f?utm_referrer=explore&traceInfo=d05355a4-aba1-4ac1-ad0e-f0a86efee1f7,"['Business Analysis', 'IT Project Management', 'Multifinance']",IDR15.000.000 - 20.000.000 /Bulan,"IDR15.000.000 - 20.000.000/Bulan
Product Management & Project Management
Business Analyst
Penuh Waktu","Hybrid
Minimal Sarjana (S1)
3 - 5 tahun pengalaman
Tayang 2 bulan yang lalu
Diperbarui 20 hari yang lalu
LAMAR
TANDAI
BAGIKAN",Minimal Sarjana (S1),"Jl. Raya Kb. Jeruk No.80, RT.7/RW.1, Kb. Jeruk, Kec. Kb. Jeruk, Kota Jakarta Barat, Daerah Khusus Ibukota Jakarta 11530","IDR15.000.000 - 20.000.000/Bulan
Product Management & Project Management
Business Analyst
Penuh Waktu · Hybrid
Minimal Sarjana (S1)
3 - 5 tahun pengalaman
Tayang 2 bulan yang lalu
Diperbarui 20 hari yang lalu
LAMAR
TANDAI
BAGIKAN",AdIns (Advance Innovations) - PT. Adicipta Inovasi Teknologi
Technical Business Analyst,https://glints.com/id/opportunities/jobs/technical-business-analyst/f86ffa8d-b647-43d7-9e54-23b86564706f?utm_referrer=explore&traceInfo=d05355a4-aba1-4ac1-ad0e-f0a86efee1f7,"['Teamwork', 'Communication Skills', 'Time Management', 'ERP Software', 'Agile Methodologies']",IDR5.000.000 - 6.000.000 /Bulan,"IDR5.000.000 - 6.000.000/Bulan
Product Management & Project Management
Business Analyst
Penuh Waktu","Kerja di kantor
Minimal Sarjana (S1)
1 - 3 tahun pengalaman
HOT JOB
AKTIF MEREKRUT
Tayang 7 hari yang lalu
Diperbarui Kemarin
LAMAR
TANDAI
BAGIKAN",Minimal Sarjana (S1),"Skystar Venture Room Perseus, New Media Tower lantai 11, Universitas Multimedia Nusantara Scientia Garden. Jalan Boulevard Gading Serpong, Tangerang 15811","IDR5.000.000 - 6.000.000/Bulan
Product Management & Project Management
Business Analyst
Penuh Waktu · Kerja di kantor
Minimal Sarjana (S1)
1 - 3 tahun pengalaman
HOT JOB
AKTIF MEREKRUT
Tayang 7 hari yang lalu
Diperbarui Kemarin
LAMAR
TANDAI
BAGIKAN",Agile Technica
IT Business Analyst,https://glints.com/id/opportunities/jobs/it-business-analyst/d3729034-f34e-4b97-a808-6039cbe96d32?utm_referrer=explore&traceInfo=d05355a4-aba1-4ac1-ad0e-f0a86efee1f7,"['Communication Skills', 'Business Analysis', 'IT Project Management']",IDR8.000.000 - 10.000.000 /Bulan,"IDR8.000.000 - 10.000.000/Bulan
Product Management & Project Management
Business Analyst
Kontrak","Kerja di kantor
Minimal Sarjana (S1)
3 - 5 tahun pengalaman
Tayang Kemarin
Diperbarui Kemarin
LAMAR
TANDAI
BAGIKAN",Minimal Sarjana (S1),"Wisma Griya Intan, 1st Fl. Jl. Warung Buncit 21 B, Jakarta JK 12510 Indonesia","IDR8.000.000 - 10.000.000/Bulan
Product Management & Project Management
Business Analyst
Kontrak · Kerja di kantor
Minimal Sarjana (S1)
3 - 5 tahun pengalaman
Tayang Kemarin
Diperbarui Kemarin
LAMAR
TANDAI
BAGIKAN",Metrocom Jaddi Technology
IT Business Analyst,https://glints.com/id/opportunities/jobs/it-business-analyst/9e4f2dae-1d7e-4427-8ed7-112004be17c2?utm_referrer=explore&traceInfo=d05355a4-aba1-4ac1-ad0e-f0a86efee1f7,"['PL/SQL', 'SQL', 'Microsoft SQL Server']",IDR5.000.000 - 9.000.000 /Bulan,"IDR5.000.000 - 9.000.000/Bulan
Product Management & Project Management
Business Analyst
Penuh Waktu","Kerja di kantor
Minimal Diploma (D1 - D4)
1 - 3 tahun pengalaman
Tayang 7 bulan yang lalu
Diperbarui 6 hari yang lalu
LAMAR
TANDAI
BAGIKAN",Minimal Diploma (D1 - D4),Not Specified,"IDR5.000.000 - 9.000.000/Bulan
Product Management & Project Management
Business Analyst
Penuh Waktu · Kerja di kantor
Minimal Diploma (D1 - D4)
1 - 3 tahun pengalaman
Tayang 7 bulan yang lalu
Diperbarui 6 hari yang lalu
LAMAR
TANDAI
BAGIKAN",PT Indocyber Global Teknologi
Business Analyst,https://glints.com/id/opportunities/jobs/business-analyst/dfcc9ff5-1f1f-4ae9-a0e9-585b3c389517?utm_referrer=explore&traceInfo=d05355a4-aba1-4ac1-ad0e-f0a86efee1f7,"['Business Intelligence', 'Business Development', 'Data Analytics', 'Business Process Improvement']",IDR3.500.000 - 4.000.000 /Bulan,"IDR3.500.000 - 4.000.000/Bulan
Product Management & Project Management
Business Analyst
Penuh Waktu","Kerja di kantor
Minimal Sarjana (S1)
1 - 3 tahun pengalaman
Tayang 7 hari yang lalu
Diperbarui 7 hari yang lalu
LAMAR
TANDAI
BAGIKAN",Minimal Sarjana (S1),Not Specified,"IDR3.500.000 - 4.000.000/Bulan
Product Management & Project Management
Business Analyst
Penuh Waktu · Kerja di kantor
Minimal Sarjana (S1)
1 - 3 tahun pengalaman
Tayang 7 hari yang lalu
Diperbarui 7 hari yang lalu
LAMAR
TANDAI
BAGIKAN",Niaga Logistics
Business Analyst,https://glints.com/id/opportunities/jobs/business-analyst/24f20bd1-e651-42f1-b76b-e3fab93c5a1d?utm_referrer=explore&traceInfo=d05355a4-aba1-4ac1-ad0e-f0a86efee1f7,"['BRD', 'FlowChart', 'Presentation Skills', 'Analytical Skills']",IDR5.000.000 - 6.000.000 /Bulan,"IDR5.000.000 - 6.000.000/Bulan
Product Management & Project Management
Business Analyst
Penuh Waktu","Kerja di kantor
Minimal Sarjana (S1)
1 - 3 tahun pengalaman
Tayang 12 hari yang lalu
Diperbarui 12 hari yang lalu
LAMAR
TANDAI
BAGIKAN",Minimal Sarjana (S1),"The Icon, BSD, Jalan Horizon Broadway M3/7, Sampora, Kec. Cisauk, Kabupaten Tangerang, Banten 15345","IDR5.000.000 - 6.000.000/Bulan
Product Management & Project Management
Business Analyst
Penuh Waktu · Kerja di kantor
Minimal Sarjana (S1)
1 - 3 tahun pengalaman
Tayang 12 hari yang lalu
Diperbarui 12 hari yang lalu
LAMAR
TANDAI
BAGIKAN",PT. Meteor Inovasi Digital
Business Analyst,https://glints.com/id/opportunities/jobs/business-analyst/dbfc7eef-d6bc-4305-a1c7-0155e50fec66?utm_referrer=explore&traceInfo=d05355a4-aba1-4ac1-ad0e-f0a86efee1f7,"['Data Analytics', 'Technical Diagrams', 'Project Management']",IDR5.000.000 - 7.500.000 /Bulan,"IDR5.000.000 - 7.500.000/Bulan
Product Management & Project Management
Business Analyst
Kontrak","Kerja di kantor
Minimal Sarjana (S1)
3 - 5 tahun pengalaman
Tayang 2 bulan yang lalu
Diperbarui 13 hari yang lalu
LAMAR
TANDAI
BAGIKAN",Minimal Sarjana (S1),"The Boutique Apartment And Office Park Unit A23- 24, Jl. Benyamin Sueb, Blok A6, Kebon Kosong, Kemayoran","IDR5.000.000 - 7.500.000/Bulan
Product Management & Project Management
Business Analyst
Kontrak · Kerja di kantor
Minimal Sarjana (S1)
3 - 5 tahun pengalaman
Tayang 2 bulan yang lalu
Diperbarui 13 hari yang lalu
LAMAR
TANDAI
BAGIKAN",Star Karlo Indonesia
Business Analyst,https://glints.com/id/opportunities/jobs/business-analyst/a188c1dd-870a-4e95-a6ac-3e7a2f503413?utm_referrer=explore&traceInfo=d05355a4-aba1-4ac1-ad0e-f0a86efee1f7,"['Scrum', 'Microsoft Office', 'English Language', 'Business Analysis', 'Figma', 'Agile Methodologies']",IDR5.500.000 - 7.000.000 /Bulan,"IDR5.500.000 - 7.000.000/Bulan
Product Management & Project Management
Business Analyst
Kontrak","Kerja di kantor
Minimal Diploma (D1 - D4)
1 - 3 tahun pengalaman
Tayang 1 bulan yang lalu
Diperbarui 16 hari yang lalu
LAMAR
TANDAI
BAGIKAN",Minimal Diploma (D1 - D4),Not Specified,"IDR5.500.000 - 7.000.000/Bulan
Product Management & Project Management
Business Analyst
Kontrak · Kerja di kantor
Minimal Diploma (D1 - D4)
1 - 3 tahun pengalaman
Tayang 1 bulan yang lalu
Diperbarui 16 hari yang lalu
LAMAR
TANDAI
BAGIKAN",Cad-it Iot Centre
IT Business Analyst,https://glints.com/id/opportunities/jobs/it-business-analyst/91e9558b-6a61-4100-8f1f-45bf89a55a93?utm_referrer=explore&traceInfo=d05355a4-aba1-4ac1-ad0e-f0a86efee1f7,"['Business Analysis', 'Client Services', 'Information Technology']",IDR7.000.000 - 10.000.000 /Bulan,"IDR7.000.000 - 10.000.000/Bulan
Product Management & Project Management
Business Analyst
Penuh Waktu","Kerja di kantor
Minimal Sarjana (S1)
1 - 3 tahun pengalaman
Tayang 1 bulan yang lalu
Diperbarui 7 hari yang lalu
LAMAR
TANDAI
BAGIKAN",Minimal Sarjana (S1),"PXFG+X9Q, RT.004/RW.017, Jaka Setia, Bekasi Selatan, Bekasi City, West Java 17147","IDR7.000.000 - 10.000.000/Bulan
Product Management & Project Management
Business Analyst
Penuh Waktu · Kerja di kantor
Minimal Sarjana (S1)
1 - 3 tahun pengalaman
Tayang 1 bulan yang lalu
Diperbarui 7 hari yang lalu
LAMAR
TANDAI
BAGIKAN",PT Digital Nayaka Abhinaya
IT Business Analyst,https://glints.com/id/opportunities/jobs/it-business-analyst/902a63db-8783-4620-ba6f-e5613a299cca?utm_referrer=explore&traceInfo=d05355a4-aba1-4ac1-ad0e-f0a86efee1f7,"['Software Documentation', 'Business Process Improvement', 'Agile Methodologies', 'Presentation Skills', 'Jira', 'Business Analysis', 'SDLC', 'Scrum']",IDR10.000.000 - 14.000.000 /Bulan,"IDR10.000.000 - 14.000.000/Bulan
Product Management & Project Management
Business Analyst
Kontrak","Kerja di kantor
Minimal Sarjana (S1)
3 - 5 tahun pengalaman
Tayang 14 hari yang lalu
Diperbarui 14 hari yang lalu
LAMAR
TANDAI
BAGIKAN",Minimal Sarjana (S1),"Menara Karya, 28th Floor Jl. H.R. Rasuna Said Blok X-5 Kav. 1-2, Jakarta 12950 Indonesia","IDR10.000.000 - 14.000.000/Bulan
Product Management & Project Management
Business Analyst
Kontrak · Kerja di kantor
Minimal Sarjana (S1)
3 - 5 tahun pengalaman
Tayang 14 hari yang lalu
Diperbarui 14 hari yang lalu
LAMAR
TANDAI
BAGIKAN",Amit Global Solutions
Senior IT Business Analyst,https://glints.com/id/opportunities/jobs/senior-it-business-analyst/b61205ad-b143-4803-bf47-22d0ce8f307e?utm_referrer=explore&traceInfo=d05355a4-aba1-4ac1-ad0e-f0a86efee1f7,"['Brd', 'SQLite', 'Query', 'Excel Macro', 'Project Management']",IDR13.000.000 - 15.000.000 /Bulan,"IDR13.000.000 - 15.000.000/Bulan
Product Management & Project Management
Business Analyst
Kontrak","Kerja di kantor
Minimal Sarjana (S1)
5 - 10 tahun pengalaman
Tayang 1 bulan yang lalu
Diperbarui 15 hari yang lalu
LAMAR
TANDAI
BAGIKAN",Minimal Sarjana (S1),"Sona Topas Tower Lt. 12, Jl. Jend. Sudirman, RT.4/RW.2, Kuningan, Kota Jakarta Selatan, Daerah Khusus Ibukota Jakarta 12920","IDR13.000.000 - 15.000.000/Bulan
Product Management & Project Management
Business Analyst
Kontrak · Kerja di kantor
Minimal Sarjana (S1)
5 - 10 tahun pengalaman
Tayang 1 bulan yang lalu
Diperbarui 15 hari yang lalu
LAMAR
TANDAI
BAGIKAN",PT Sigma Global Teknologi
IT Business Analyst Supervisor,https://glints.com/id/opportunities/jobs/it-business-analyst-supervisor/57037a6c-8c47-48d2-aa3c-c43f001e94bb?utm_referrer=explore&traceInfo=d05355a4-aba1-4ac1-ad0e-f0a86efee1f7,"['Odoo', 'ERP Software', 'Business Analyst']",IDR8.000.000 - 11.000.000 /Bulan,"IDR8.000.000 - 11.000.000/Bulan
Product Management & Project Management
Business Analyst
Penuh Waktu","Kerja di kantor
Minimal Sarjana (S1)
3 - 5 tahun pengalaman
Tayang 15 hari yang lalu
Diperbarui 15 hari yang lalu
LAMAR
TANDAI
BAGIKAN",Minimal Sarjana (S1),"Jl Raya Pasar Minggu No. 7 Kalibata, Pancoran, Jakarta Selatan","IDR8.000.000 - 11.000.000/Bulan
Product Management & Project Management
Business Analyst
Penuh Waktu · Kerja di kantor
Minimal Sarjana (S1)
3 - 5 tahun pengalaman
Tayang 15 hari yang lalu
Diperbarui 15 hari yang lalu
LAMAR
TANDAI
BAGIKAN","PT Tunas Ridean, Tbk"
Business Analyst IT,https://glints.com/id/opportunities/jobs/business-analyst-it/bfdf081d-d9bd-442a-b509-2f8ab7f67fe8?utm_referrer=explore&traceInfo=86f89a6b-16a6-4e78-8413-175916cf2be5,"['Communication Skills', 'Business Analysis', 'Problem Solving Skills']",IDR7.000.000 - 9.000.000 /Bulan,"IDR7.000.000 - 9.000.000/Bulan
Product Management & Project Management
Business Analyst
Penuh Waktu","Kerja di kantor
Minimal Sarjana (S1)
3 - 5 tahun pengalaman
Tayang Kemarin
Diperbarui Kemarin
LAMAR
TANDAI
BAGIKAN",Minimal Sarjana (S1),"Gg. Mekar VII No.11, RW.9, Cijantung, Kec. Ps. Rebo, Kota Jakarta Timur, Daerah Khusus Ibukota Jakarta 13770","IDR7.000.000 - 9.000.000/Bulan
Product Management & Project Management
Business Analyst
Penuh Waktu · Kerja di kantor
Minimal Sarjana (S1)
3 - 5 tahun pengalaman
Tayang Kemarin
Diperbarui Kemarin
LAMAR
TANDAI
BAGIKAN",Pt Informatika Media Pratama
Marketing Business Analyst,https://glints.com/id/opportunities/jobs/marketing-business-analyst/d4e74358-3001-4432-877a-4c245df1359b?utm_referrer=explore&traceInfo=86f89a6b-16a6-4e78-8413-175916cf2be5,"['Marketing Communications', 'Computer Skills', 'English Language', 'Analytical Skills', 'Data Analytics']",IDR10.000.000 - 12.000.000 /Bulan,"IDR10.000.000 - 12.000.000/Bulan
Product Management & Project Management
Business Analyst
Penuh Waktu","Kerja di kantor
Minimal Sarjana (S1)
3 - 5 tahun pengalaman
Tayang 2 bulan yang lalu
Diperbarui 8 hari yang lalu
LAMAR
TANDAI
BAGIKAN",Minimal Sarjana (S1),Jl. Raya Kelapa Puan Blok AF1 No. 2 Gading Serpong Kab Tangerang,"IDR10.000.000 - 12.000.000/Bulan
Product Management & Project Management
Business Analyst
Penuh Waktu · Kerja di kantor
Minimal Sarjana (S1)
3 - 5 tahun pengalaman
Tayang 2 bulan yang lalu
Diperbarui 8 hari yang lalu
LAMAR
TANDAI
BAGIKAN",PT Persita Tangerang Raya
IT Business Analyst,https://glints.com/id/opportunities/jobs/it-business-analyst/a8202bbe-728e-4ffa-aad7-37a5d990f41b?utm_referrer=explore&traceInfo=86f89a6b-16a6-4e78-8413-175916cf2be5,"['Agile Methodologies', 'SDLC', 'Software Documentation', 'Business Analysis', 'Jira', 'English Language', 'Team Leadership', 'Business Process Improvement', 'Scrum']",IDR14.000.000 - 17.000.000 /Bulan,"IDR14.000.000 - 17.000.000/Bulan
Product Management & Project Management
Business Analyst
Penuh Waktu","Kerja di kantor
Minimal Sarjana (S1)
3 - 5 tahun pengalaman
Tayang 14 hari yang lalu
Diperbarui 14 hari yang lalu
LAMAR
TANDAI
BAGIKAN",Minimal Sarjana (S1),"Menara Karya, 28th Floor Jl. H.R. Rasuna Said Blok X-5 Kav. 1-2, Jakarta 12950 Indonesia","IDR14.000.000 - 17.000.000/Bulan
Product Management & Project Management
Business Analyst
Penuh Waktu · Kerja di kantor
Minimal Sarjana (S1)
3 - 5 tahun pengalaman
Tayang 14 hari yang lalu
Diperbarui 14 hari yang lalu
LAMAR
TANDAI
BAGIKAN",Amit Global Solutions
IT Business Analyst,https://glints.com/id/opportunities/jobs/it-business-analyst/b0e2c56b-37cb-43f2-8d40-c5431f360e5d?utm_referrer=explore&traceInfo=86f89a6b-16a6-4e78-8413-175916cf2be5,"['System Integration', 'Figma', 'SDLC', 'Microsoft Office', 'API Development', 'SQL']",IDR4.900.000 - 5.100.000 /Bulan,"IDR4.900.000 - 5.100.000/Bulan
Product Management & Project Management
Business Analyst
Penuh Waktu","Kerja di kantor
Minimal Sarjana (S1)
1 - 3 tahun pengalaman
Tayang 2 bulan yang lalu
Diperbarui 14 hari yang lalu
LAMAR
TANDAI
BAGIKAN",Minimal Sarjana (S1),"Jl. TB Simatupang Kav 17, RT.7/RW.3, Susukan, Ciracas, RT.7/RW.3, Susukan, Kec. Ciracas, Kota Jakarta Timur, Daerah Khusus Ibukota Jakarta 13750","IDR4.900.000 - 5.100.000/Bulan
Product Management & Project Management
Business Analyst
Penuh Waktu · Kerja di kantor
Minimal Sarjana (S1)
1 - 3 tahun pengalaman
Tayang 2 bulan yang lalu
Diperbarui 14 hari yang lalu
LAMAR
TANDAI
BAGIKAN",PT Nusapala Group
IT Business Analyst - Insurance,https://glints.com/id/opportunities/jobs/it-business-analyst-insurance/5c985d3a-3f9e-4364-bff3-d6047e023ab6?utm_referrer=explore&traceInfo=86f89a6b-16a6-4e78-8413-175916cf2be5,"['L400', 'SDLC', 'SQL']",IDR10.000.000 - 16.500.000 /Bulan,"IDR10.000.000 - 16.500.000/Bulan
Product Management & Project Management
Business Analyst
Kontrak","Kerja di kantor
Minimal Sarjana (S1)
3 - 5 tahun pengalaman
Tayang Kemarin
Diperbarui Kemarin
LAMAR
TANDAI
BAGIKAN",Minimal Sarjana (S1),"PT Esha Parama Teknologi, 88@ Kasablanka Office Tower A 26 F, Jl Casablanca Raya Kav.88, Jakarta, Jakarta Selatan 12870, Indonesia","IDR10.000.000 - 16.500.000/Bulan
Product Management & Project Management
Business Analyst
Kontrak · Kerja di kantor
Minimal Sarjana (S1)
3 - 5 tahun pengalaman
Tayang Kemarin
Diperbarui Kemarin
LAMAR
TANDAI
BAGIKAN",PT Esha Parama Teknologi
Senior Business Analyst,https://glints.com/id/opportunities/jobs/senior-business-analyst/243c885c-9556-4463-8a0d-d9a9d9731a6d?utm_referrer=explore&traceInfo=86f89a6b-16a6-4e78-8413-175916cf2be5,"['Strong Communication Skills', 'Software Requirements', 'Business Analysis']",Not Specified,"Perusahaan tidak menampilkan gaji
Product Management & Project Management
Business Analyst
Penuh Waktu","Kerja di kantor
Minimal Sarjana (S1)
5 - 10 tahun pengalaman
Tayang 5 bulan yang lalu
Diperbarui 29 hari yang lalu
LAMAR
TANDAI
BAGIKAN",Minimal Sarjana (S1),Not Specified,"Perusahaan tidak menampilkan gaji
Product Management & Project Management
Business Analyst
Penuh Waktu · Kerja di kantor
Minimal Sarjana (S1)
5 - 10 tahun pengalaman
Tayang 5 bulan yang lalu
Diperbarui 29 hari yang lalu
LAMAR
TANDAI
BAGIKAN",PT Tricada Intronik
IT Business Analyst (ERP Projects),https://glints.com/id/opportunities/jobs/it-business-analyst-erp-projects/d4e6427e-4436-4cac-bed7-8dc3e59efea4?utm_referrer=explore&traceInfo=86f89a6b-16a6-4e78-8413-175916cf2be5,"['ERP Software', 'English Language', 'Business Analysis']",IDR6.000.000 - 15.000.000 /Bulan,"IDR6.000.000 - 15.000.000/Bulan
Product Management & Project Management
Business Analyst
Penuh Waktu","Hybrid
Minimal Sarjana (S1)
1 - 3 tahun pengalaman
Tayang 30 hari yang lalu
Diperbarui 2 hari yang lalu
LAMAR
TANDAI
BAGIKAN",Minimal Sarjana (S1),"The CEO Building Level 12, Jl. TB Simatupang No. 18 C RT. 006 RW. 009, Kel. Cilandak Barat, Kec. Cilandak Jakarta JK 12430","IDR6.000.000 - 15.000.000/Bulan
Product Management & Project Management
Business Analyst
Penuh Waktu · Hybrid
Minimal Sarjana (S1)
1 - 3 tahun pengalaman
Tayang 30 hari yang lalu
Diperbarui 2 hari yang lalu
LAMAR
TANDAI
BAGIKAN",Medor.id
IT Business Analyst (for Insurance industry),https://glints.com/id/opportunities/jobs/it-business-analyst-for-insurance-industry/1eeeaab8-9401-454e-822a-d5c7d1219afd?utm_referrer=explore&traceInfo=86f89a6b-16a6-4e78-8413-175916cf2be5,"['Csm', 'SQL', 'Insurance', 'Group Asia', 'SDLC', 'Life 400', 'Cbap']",IDR5.000.000 - 7.500.000 /Bulan,"IDR5.000.000 - 7.500.000/Bulan
Product Management & Project Management
Business Analyst
Kontrak","Kerja di kantor
Minimal Sarjana (S1)
3 - 5 tahun pengalaman
Tayang 2 bulan yang lalu
Diperbarui 29 hari yang lalu
LAMAR
TANDAI
BAGIKAN",Minimal Sarjana (S1),"Sona Topas Tower Lt. 12, Jl. Jend. Sudirman, RT.4/RW.2, Kuningan, Kota Jakarta Selatan, Daerah Khusus Ibukota Jakarta 12920","IDR5.000.000 - 7.500.000/Bulan
Product Management & Project Management
Business Analyst
Kontrak · Kerja di kantor
Minimal Sarjana (S1)
3 - 5 tahun pengalaman
Tayang 2 bulan yang lalu
Diperbarui 29 hari yang lalu
LAMAR
TANDAI
BAGIKAN",PT Sigma Global Teknologi
IT Business Analyst (Project Manager),https://glints.com/id/opportunities/jobs/it-business-analyst-project-manager/d4f1bf2b-de2b-441b-aa7b-fc9f7760a9ec?utm_referrer=explore&traceInfo=08b955f7-268d-41f0-9437-73cd0671f67a,"['Jira', 'PostgreSQL', 'Software Engineering', 'JavaScript', 'UX Design', 'Agile Methodologies', 'Frontend Development', 'Software Testing', 'Software Development', 'Back-End Web Development', 'UI Design', 'Go / Golang', 'Angular.js', 'GIT']",Not Specified,"Perusahaan tidak menampilkan gaji
Product Management & Project Management
Business Analyst
Penuh Waktu","Kerja di kantor
Minimal Sarjana (S1)
3 - 5 tahun pengalaman
Tayang 3 bulan yang lalu
Diperbarui 29 hari yang lalu
LAMAR
TANDAI
BAGIKAN",Minimal Sarjana (S1),Ruko Sentra Latumenten Blok C 7-8 Grogol Petamburan Jakarta Barat,"Perusahaan tidak menampilkan gaji
Product Management & Project Management
Business Analyst
Penuh Waktu · Kerja di kantor
Minimal Sarjana (S1)
3 - 5 tahun pengalaman
Tayang 3 bulan yang lalu
Diperbarui 29 hari yang lalu
LAMAR
TANDAI
BAGIKAN",PT. Sinar Sukses Mandiri
Trade Strategy & Principal Business Analyst (FMCG Product),https://glints.com/id/opportunities/jobs/trade-strategy-and-principal-business-analyst-fmcg-product/5f1ff7ac-efca-4c12-ad7e-1f9830b10ec9?utm_referrer=explore&traceInfo=08b955f7-268d-41f0-9437-73cd0671f67a,"['Inventory & Supply Chain Insight', 'Forecasting & Demand Planning', 'Trade Marketing Knowledge', 'Principal & Trade Strategy Alignment', 'Advanced Excel & Data Tools', 'Presentation & Reporting', 'Business & Data Analysis']",IDR10.000.000 - 13.000.000 /Bulan,"IDR10.000.000 - 13.000.000/Bulan
Product Management & Project Management
Business Analyst
Penuh Waktu","Kerja di kantor
Minimal Sarjana (S1)
5 - 10 tahun pengalaman
Tayang 8 hari yang lalu
Diperbarui 8 hari yang lalu
LAMAR
TANDAI
BAGIKAN",Minimal Sarjana (S1),"Jalan Guntur Blok J No 20 C, Kecamatan Limo, Kota Depok","IDR10.000.000 - 13.000.000/Bulan
Product Management & Project Management
Business Analyst
Penuh Waktu · Kerja di kantor
Minimal Sarjana (S1)
5 - 10 tahun pengalaman
Tayang 8 hari yang lalu
Diperbarui 8 hari yang lalu
LAMAR
TANDAI
BAGIKAN",First Routes
IT Business Analyst (Must Ex Banking),https://glints.com/id/opportunities/jobs/it-business-analyst-must-ex-banking/97745e93-08cd-4acf-94c3-d9e9067f6b9a?utm_referrer=explore&traceInfo=e0c68643-9b5a-4fad-b164-b23405066d0c,"['IT Project Management', 'Project Management', 'Strong Communication Skills', 'Presentation Skills', 'Business Analysis']",IDR10.000.000 - 13.500.000 /Bulan,"IDR10.000.000 - 13.500.000/Bulan
Komputer dan Teknologi Informasi (TI)
Posisi Bidang Tech Lainnya
Kontrak","Kerja di kantor
Minimal Diploma (D1 - D4)
3 - 5 tahun pengalaman
Tayang 9 hari yang lalu
Diperbarui 9 hari yang lalu
LAMAR
TANDAI
BAGIKAN",Minimal Diploma (D1 - D4),"Sona Topas Tower Lt. 12, Jl. Jend. Sudirman, RT.4/RW.2, Kuningan, Kota Jakarta Selatan, Daerah Khusus Ibukota Jakarta 12920","IDR10.000.000 - 13.500.000/Bulan
Komputer dan Teknologi Informasi (TI)
Posisi Bidang Tech Lainnya
Kontrak · Kerja di kantor
Minimal Diploma (D1 - D4)
3 - 5 tahun pengalaman
Tayang 9 hari yang lalu
Diperbarui 9 hari yang lalu
LAMAR
TANDAI
BAGIKAN",PT Sigma Global Teknologi
IT Business Analyst (Must Ex Banking),https://glints.com/id/opportunities/jobs/it-business-analyst-must-ex-banking/97745e93-08cd-4acf-94c3-d9e9067f6b9a?utm_referrer=explore&traceInfo=b4d3c39594701165a58c6123de499e55,"['IT Project Management', 'Project Management', 'Strong Communication Skills', 'Presentation Skills', 'Business Analysis']",IDR10.000.000 - 13.500.000 /Bulan,"IDR10.000.000 - 13.500.000/Bulan
Komputer dan Teknologi Informasi (TI)
Posisi Bidang Tech Lainnya
Kontrak","Kerja di kantor
Minimal Diploma (D1 - D4)
3 - 5 tahun pengalaman
Tayang 9 hari yang lalu
Diperbarui 9 hari yang lalu
LAMAR
TANDAI
BAGIKAN",Minimal Diploma (D1 - D4),"Sona Topas Tower Lt. 12, Jl. Jend. Sudirman, RT.4/RW.2, Kuningan, Kota Jakarta Selatan, Daerah Khusus Ibukota Jakarta 12920","IDR10.000.000 - 13.500.000/Bulan
Komputer dan Teknologi Informasi (TI)
Posisi Bidang Tech Lainnya
Kontrak · Kerja di kantor
Minimal Diploma (D1 - D4)
3 - 5 tahun pengalaman
Tayang 9 hari yang lalu
Diperbarui 9 hari yang lalu
LAMAR
TANDAI
BAGIKAN",PT Sigma Global Teknologi
IT Business Analyst (Female) - Mining Industry (ASAP),https://glints.com/id/opportunities/jobs/it-business-analyst-female-mining-industry-asap/75ac8e7d-fa87-4e85-9b7a-8388b50696c9?utm_referrer=explore&traceInfo=09a3a79c-48be-4327-8810-914222c51c93,"['Business Analysis', 'IT Project Management', 'Project Management', 'IT Management']",IDR7.000.000 - 8.500.000 /Bulan,"IDR7.000.000 - 8.500.000/Bulan
Product Management & Project Management
Business Analyst
Kontrak","Kerja di kantor
Minimal Sarjana (S1)
1 - 3 tahun pengalaman
Tayang 1 bulan yang lalu
Diperbarui 6 hari yang lalu
LAMAR
TANDAI
BAGIKAN",Minimal Sarjana (S1),"Sona Topas Tower Lt. 12, Jl. Jend. Sudirman, RT.4/RW.2, Kuningan, Kota Jakarta Selatan, Daerah Khusus Ibukota Jakarta 12920","IDR7.000.000 - 8.500.000/Bulan
Product Management & Project Management
Business Analyst
Kontrak · Kerja di kantor
Minimal Sarjana (S1)
1 - 3 tahun pengalaman
Tayang 1 bulan yang lalu
Diperbarui 6 hari yang lalu
LAMAR
TANDAI
BAGIKAN",PT Sigma Global Teknologi
IT Business Analyst (For Banking Industry),https://glints.com/id/opportunities/jobs/it-business-analyst-for-banking-industry/9c055e33-2be3-4531-a59a-e143d6921556?utm_referrer=explore&traceInfo=09a3a79c-48be-4327-8810-914222c51c93,"['Scrum', 'Business Analysis', 'Agile Methodologies']",IDR10.000.000 - 12.000.000 /Bulan,"IDR10.000.000 - 12.000.000/Bulan
Product Management & Project Management
Business Analyst
Freelance","Kerja di kantor
Minimal Sarjana (S1)
3 - 5 tahun pengalaman
Tayang 1 bulan yang lalu
Diperbarui 2 hari yang lalu
LAMAR
TANDAI
BAGIKAN",Minimal Sarjana (S1),"Sona Topas Tower Lt. 12, Jl. Jend. Sudirman, RT.4/RW.2, Kuningan, Kota Jakarta Selatan, Daerah Khusus Ibukota Jakarta 12920","IDR10.000.000 - 12.000.000/Bulan
Product Management & Project Management
Business Analyst
Freelance · Kerja di kantor
Minimal Sarjana (S1)
3 - 5 tahun pengalaman
Tayang 1 bulan yang lalu
Diperbarui 2 hari yang lalu
LAMAR
TANDAI
BAGIKAN",PT Sigma Global Teknologi
IT Business Analyst (Female) - Mining Industry (ASAP),https://glints.com/id/opportunities/jobs/it-business-analyst-female-mining-industry-asap/75ac8e7d-fa87-4e85-9b7a-8388b50696c9?utm_referrer=explore&traceInfo=6e6d451dd49dfe8b119369dc470fa958,"['Business Analysis', 'IT Project Management', 'Project Management', 'IT Management']",IDR7.000.000 - 8.500.000 /Bulan,"IDR7.000.000 - 8.500.000/Bulan
Product Management & Project Management
Business Analyst
Kontrak","Kerja di kantor
Minimal Sarjana (S1)
1 - 3 tahun pengalaman
Tayang 1 bulan yang lalu
Diperbarui 6 hari yang lalu
LAMAR
TANDAI
BAGIKAN",Minimal Sarjana (S1),"Sona Topas Tower Lt. 12, Jl. Jend. Sudirman, RT.4/RW.2, Kuningan, Kota Jakarta Selatan, Daerah Khusus Ibukota Jakarta 12920","IDR7.000.000 - 8.500.000/Bulan
Product Management & Project Management
Business Analyst
Kontrak · Kerja di kantor
Minimal Sarjana (S1)
1 - 3 tahun pengalaman
Tayang 1 bulan yang lalu
Diperbarui 6 hari yang lalu
LAMAR
TANDAI
BAGIKAN",PT Sigma Global Teknologi
IT Business Analyst (For Banking Industry),https://glints.com/id/opportunities/jobs/it-business-analyst-for-banking-industry/9c055e33-2be3-4531-a59a-e143d6921556?utm_referrer=explore&traceInfo=6e6d451dd49dfe8b119369dc470fa958,"['Scrum', 'Business Analysis', 'Agile Methodologies']",IDR10.000.000 - 12.000.000 /Bulan,"IDR10.000.000 - 12.000.000/Bulan
Product Management & Project Management
Business Analyst
Freelance","Kerja di kantor
Minimal Sarjana (S1)
3 - 5 tahun pengalaman
Tayang 1 bulan yang lalu
Diperbarui 2 hari yang lalu
LAMAR
TANDAI
BAGIKAN",Minimal Sarjana (S1),"Sona Topas Tower Lt. 12, Jl. Jend. Sudirman, RT.4/RW.2, Kuningan, Kota Jakarta Selatan, Daerah Khusus Ibukota Jakarta 12920","IDR10.000.000 - 12.000.000/Bulan
Product Management & Project Management
Business Analyst
Freelance · Kerja di kantor
Minimal Sarjana (S1)
3 - 5 tahun pengalaman
Tayang 1 bulan yang lalu
Diperbarui 2 hari yang lalu
LAMAR
TANDAI
BAGIKAN",PT Sigma Global Teknologi
