id,berkas,regulasi,bagian,halaman_pdf,rezim,tahun_pajak,status_ptkp,jenis_kelamin,skenario,dalam_lingkup,cek_aritmetika,cek_tabel,dugaan_erratum,verifikasi_pass2,uraian
PER16-I.1.1,PER16_I.1.1.json,PER-16/PJ/2016,"Lampiran, Bagian Kedua, I.1.1 (gaji bulanan), Retto",27 28,PER16_2023,2016,K/0,tidak_disebutkan,metode_PER16_bulanan;iuran_pensiun,True,7/7 cocok,cocok,tidak,cocok,"Retto (menikah tanpa anak, K/0) Januari 2016: gaji 5.750.000, iuran pensiun 200.000; PPh sebulan = PPh setahun/12."
PER16-I.1.2,PER16_I.1.2.json,PER-16/PJ/2016,"Lampiran, Bagian Kedua, I.1.2, Bambang Eko",28 29,PER16_2023,2016,K/0,tidak_disebutkan,metode_PER16_bulanan;premi_JKK_JKM;iuran_JHT;iuran_pensiun,True,11/12 cocok,cocok,ya,cocok,"Bambang Eko (menikah tanpa anak, K/0) Juli 2016: gaji 8 juta; premi JKK 0,5% & JKM 0,3% dibayar pemberi kerja (objek); JHT pegawai 2%; iuran pensiun pegawai."
PER16-I.1.3,PER16_I.1.3.json,PER-16/PJ/2016,"Lampiran, Bagian Kedua, I.1.3, Tanti Agustin (karyawati, suami tanpa penghasilan)",29,PER16_2023,2016,K/0,P,metode_PER16_bulanan;pegawai_wanita_kawin;lembur;iuran_pensiun,True,5/6 cocok,cocok,ya,cocok,"Karyawati Tanti Agustin, menikah tanpa anak, suami tidak berpenghasilan (surat keterangan Pemda) -> PTKP diri + kawin (K/0); Juli 2016 gaji 8,5 juta + lembur 2 juta, iuran pensiun 50 ribu."
PER16-I.1.4,PER16_I.1.4.json,PER-16/PJ/2016,"Lampiran, Bagian Kedua, I.1.4, Ikha Hapsari (karyawati, suami PNS)",30,PER16_2023,2016,TK/0,P,metode_PER16_bulanan;pegawai_wanita_kawin;lembur;premi_JKK_JKM;iuran_JHT;iuran_pensiun,True,10/10 cocok,cocok,tidak,cocok,"Karyawati Ikha Hapsari, menikah 3 anak, suami PNS berpenghasilan -> PTKP hanya diri sendiri (54 juta); Juli 2016 gaji 5 juta + lembur 2 juta; JKK 1%, JKM 0,3% (objek); JHT pegawai 2%; iuran pensiun pegawai 50 ribu."
PER16-I.1.5,PER16_I.1.5.json,PER-16/PJ/2016,"Lampiran, Bagian Kedua, I.1.5, dr. Aulia Rais (pegawai tetap rumah sakit)",30 31,PER16_2023,2016,K/3,tidak_disebutkan,metode_PER16_bulanan;plafon_biaya_jabatan;iuran_pensiun,True,6/6 cocok,cocok,tidak,cocok,"dr. Aulia Rais (menikah, 3 anak, K/3) pegawai tetap RS Sehat Tentrem, Agustus 2016 gaji 20 juta (jasa medis 25 juta dari pasien dihitung terpisah sebagai bukan pegawai); iuran pensiun 200 ribu."
PER16-I.10,PER16_I.10.json,PER-16/PJ/2016,"Lampiran, Bagian Kedua, I.10 (natura dari pemberi kerja PPh final/deemed profit), Maydina Aprilianto",47 48,PER16_2023,2016,K/1,tidak_disebutkan,metode_PER16_bulanan;natura_kenikmatan,True,9/9 cocok,cocok,tidak,cocok,"Maydina Aprilianto (menikah 1 anak, K/1) bekerja di perwakilan dagang asing (deemed profit); Agustus 2016 gaji 5 juta + beras 50 kg @15.000 + gula 10 kg @12.000 (natura menjadi objek karena pemberi kerja deemed profit)."
PER16-I.11,PER16_I.11.json,PER-16/PJ/2016,"Lampiran, Bagian Kedua, I.11 (pegawai tetap baru memiliki NPWP pada tahun berjalan), Adi Putra Tarigan",48 49 50,PER16_2023,2016,TK/0,tidak_disebutkan,metode_PER16_bulanan;tanpa_NPWP_120persen;masa_terakhir_desember,False,13/15 cocok,cocok,ya,cocok,"Adi Putra Tarigan (TK/0) gaji+tunjangan 6,5 juta, iuran pensiun 200 ribu; tanpa NPWP dipotong 120%; skenario NPWP Juni dan NPWP akhir November 2016."
PER16-I.12.1,PER16_I.12.1.json,PER-16/PJ/2016,"Lampiran, Bagian Kedua, I.12.1.b (Masa Pajak Terakhir Desember, penghasilan tetap berubah), Sisusa",50 51 52,PER16_2023,2016,TK/0,tidak_disebutkan,metode_PER16_bulanan;masa_terakhir_desember;kenaikan_gaji;iuran_pensiun,True,18/18 cocok,cocok,tidak,cocok,"Sisusa (belum menikah, TK/0) gaji+tunjangan 5,5 juta Jan-Jun dan 7 juta Jul-Des 2016, iuran pensiun 200 ribu; Desember dihitung ulang setahun."
PER16-I.2.1,PER16_I.2.1.json,PER-16/PJ/2016,"Lampiran, Bagian Kedua, I.2.1 (gaji mingguan), Oka Sagala",31 32,PER16_2023,2016,TK/0,tidak_disebutkan,metode_PER16_bulanan;gaji_mingguan,True,6/7 cocok,cocok,ya,cocok,"Oka Sagala (belum menikah, TK/0) pegawai tetap bergaji mingguan 2 juta; PPh minggu pertama Agustus 2016."
PER16-I.2.2,PER16_I.2.2.json,PER-16/PJ/2016,"Lampiran, Bagian Kedua, I.2.2 (gaji mingguan), Muhammad Shodiq",32,PER16_2023,2016,K/1,tidak_disebutkan,metode_PER16_bulanan;gaji_mingguan;premi_JKK_JKM;iuran_JHT;iuran_pensiun;pembulatan_PKP,True,11/11 cocok,cocok,tidak,cocok,"Muhammad Shodiq (K/1) gaji mingguan 1,5 juta; JKK 1%, JKM 0,3% (objek); JHT pegawai 2%; iuran pensiun 50 ribu; PPh minggu kedua Agustus 2016."
PER16-I.2.3,PER16_I.2.3.json,PER-16/PJ/2016,"Lampiran, Bagian Kedua, I.2.3 (gaji harian pegawai tetap), Indradi",33,PER16_2023,2016,K/1,tidak_disebutkan,metode_PER16_bulanan;gaji_harian;premi_JKK_JKM;iuran_JHT;iuran_pensiun;pembulatan_PKP,True,10/13 cocok,cocok,ya,cocok; dikonfirmasi dua kesalahan cetak (bruto & jumlah peng,"Indradi (K/1) pegawai tetap bergaji harian 250 ribu (26 hari/bulan); JKK 1%, JKM 0,3%; JHT pegawai 2%; iuran pensiun 35 ribu; PPh sehari."
PER16-I.3,PER16_I.3.json,PER-16/PJ/2016,"Lampiran, Bagian Kedua, I.3 (uang rapel), Retto",33 34,PER16_2023,2016,K/0,tidak_disebutkan,metode_PER16_bulanan;rapel;iuran_pensiun,True,10/10 cocok,cocok,tidak,cocok,Retto (K/0) Juni 2016 menerima kenaikan gaji menjadi 6.750.000 berlaku surut 1 Januari; rapel Jan-Mei 5.000.000; PPh atas rapel = PPh seharusnya Jan-Mei - PPh yang sudah dipotong.
PER16-I.4.1,PER16_I.4.1.json,PER-16/PJ/2016,"Lampiran, Bagian Kedua, I.4.1 (bonus), Sudiro",34 35,PER16_2023,2016,TK/0,tidak_disebutkan,metode_PER16_bulanan;bonus;metode_selisih_tidak_teratur;iuran_pensiun,True,7/7 cocok,cocok,tidak,cocok,"Sudiro (tidak kawin, TK/0) gaji 5 juta/bulan, bonus Maret 2016 8 juta, iuran pensiun 80 ribu; PPh atas bonus = PPh(gaji setahun + bonus) - PPh(gaji setahun)."
PER16-I.4.2,PER16_I.4.2.json,PER-16/PJ/2016,"Lampiran, Bagian Kedua, I.4.2 (bonus), Shanaya Aqeela (karyawati)",35 36,PER16_2023,2016,TK/0,P,metode_PER16_bulanan;bonus;metode_selisih_tidak_teratur;premi_JKK_JKM;iuran_JHT;iuran_pensiun;pegawai_wanita,True,9/9 cocok,cocok,tidak,cocok,"Karyawati Shanaya Aqeela (tidak kawin, TK/0) gaji 5 juta; JKK 1%, JKM 0,3% (objek), JHT pemberi kerja 3,7% (bukan objek); JHT pegawai 2%, iuran pensiun 50 ribu; bonus April 2016 6 juta."
PER16-I.5,PER16_I.5.json,PER-16/PJ/2016,"Lampiran, Bagian Kedua, I.5 (pegawai dipindahtugaskan dalam tahun berjalan), Didin Qomarudin",36 37 38 39 40,PER16_2023,2016,TK/0,tidak_disebutkan,metode_PER16_bulanan;pindah_tugas_cabang;masa_terakhir_desember;iuran_pensiun,True,17/18 cocok,cocok,ya,cocok setelah perbaikan,"Didin Qomarudin (belum menikah, TK/0) gaji 5 juta, iuran pensiun 100 ribu; Jakarta Jan-Mei, cabang Bandung Jun-Sep, cabang Garut Okt-Des 2016; tiap kantor menghitung dengan neto disetahunkan & neto kantor sebelumnya."
PER16-I.6.1.1,PER16_I.6.1.1.json,PER-16/PJ/2016,"Lampiran, Bagian Kedua, I.6.1.1 (mulai bekerja pertengahan tahun, subjektif sejak awal tahun), Suwondo",40 41,PER16_2023,2016,K/0,tidak_disebutkan,metode_PER16_bulanan;masuk_tengah_tahun;plafon_biaya_jabatan;iuran_pensiun,True,6/6 cocok,cocok,tidak,cocok,"Suwondo (menikah tanpa anak, K/0) pegawai tetap PT Xiang Malam sejak 1 September 2016, gaji 15,5 juta, iuran pensiun 150 ribu; neto 4 bulan tidak disetahunkan; PPh September = PPh/4."
PER16-I.6.1.2,PER16_I.6.1.2.json,PER-16/PJ/2016,"Lampiran, Bagian Kedua, I.6.1.2 (kewajiban subjektif dimulai setelah awal tahun), David Raisita",41 42,PER16_2023,2016,K/3,tidak_disebutkan,metode_PER16_bulanan;masuk_tengah_tahun;subjektif_parsial_disetahunkan;plafon_biaya_jabatan,True,6/6 cocok,cocok,tidak,cocok,"David Raisita (K/3) mulai bekerja di Indonesia 1 September 2016 (s.d. Agustus 2018), gaji 20 juta; neto 4 bulan disetahunkan 12/4, PPh diproporsikan 4/12, PPh sebulan = 1/4."
PER16-I.6.2.1,PER16_I.6.2.1.json,PER-16/PJ/2016,"Lampiran, Bagian Kedua, I.6.2.1 (berhenti bekerja, subjektif tetap), Sulistiyo Wibowo",42 43,PER16_2023,2016,TK/0,tidak_disebutkan,metode_PER16_bulanan;keluar_tengah_tahun;masa_terakhir_bulan_keluar;iuran_pensiun;lebih_potong,True,12/12 cocok,cocok,tidak,cocok,"Sulistiyo Wibowo (belum menikah, TK/0) berhenti 1 Oktober 2016; gaji 6,5 juta, iuran pensiun 100 ribu; PPh bulanan disetahunkan 78.750; perhitungan akhir Jan-Sep tanpa disetahunkan -> lebih dipotong."
PER16-I.6.2.2,PER16_I.6.2.2.json,PER-16/PJ/2016,"Lampiran, Bagian Kedua, I.6.2.2 (berhenti dan kehilangan kewajiban subjektif), Lewis Oshea",43 44 45,PER16_2023,2016,K/3,tidak_disebutkan,metode_PER16_bulanan;keluar_tengah_tahun;subjektif_parsial_disetahunkan;bonus;metode_selisih_tidak_teratur;plafon_biaya_jabatan,True,11/12 cocok,cocok,ya,cocok setelah perbaikan,"Lewis Oshea (K/3) berhenti 1 Juni 2016 dan meninggalkan Indonesia; gaji 15 juta, bonus April 20 juta; PPh gaji bulanan, PPh bonus metode selisih, dan perhitungan kembali Mei (disetahunkan 12/5, proporsi 5/12)."
PER16-I.7,PER16_I.7.json,PER-16/PJ/2016,"Lampiran, Bagian Kedua, I.7 (mata uang asing), Neill Mc Leary",45,PER16_2023,2016,K/1,tidak_disebutkan,metode_PER16_bulanan;mata_uang_asing;plafon_biaya_jabatan,True,7/7 cocok,cocok,tidak,cocok,"Neill Mc Leary (menikah 1 anak, K/1) gaji Januari 2016 US$2.000, kurs KMK Rp13.766."
PER16-I.8,PER16_I.8.json,PER-16/PJ/2016,"Lampiran, Bagian Kedua, I.8 (PPh ditanggung pemberi kerja), Adi Putro",46,PER16_2023,2016,K/3,tidak_disebutkan,metode_PER16_bulanan;pph_ditanggung_pemberi_kerja;iuran_pensiun,True,5/6 cocok,cocok,ya,cocok,"Adi Putro (K/3) gaji 6,5 juta, iuran pensiun 150 ribu, PPh ditanggung PT Lautan Otomata (kenikmatan, bukan penghasilan pegawai - tidak di-gross-up); Juli 2016."
PER16-I.9,PER16_I.9.json,PER-16/PJ/2016,"Lampiran, Bagian Kedua, I.9 (tunjangan pajak), Edward Simatupang",47,PER16_2023,2016,TK/0,tidak_disebutkan,metode_PER16_bulanan;tunjangan_pajak;iuran_pensiun,True,7/7 cocok,cocok,tidak,cocok,"Edward Simatupang (belum menikah, TK/0) gaji 5,5 juta + tunjangan pajak 150 ribu, iuran pensiun 100 ribu; September 2016."
PER16-II.1.1,PER16_II.1.1.json,PER-16/PJ/2016,"Lampiran, Bagian Kedua, II.1.1 (PPh 21 di tempat pemberi kerja sebelum pensiun), Hari Irawan",52 53 54,PER16_2023,2016,K/2,tidak_disebutkan,metode_PER16_bulanan;keluar_tengah_tahun;masa_terakhir_bulan_keluar;plafon_biaya_jabatan;iuran_pensiun,True,8/8 cocok,cocok,tidak,cocok,"Hari Irawan (kawin 2 anak, K/2) pegawai tetap gaji 13 juta, iuran pensiun 250 ribu, pensiun mulai 1 Juli 2016 (diketahui pasti sejak awal tahun): PPh sebulan dihitung dari PKP 6 bulan dibagi 6."
PMK105-B-1,PMK105_B_1.json,PMK 105/2025,"Lampiran huruf B nomor 1, Tuan A (Tahun Anggaran 2026)",38 39,TER_2024,2026,TK/0,L,TER_bulanan;masa_terakhir_desember;DTP,True,31/31 cocok,cocok,tidak,cocok,"Tuan A (TK/0) pegawai tetap PT Z (KLU 13111 industri persiapan serat tekstil) sejak 2023, gaji 8 juta/bulan sepanjang 2026; layak DTP (bruto tetap teratur Januari <= 10 juta); seluruh PPh 21 ditanggung pemerintah."
PMK105-B-2,PMK105_B_2.json,PMK 105/2025,"Lampiran huruf B nomor 2, Tuan B (Tahun Anggaran 2026)",39 40 41,TER_2024,2026,K/1,L,TER_bulanan;masa_terakhir_desember;DTP;bonus;kategori_B;kenaikan_gaji,True,44/44 cocok,cocok,tidak,cocok setelah perbaikan,"Tuan B (K/1) pegawai tetap PT Y (usaha hotel bintang, KLU 55110): gaji+tunjangan tetap 10 juta (Jan-Sep), 12 juta (Okt-Des, promosi), bonus 5 juta Januari & Maret 2026; layak DTP karena penghasilan tetap teratur Januari = 10 juta."
PMK105-B-3,PMK105_B_3.json,PMK 105/2025,"Lampiran huruf B nomor 3, Tuan C (Tahun Anggaran 2026)",41 42 43,TER_2024,2026,TK/0,L,TER_bulanan;masa_terakhir_desember;DTP;bonus;masuk_tengah_tahun;lebih_potong,True,37/39 cocok,cocok,ya,cocok setelah perbaikan,"Tuan C (TK/0) mulai bekerja Maret 2026 di PT X (aktivitas biro perjalanan wisata, KLU 79121), gaji+tunjangan tetap 9 juta, bonus Oktober 5 juta; layak DTP (bulan pertama <= 10 juta); Desember lebih dipotong dan kelebihan DTP tidak dikembalikan."
PMK10-B-1,PMK10_B_1.json,PMK 10/2025,"Lampiran huruf B nomor 1, Tuan A",17 18,TER_2024,2025,TK/0,L,TER_bulanan;masa_terakhir_desember;DTP,True,31/31 cocok,cocok,tidak,cocok,"Tuan A (TK/0) pegawai tetap PT Z (KLU 13111 industri persiapan serat tekstil) sejak 2023, gaji 8 juta/bulan sepanjang 2025; layak DTP (bruto tetap teratur Januari <= 10 juta); seluruh PPh 21 ditanggung pemerintah."
PMK10-B-2,PMK10_B_2.json,PMK 10/2025,"Lampiran huruf B nomor 2, Tuan B",18 19 20,TER_2024,2025,K/1,L,TER_bulanan;masa_terakhir_desember;DTP;bonus;kategori_B;kenaikan_gaji,True,44/44 cocok,cocok,tidak,cocok,"Tuan B (K/1) pegawai tetap PT Y (industri pakaian jadi (konveksi) dari tekstil, KLU 14111): gaji+tunjangan tetap 10 juta (Jan-Sep), 12 juta (Okt-Des, promosi), bonus 5 juta Januari & Maret 2025; layak DTP karena penghasilan tetap teratur Januari = 10 juta."
PMK10-B-3,PMK10_B_3.json,PMK 10/2025,"Lampiran huruf B nomor 3, Tuan C",20 21 22,TER_2024,2025,TK/0,L,TER_bulanan;masa_terakhir_desember;DTP;bonus;masuk_tengah_tahun;lebih_potong,True,38/39 cocok,cocok,ya,cocok setelah perbaikan,"Tuan C (TK/0) mulai bekerja Maret 2025 di PT X (industri sepatu olahraga, KLU 15202), gaji+tunjangan tetap 9 juta, bonus Oktober 5 juta; layak DTP (bulan pertama <= 10 juta); Desember lebih dipotong dan kelebihan DTP tidak dikembalikan."
PMK10-B-4,PMK10_B_4.json,PMK 10/2025,"Lampiran huruf B nomor 4, Tuan D",22,TER_2024,2025,TK/0,L,DTP;kelayakan_DTP_tidak_berhak,True,1/1 cocok,n/a,tidak,cocok,"Tuan D (TK/0) PT W (KLU 13921): kontrak gaji+tunjangan tetap 11 juta, tetapi karena sanksi indisipliner menerima 9,5 juta Jan-Mar 2025; tidak berhak DTP karena menurut kontrak penghasilan tetap teratur Januari > 10 juta."
PMK168-B-I.1,PMK168_B_I.1.json,PMK 168/2023,"Lampiran huruf B, Bagian Kedua, I.1 (Pegawai Tetap yang menerima penghasilan dalam satu Tahun Pajak), Tuan A",33 34 35,TER_2024,2024,K/0,L,TER_bulanan;masa_terakhir_desember;THR;bonus;lembur;premi_JKK_JKM;iuran_pensiun;zakat,True,31/31 cocok,cocok,tidak,cocok,"Tuan A (K/0) bekerja setahun penuh 2024 di PT Z: gaji + tunjangan tetap, lembur Feb & Mei, bonus Juli, THR Desember, premi JKK+JKM, iuran pensiun pegawai, zakat via pemberi kerja; TER kategori A Jan-Nov, Pasal 17 di Desember."
PMK168-B-I.2.1.1,PMK168_B_I.2.1.1.json,PMK 168/2023,"Lampiran huruf B, Bagian Kedua, I.2.1.1 (mulai bekerja pertengahan tahun, kewajiban subjektif sudah ada sejak awal tahun), Tuan B",35 36,TER_2024,2024,TK/0,L,TER_bulanan;masa_terakhir_desember;masuk_tengah_tahun;iuran_pensiun;lebih_potong,True,7/7 cocok,cocok,tidak,cocok,"Tuan B (TK/0) mulai bekerja di PT Y 1 September 2024, gaji 15,5 juta/bulan, iuran pensiun 100 ribu/bulan; penghasilan tidak disetahunkan; Desember lebih dipotong."
PMK168-B-I.2.1.2,PMK168_B_I.2.1.2.json,PMK 168/2023,"Lampiran huruf B, Bagian Kedua, I.2.1.2 (kewajiban subjektif dimulai setelah awal tahun dan mulai bekerja pada tahun berjalan), Tuan C",37 38,TER_2024,2024,TK/0,L,TER_bulanan;masa_terakhir_desember;masuk_tengah_tahun;subjektif_parsial_disetahunkan;zakat_sumbangan_keagamaan,True,10/10 cocok,cocok,tidak,cocok,"Tuan C (TK/0), WNA yang mulai menetap & bekerja 1 September 2024, gaji 15,5 juta, sumbangan keagamaan wajib 775 ribu/bulan; neto disetahunkan 12/4 dan PPh setahun diproporsikan 4/12."
PMK168-B-I.2.2.1,PMK168_B_I.2.2.1.json,PMK 168/2023,"Lampiran huruf B, Bagian Kedua, I.2.2.1 (berhenti bekerja, masih memiliki kewajiban pajak subjektif), Tuan D di PT W",38 39,TER_2024,2024,TK/0,L,TER_bulanan;masa_terakhir_bulan_keluar;keluar_tengah_tahun;iuran_pensiun;lebih_potong,True,11/11 cocok,cocok,tidak,cocok,"Tuan D (TK/0) berhenti bekerja di PT W pada 1 September 2024 (Masa Pajak Terakhir = Agustus); gaji 17,5 juta, iuran pensiun 100 ribu; tidak disetahunkan; lebih dipotong."
PMK168-B-I.2.2.2a,PMK168_B_I.2.2.2a.json,PMK 168/2023,"Lampiran huruf B, Bagian Kedua, I.2.2.2 (berhenti di satu pemberi kerja dan mulai bekerja di pemberi kerja lain), varian 'Tuan D tidak menyerahkan bukti pemotongan dari PT W ke PT AB'",40 41,TER_2024,2024,TK/0,L,TER_bulanan;masa_terakhir_desember;masuk_tengah_tahun;iuran_pensiun;lebih_potong,True,8/8 cocok,cocok,tidak,cocok,"Lanjutan I.2.2.1: Tuan D (TK/0) bekerja di PT AB mulai September 2024, gaji 22,5 juta, iuran pensiun 100 ribu; PT AB menghitung tanpa penghasilan dari PT W."
PMK168-B-I.2.2.2b,PMK168_B_I.2.2.2b.json,PMK 168/2023,"Lampiran huruf B, Bagian Kedua, I.2.2.2, varian 'Tuan D menyerahkan bukti pemotongan dari PT W kepada PT AB' (tabel masa Sept-Nov di hlm. 40)",40 41 42,TER_2024,2024,TK/0,L,TER_bulanan;masa_terakhir_desember;masuk_tengah_tahun;multi_pemberi_kerja,False,4/4 cocok,cocok,tidak,cocok setelah perbaikan,"Tuan D (TK/0) di PT AB Sept-Des 2024 menyerahkan bukti potong PT W; PT AB menggabungkan neto PT W (135,2 juta) pada Masa Pajak Terakhir."
PMK168-B-I.2.2.3,PMK168_B_I.2.2.3.json,PMK 168/2023,"Lampiran huruf B, Bagian Kedua, I.2.2.3 (berhenti bekerja dan sekaligus kehilangan kewajiban pajak subjektif), Tuan E",42 43,TER_2024,2024,TK/0,L,TER_bulanan;masa_terakhir_bulan_keluar;keluar_tengah_tahun;subjektif_parsial_disetahunkan,True,12/12 cocok,cocok,tidak,cocok,"Tuan E (TK/0) berhenti 1 September 2024 dan meninggalkan Indonesia; gaji 17,5 juta Jan-Agt; neto disetahunkan 12/8 dan PPh diproporsikan 8/12."
PMK168-B-I.3,PMK168_B_I.3.json,PMK 168/2023,"Lampiran huruf B, Bagian Kedua, I.3 (penghasilan dalam mata uang asing), Tuan F",44,TER_2024,2024,K/3,L,TER_bulanan;mata_uang_asing;kategori_C,True,2/2 cocok,cocok,tidak,cocok,"Tuan F (K/3) menerima gaji US$2.000 Januari 2024, kurs Menteri Keuangan Rp15.000; bruto Rp30 juta; TER kategori C 11%."
PMK168-B-I.4,PMK168_B_I.4.json,PMK 168/2023,"Lampiran huruf B, Bagian Kedua, I.4 (PPh 21 ditanggung pemberi kerja, full gross up), Tuan G",44,TER_2024,2024,TK/0,L,TER_bulanan;gross_up,True,3/3 cocok,cocok,tidak,cocok,"Tuan G (TK/0) gaji Agustus 2024 Rp51.827.997, PPh ditanggung PT T dan dihitung full gross up: bruto Rp65.605.059, TER A 21%, PPh Rp13.777.062."
PMK168-B-I.5,PMK168_B_I.5.json,PMK 168/2023,"Lampiran huruf B, Bagian Kedua, I.5 (tunjangan pajak), Tuan H",45,TER_2024,2024,K/2,L,TER_bulanan;tunjangan_pajak;kategori_B;iuran_pensiun_tidak_mengurangi_bruto_masa,True,2/2 cocok,cocok,tidak,cocok; catatan 'tunjangan pajak jumlah tetap' kini ditandai ,"Tuan H (K/2) Juli 2024: gaji 6,5 juta + tunjangan pajak 300 ribu (jumlah tetap); iuran pensiun 100 ribu tidak mengurangi dasar TER; bruto 6,8 juta, TER B 0,5%."
PMK168-B-I.6,PMK168_B_I.6.json,PMK 168/2023,"Lampiran huruf B, Bagian Kedua, I.6 (natura dan/atau kenikmatan), Tuan I",45 46,TER_2024,2024,K/1,L,TER_bulanan;natura_kenikmatan;kategori_B,True,2/3 cocok,cocok,ya,cocok,"Tuan I (K/1) Januari 2024: gaji 35 juta + beasiswa dari PT R 20 juta (kenikmatan, objek PPh); bruto 55 juta, TER B 19%."
PMK168-C-I.1.1,PMK168_C_I.1.1.json,PMK 168/2023,"Lampiran huruf C, Bagian Kedua, I.1.1 (Pejabat Negara/PNS/TNI/POLRI dengan penghasilan tetap dan teratur), Tuan A PNS III/c",60 61 62,TER_2024,2024,K/1,L,TER_bulanan;masa_terakhir_desember;kategori_B;penghasilan_tidak_teratur_gaji13_rapel;PNS;DTP_pemerintah_APBN,True,30/30 cocok,cocok,tidak,cocok,Tuan A PNS (K/1) 2024: gaji pokok + tunjangan kinerja/jabatan/istri-anak; gaji ketiga belas Juni 10.017.000; rapel tunjangan kinerja November 2.000.000; TER B; Desember Pasal 17 (PPh ditanggung pemerintah).
PMK168-C-I.1.3a,PMK168_C_I.1.3a.json,PMK 168/2023,"Lampiran huruf C, Bagian Kedua, I.3, bagian '1. Penghasilan yang diterima dan/atau diperoleh dari KPP A', Tuan C PNS",64 65,TER_2024,2024,K/1,L,TER_bulanan;masa_terakhir_desember;kategori_B;penghasilan_tidak_teratur_gaji13_rapel;PNS;pembulatan_PKP;DTP_pemerintah_APBN,True,30/30 cocok,cocok,tidak,cocok setelah perbaikan,Tuan C PNS (K/1) di KPP A 2024: gaji pokok + tunjangan kinerja + tunjangan istri/anak; gaji ketiga belas Juni 8.545.000; TER B; Desember Pasal 17 dengan pembulatan PKP.
PMK168-C-I.1.3b,PMK168_C_I.1.3b.json,PMK 168/2023,"Lampiran huruf C, Bagian Kedua, I.3, bagian '2. Penghasilan yang diterima dan/atau diperoleh dari KIP B' (penggabungan dua pemberi kerja)",65 66,TER_2024,2024,K/1,L,TER_bulanan;masa_terakhir_desember;multi_pemberi_kerja;PNS;pembulatan_PKP,False,16/16 cocok,cocok,tidak,cocok setelah perbaikan,Tuan C PNS (K/1) menerima tunjangan jabatan dari KIP B; KIP B menggabungkan neto & PPh terutang di KPP A pada Desember.
PMK168-C-I.1.4a,PMK168_C_I.1.4a.json,PMK 168/2023,"Lampiran huruf C, Bagian Kedua, I.4 (Pensiunan yang menerima uang pensiun dalam tahun berjalan), bagian penghasilan sebagai PNS Januari-Mei",67 68,TER_2024,2024,K/1,L,TER_bulanan;masa_terakhir_bulan_keluar;keluar_tengah_tahun;kategori_B;PNS;lebih_potong;DTP_pemerintah_APBN,True,14/14 cocok,cocok,tidak,cocok,"Tuan D PNS (K/1) memasuki usia pensiun Juni 2024; Masa Pajak Terakhir sebagai PNS = Mei; neto Jan-Mei 48,9 juta < PTKP 63 juta sehingga PPh setahun nihil dan PPh Jan-Apr menjadi kelebihan (tidak dikembalikan karena DTP)."
PMK168-C-I.1.4b,PMK168_C_I.1.4b.json,PMK 168/2023,"Lampiran huruf C, Bagian Kedua, I.4, bagian uang pensiun Juni-Desember (pembayar uang pensiun berkala memperhitungkan neto PNS Jan-Mei)",67 68 69,TER_2024,2024,K/1,L,pensiunan;multi_pemberi_kerja;masa_terakhir_desember,False,4/5 cocok,cocok,ya,cocok setelah perbaikan,Tuan D (K/1) menerima uang pensiun Juni-Desember 2024; pembayar uang pensiun menggabungkan neto PNS Jan-Mei.
PMK72-B-6,PMK72_B_6.json,PMK 72/2025,"Lampiran huruf B nomor 6, Tuan F",42 43 44 45,TER_2024,2025,TK/0,L,TER_bulanan;masa_terakhir_desember;DTP;DTP_parsial_okt_des;THR,True,35/35 cocok,cocok,tidak,cocok,"Tuan F (TK/0) pegawai tetap PT U (hotel bintang, KLU 55110), gaji+tunjangan tetap 7,4 juta, THR Maret 7,4 juta; DTP pariwisata hanya Okt-Des 2025."
PMK72-B-7,PMK72_B_7.json,PMK 72/2025,"Lampiran huruf B nomor 7, Tuan G",45 46 47,TER_2024,2025,TK/0,L,TER_bulanan;masa_terakhir_desember;DTP;DTP_parsial_okt_des;bonus;lebih_potong;lebih_bayar_vs_DTP,True,33/33 cocok,cocok,tidak,cocok setelah perbaikan,"Tuan G (TK/0) PT U (hotel, KLU 55110), gaji+tunjangan tetap 8 juta, bonus April 8 juta; DTP Okt-Des 2025; Desember lebih potong 80 ribu < DTP Okt-Nov 240 ribu sehingga tidak dikembalikan."
PMK72-B-8,PMK72_B_8.json,PMK 72/2025,"Lampiran huruf B nomor 8, Tuan H (nilai BP21 tambahan dari Lampiran huruf C angka III, hlm. 55-57)",47 48 49 55 56 57,TER_2024,2025,K/3,L,TER_bulanan;masa_terakhir_desember;DTP;DTP_parsial_okt_des;bonus;kategori_C;lebih_potong;lebih_bayar_vs_DTP,True,33/33 cocok,cocok,tidak,cocok setelah perbaikan,"Tuan H (K/3) PT U (hotel, KLU 55110), gaji+tunjangan tetap 9 juta, bonus Maret 18 juta; DTP Okt-Des 2025; Desember lebih potong 1.425.000 > DTP Okt-Nov 225.000 sehingga 1.200.000 dikembalikan."
PP58-Penj-Ps2-1,PP58_Penj_Ps2_1.json,PP 58/2023,"Penjelasan Pasal 2 ayat (1), Contoh Tuan R",8 9,TER_2024,2024,K/0,L,TER_bulanan;masa_terakhir_desember;iuran_pensiun,True,15/15 cocok,cocok,tidak,cocok,"Tuan R (K/0) pegawai tetap PT ABC 2024: gaji 10 juta/bulan, iuran pensiun 100 ribu; TER A 2% Jan-Nov, Pasal 17 di Desember."
PMK168-B-II,di_luar_lingkup.json,PMK 168/2023,"Lampiran B, Bagian Kedua, II (uang pensiun berkala), Tuan J",46 47,,,,,pensiunan,False,6/6 cocok,,tidak,ringkas (tidak diverifikasi pass 2),"Tuan J (K/2) pensiun 1 Jan 2024, uang pensiun 6.300.000/bulan; TER B 0,25%; Desember Pasal 17 dengan biaya pensiun."
PMK168-B-III,di_luar_lingkup.json,PMK 168/2023,"Lampiran B, Bagian Kedua, III (dewan komisaris tidak teratur), Tuan P",47 48,,,,,anggota dewan komisaris,False,2/2 cocok,,tidak,ringkas (tidak diverifikasi pass 2),Tuan P (TK/0) honorarium komisaris Desember 2024 Rp60.000.000; TER A 20%.
PMK168-B-IV.1.1,di_luar_lingkup.json,PMK 168/2023,"Lampiran B, Bagian Kedua, IV.1.1 (PTT upah harian <= 2,5 juta), Tuan K",48 49,,,,,pegawai tidak tetap,False,1/1 cocok,,tidak,ringkas (tidak diverifikasi pass 2),"Tuan K upah harian 500.000 selama 20 hari Januari 2024; TER harian 0,5%."
PMK168-B-IV.1.2,di_luar_lingkup.json,PMK 168/2023,"Lampiran B, Bagian Kedua, IV.1.2 (PTT upah borongan <= 2,5 juta/hari), Tuan L",49,,,,,pegawai tidak tetap,False,1/1 cocok,,tidak,ringkas (tidak diverifikasi pass 2),Tuan L upah borongan 4.500.000 untuk 10 hari (rata-rata 450.000/hari); TER harian 0%.
PMK168-B-IV.1.3,di_luar_lingkup.json,PMK 168/2023,"Lampiran B, Bagian Kedua, IV.1.3 (PTT upah satuan > 2,5 juta/hari), Tuan M",49 50,,,,,pegawai tidak tetap,False,1/1 cocok,,tidak,ringkas (tidak diverifikasi pass 2),Tuan M upah satuan 10 TV x 300.000 = 3.000.000 sehari; Pasal 17 x 50%.
PMK168-B-IV.1.4,di_luar_lingkup.json,PMK 168/2023,"Lampiran B, Bagian Kedua, IV.1.4 (PTT upah borongan > 2,5 juta/hari), Tuan Z",50,,,,,pegawai tidak tetap,False,3/3 cocok,,tidak,ringkas (tidak diverifikasi pass 2),Tuan Z borongan 15.000.000 untuk 5 hari (3.000.000/hari); Pasal 17 x 50% per hari.
PMK168-B-IV.2,di_luar_lingkup.json,PMK 168/2023,"Lampiran B, Bagian Kedua, IV.2 (PTT dibayar bulanan), Tuan N",50 51 52,,,,,pegawai tidak tetap,False,14/14 cocok,,tidak,ringkas (tidak diverifikasi pass 2),"Tuan N (TK/0) pemetik teh, penghasilan bulanan bervariasi 2024 (total 73 juta); TER A setiap masa, tanpa perhitungan Pasal 17 akhir tahun."
PMK168-B-V.1,di_luar_lingkup.json,PMK 168/2023,"Lampiran B, Bagian Kedua, V.1 (bukan pegawai, pekerjaan bebas), Tuan U",52,,,,,bukan pegawai,False,1/1 cocok,,tidak,ringkas (tidak diverifikasi pass 2),"Pengacara, imbalan 400.000.000; DPP 50%; Pasal 17."
PMK168-B-V.2,di_luar_lingkup.json,PMK 168/2023,"Lampiran B, Bagian Kedua, V.2 (jasa dokter di rumah sakit), Tuan R",52 53,,,,,bukan pegawai,False,2/2 cocok,,tidak,ringkas (tidak diverifikasi pass 2),Dokter spesialis; jasa dibayar pasien Jan-Des 2024 total 524 juta; DPP 50% per bulan x tarif Pasal 17 (tidak kumulatif).
PMK168-B-V.3,di_luar_lingkup.json,PMK 168/2023,"Lampiran B, Bagian Kedua, V.3 (imbalan jasa), Tuan T",53 54,,,,,bukan pegawai,False,1/1 cocok,,tidak,ringkas (tidak diverifikasi pass 2),Jasa perbaikan komputer 7.000.000.
PMK168-B-V.4,di_luar_lingkup.json,PMK 168/2023,"Lampiran B, Bagian Kedua, V.4 (bukan pegawai mempekerjakan orang/menyerahkan material), Tuan V",54 55,,,,,bukan pegawai,False,2/2 cocok,,tidak,ringkas (tidak diverifikasi pass 2),"Jasa perawatan AC 10 juta dikurangi upah ahli 4,5 juta dan komponen 1 juta."
PMK168-B-VI.1,di_luar_lingkup.json,PMK 168/2023,"Lampiran B, Bagian Kedua, VI.1 (peserta kegiatan), Tuan W",55,,,,,peserta kegiatan,False,1/1 cocok,,tidak,ringkas (tidak diverifikasi pass 2),"Atlet, hadiah 200.000.000; Pasal 17 atas bruto."
PMK168-B-VI.2,di_luar_lingkup.json,PMK 168/2023,"Lampiran B, Bagian Kedua, VI.2 (penarikan manfaat pensiun oleh pegawai), Tuan Q",56,,,,,peserta program pensiun (masih pegawai),False,2/2 cocok,,tidak,ringkas (tidak diverifikasi pass 2),Penarikan 20 juta (April) dan 15 juta (Juni) 2024; Pasal 17 atas bruto tiap penarikan.
PMK168-B-VI.3,di_luar_lingkup.json,PMK 168/2023,"Lampiran B, Bagian Kedua, VI.3 (mantan pegawai), Tuan O",56 57,,,,,mantan pegawai,False,1/1 cocok,,tidak,ringkas (tidak diverifikasi pass 2),Jasa produksi tahun 2023 sebesar 60 juta diterima Oktober 2024.
PMK168-B-VII.1,di_luar_lingkup.json,PMK 168/2023,"Lampiran B, Bagian Kedua, VII.1 (PPh 26, gaji rupiah), Tuan X",57,,,,,WPLN (PPh 26),False,1/1 cocok,,tidak,ringkas (tidak diverifikasi pass 2),"Gaji Maret 2024 40 juta, 20% final."
PMK168-B-VII.2,di_luar_lingkup.json,PMK 168/2023,"Lampiran B, Bagian Kedua, VII.2 (PPh 26, valas), Tuan Y",57,,,,,WPLN (PPh 26),False,1/1 cocok,,tidak,ringkas (tidak diverifikasi pass 2),"US$2.500 x Rp15.000, 20% final."
PMK168-C-I.1.2,di_luar_lingkup.json,PMK 168/2023,"Lampiran C, Bagian Kedua, I.2 (pensiunan PNS), Tuan B",62 63,,,,,pensiunan PNS,False,2/2 cocok,,tidak,ringkas (tidak diverifikasi pass 2),"Tuan B (K/3) uang pensiun 2,5 juta/bulan + gaji ketiga belas Juni 2,5 juta; TER C 0%; PKP nihil."
PMK10-B-5,di_luar_lingkup.json,PMK 10/2025,"Lampiran B, Tuan E (pegawai tidak tetap, DTP)",22 23,,,,,pegawai tidak tetap (DTP),False,1/1 cocok,,tidak,ringkas (tidak diverifikasi pass 2),"Tuan E PTT di PT V (KLU 31001), borongan 5.000.000 untuk 10 hari (rata-rata 500.000/hari); PPh DTP per hari."
PMK72-B-5,di_luar_lingkup.json,PMK 72/2025,"Lampiran B, Tuan E (pegawai tidak tetap, DTP)",42,,,,,pegawai tidak tetap (DTP),False,1/1 cocok,,tidak,ringkas (tidak diverifikasi pass 2),"Tuan E PTT di PT V (KLU 31001), borongan 5.000.000 untuk 10 hari (rata-rata 500.000/hari); PPh DTP per hari."
PMK105-B-4,di_luar_lingkup.json,PMK 105/2025,"Lampiran B, Tuan E (pegawai tidak tetap, DTP)",43,,,,,pegawai tidak tetap (DTP),False,1/1 cocok,,tidak,ringkas (tidak diverifikasi pass 2),"Tuan E PTT di PT V (KLU 31001), borongan 5.000.000 untuk 10 hari (rata-rata 500.000/hari); PPh DTP per hari."
PER16-II.1.2,di_luar_lingkup.json,PER-16/PJ/2016,"Bagian Kedua, II.1.2 (Dana Pensiun, tahun pertama pensiun), Hari Irawan",54 55,,,,,pensiunan,False,3/3 cocok,,ya,ringkas (tidak diverifikasi pass 2),"Uang pensiun 6 juta/bulan Juli-Des 2016 digabung neto pemberi kerja (73,5 juta)."
PER16-II.2,di_luar_lingkup.json,PER-16/PJ/2016,"Bagian Kedua, II.2 (uang pensiun tahun kedua), Hari Irawan",55 56,,,,,pensiunan,False,2/2 cocok,,tidak,ringkas (tidak diverifikasi pass 2),Uang pensiun 6 juta/bulan mulai Januari 2017.
PER16-III.1.1,di_luar_lingkup.json,PER-16/PJ/2016,"Bagian Kedua, III.1.1 (upah harian), Nurcahyo",56 57,,,,,pegawai tidak tetap / harian,False,2/2 cocok,,tidak,ringkas (tidak diverifikasi pass 2),"Upah harian 450.000 (TK/0); kumulatif > 4,5 juta pada hari ke-11."
PER16-III.1.2,di_luar_lingkup.json,PER-16/PJ/2016,"Bagian Kedua, III.1.2 (upah harian), Nanang Hermawan",57,,,,,pegawai tidak tetap / harian,False,1/1 cocok,,tidak,ringkas (tidak diverifikasi pass 2),Upah harian 650.000 (TK/0) Maret 2016.
PER16-III.2,di_luar_lingkup.json,PER-16/PJ/2016,"Bagian Kedua, III.2 (upah satuan), Rizal Fahmi",58,,,,,pegawai tidak tetap,False,1/1 cocok,,tidak,ringkas (tidak diverifikasi pass 2),24 TV x 125.000 = 3.000.000 seminggu (6 hari).
PER16-III.3,di_luar_lingkup.json,PER-16/PJ/2016,"Bagian Kedua, III.3 (upah borongan), Mawan",58,,,,,pegawai tidak tetap,False,1/1 cocok,,tidak,ringkas (tidak diverifikasi pass 2),Borongan 950.000 untuk 2 hari.
PER16-III.4,di_luar_lingkup.json,PER-16/PJ/2016,"Bagian Kedua, III.4 (harian dibayar bulanan), Bagus Hermanto",58 59,,,,,pegawai tidak tetap,False,2/2 cocok,,tidak,ringkas (tidak diverifikasi pass 2),20 hari x 250.000 = 5.000.000 Januari 2016 (K/0).
PER16-III.5,di_luar_lingkup.json,PER-16/PJ/2016,"Bagian Kedua, III.5 (bonus tenaga harian lepas), Bagus Hermanto",59,,,,,pegawai tidak tetap,False,3/3 cocok,,tidak,ringkas (tidak diverifikasi pass 2),Bonus 6.000.000 pada bulan yang sama.
PER16-IV.1,di_luar_lingkup.json,PER-16/PJ/2016,"Bagian Kedua, IV.1 (mantan pegawai), Victoria Endah",60,,,,,mantan pegawai,False,1/1 cocok,,tidak,ringkas (tidak diverifikasi pass 2),Jasa produksi 55.000.000.
PER16-IV.2,di_luar_lingkup.json,PER-16/PJ/2016,"Bagian Kedua, IV.2 (komisaris bukan pegawai tetap), Aulia Rais",60,,,,,komisaris,False,1/1 cocok,,tidak,ringkas (tidak diverifikasi pass 2),Honorarium 60.000.000.
PER16-IV.3,di_luar_lingkup.json,PER-16/PJ/2016,"Bagian Kedua, IV.3 (penarikan dana pensiun oleh pegawai), Nicholas Sinulingga",60 61,,,,,peserta program pensiun (masih pegawai),False,1/1 cocok,,tidak,ringkas (tidak diverifikasi pass 2),"Penarikan 20 jt (Apr), 15 jt (Jun), 25 jt (Okt) - tarif kumulatif."
PER16-V.1.a,di_luar_lingkup.json,PER-16/PJ/2016,"Bagian Kedua, V.1.a (dokter praktik di RS), dr. Samudera Putra",61 62,,,,,bukan pegawai berkesinambungan,False,2/2 cocok,,tidak,ringkas (tidak diverifikasi pass 2),Jasa dokter Jan-Des 2016 total 524 juta; DPP 50% kumulatif dengan tarif Pasal 17.
PER16-V.1.b,di_luar_lingkup.json,PER-16/PJ/2016,"Bagian Kedua, V.1.b (agen asuransi bukan pegawai), Ety Rahmawati",62 63 64,,,,,bukan pegawai berkesinambungan,False,1/4 cocok,,ya,ringkas (tidak diverifikasi pass 2),"Komisi agen 2016 total 692 juta; DPP 50% - PTKP bulanan, kumulatif; varian tanpa NPWP 120% tanpa PTKP."
PER16-V.2.a,di_luar_lingkup.json,PER-16/PJ/2016,"Bagian Kedua, V.2.a (bukan pegawai tidak berkesinambungan), Nashrun Berlianto",65,,,,,bukan pegawai,False,1/1 cocok,,tidak,ringkas (tidak diverifikasi pass 2),Fee perbaikan komputer 5.000.000.
PER16-V.2.b,di_luar_lingkup.json,PER-16/PJ/2016,"Bagian Kedua, V.2.b (pengacara), Toga Marolop Simanjuntak",65,,,,,bukan pegawai,False,1/1 cocok,,tidak,ringkas (tidak diverifikasi pass 2),Fee 450.000.000; DPP 225.000.000.
PER16-V.3,di_luar_lingkup.json,PER-16/PJ/2016,"Bagian Kedua, V.3 (bukan pegawai mempekerjakan orang/material), Dedy Efriliansyah",65 66,,,,,bukan pegawai,False,2/2 cocok,,tidak,ringkas (tidak diverifikasi pass 2),"Perawatan AC 10 juta; upah pekerja 4,5 juta; spare part 1 juta."
PER16-VI,di_luar_lingkup.json,PER-16/PJ/2016,"Bagian Kedua, VI (peserta kegiatan), Sony Gemilang",66,,,,,peserta kegiatan,False,1/1 cocok,,tidak,ringkas (tidak diverifikasi pass 2),Hadiah turnamen 200.000.000.
PER16-VII,di_luar_lingkup.json,PER-16/PJ/2016,"Bagian Kedua, VII (PPh 26 pegawai WPLN, valas), Done Preksi",67,,,,,WPLN (PPh 26),False,2/2 cocok,,tidak,ringkas (tidak diverifikasi pass 2),US$2.500 x Rp13.394.
