nama,url,operator_pemilik,jenis,status_url,mendukung_ter,mendukung_pra2024,masa_pajak_terakhir_desember,gross_up,thr_bonus,bpjs,ptkp_ki,field_input,output_utama,robots_txt,tos_url,tos_otomasi,boleh_otomasi_kesimpulan,catatan
Kalkulator Pajak DJP (tab PPh 21),https://kalkulator.pajak.go.id/,Direktorat Jenderal Pajak (Kemenkeu),resmi pemerintah,ok (HTTP 200),"ya (Jenis Pemotongan: PPh 21 Bulanan, kode objek 21-100-01/02)",tidak (tidak ada pilihan tahun pajak; tidak terlihat),"ya (PPh 21 Tahunan A1/A2, Penghitungan Setahun/Disetahunkan, Masa Penghasilan Jan–Des)",ya (Skema Penghitungan Gross / Gross Up),"ya (field Tantiem, Bonus, Gratifikasi, Jasa Produksi dan THR di formulir tahunan)",input manual (Iuran Pensiun atau Iuran THT/JHT; Premi Asuransi yang Dibayarkan Pemberi Kerja),tidak (hanya TK/0–K/3),Jenis Pemotongan (Bulanan/Final/Tidak Final/Tahunan); Kode Objek Pajak; Skema Penghitungan (Gross/Gross Up); Penghasilan yang telah dipotong PPh 21 pada masa pajak yang sama; Penghasilan Bruto; PTKP; Kode Keamanan (CAPTCHA); [Tahunan] Jenis PPh Tahunan (A1/P3K-A1/P3K-A2); PTKP; Penghitungan (Setahun/Disetahunkan); Masa Penghasilan awal–akhir; Fasilitas PPh 21; Gaji/Pensiun; Tunjangan PPh; Tunjangan Lainnya/Uang Lembur; Honorarium; Premi Asuransi; Natura dan Kenikmatan; Tantiem/Bonus/Gratifikasi/Jasa Produksi/THR; Biaya Jabatan/Pensiun; Iuran Pensiun/THT/JHT; Zakat/Sumbangan Keagamaan; Penghasilan Neto Masa Pajak Sebelumnya; PPh 21 yang Telah Dipotong Masa Sebelumnya,"DPP; Tarif; PPh 21; (tahunan) Penghasilan Neto, PKP setahun/disetahunkan, PPh 21 atas PKP, PPh 21 terutang (kurang/lebih)",robots.txt tidak ada (diverifikasi: /robots.txt -> HTTP 302 ke halaman error HTML),https://www.pajak.go.id/prasyarat-pengguna,"tidak menyebut otomasi; melarang penggunaan komersial tanpa izin: ""Segala bentuk penggunaan material yang bersifat komersial harus seizin Ditjen Pajak.""",tidak — manual saja,Wajib CAPTCHA (img /captcha-image) per perhitungan -> otomasi jelas tidak dimaksudkan; diluncurkan 19 Jan 2024 (pajak.go.id/en/node/107937); panduan PDF Buku_PPh2126_Release_20240108; referensi utama (resmi) untuk uji manual
Ortax Kalkulator PPh 21 Masa (Mulai 2024) / Masa Pajak Terakhir / Masa (Sebelum 2024),https://kalkulator.ortax.org/ter ; https://kalkulator.ortax.org/yearly ; https://kalkulator.ortax.org/period,Ortax (© PT Integral Data Prima; terafiliasi BS Advisory),konsultan,"ok (HTTP 200, ketiga URL)",ya (/ter: TER bulanan + kategori TER),"ya (/period: Masa Sebelum Tahun 2024, metode disetahunkan Ps.17)",ya (/yearly: Masa Pajak Terakhir),ya (Tunjangan Pajak: Gross / Gross-up),"ya (field Tantiem, Bonus, Gratifikasi, Jasa Produksi dan THR; output PPh atas penghasilan teratur vs tidak teratur di /yearly & /period)",input manual (Premi Asuransi yang dibayar Pemberi Kerja; Iuran Pensiun atau Iuran THT/JHT),tidak jelas (Status Kawin + Tanggungan; opsi K/I tidak terlihat),"Status Pegawai; Status NPWP (/yearly,/period); Status Kawin; Tanggungan; Masa Penghasilan s/d (/yearly,/period); Status/Status Masuk; Tunjangan Pajak (Gross/Gross-up); Ketentuan PTKP; Ketentuan Pasal 17; Gaji/Pensiun atau THT/JHT; Tunjangan PPh; Tunjangan Lainnya/Uang Lembur; Honorarium; Premi Asuransi dibayar Pemberi Kerja; Natura dan Kenikmatan Lainnya; Tantiem/Bonus/Gratifikasi/Jasa Produksi/THR; Biaya Jabatan; Iuran Pensiun/THT/JHT; Zakat (/yearly)","/ter: Penghasilan Bruto, TER bulanan, Kategori TER, PPh 21 terutang bulan ini; /yearly & /period: Penghasilan Neto, PKP setahun/disetahunkan, PPh 21 atas PKP, PPh dipotong masa sebelumnya, PPh 21 terutang bulan ini, PPh atas penghasilan teratur & tidak teratur","User-Agent: * Allow: / (diverifikasi, ortax.org & kalkulator.ortax.org)",https://ortax.org/disclaimer (juga https://ortax.org/privacy-policy),"melarang: ""lisensi pribadi, terbatas, non-eksklusif, non-komersial""; ""Pengguna dilarang keras untuk mengubah, menyalin ulang secara utuh (scraping), atau menggandakan materi-materi ... tanpa izin tertulis dari Ortax""",tidak — manual saja,"Paling lengkap untuk perbandingan lintas rezim (pra-2024, TER, Desember); SPA React (JS); izin tertulis dapat diminta ke Ortax bila perlu otomasi"
DDTCNews Kalkulator PPh Pasal 21,https://news.ddtc.co.id/kalkulator,DDTC (Danny Darussalam Tax Center) – DDTCNews,konsultan,ok (HTTP 200),ya (output Kategori Tarif Efektif; tahun pajak 2024+),ya (Tahun Pajak 2017–2025 di HTML; WebFetch juga melihat 2026),ya (Jenis Masa Pajak; opsi Desember; perhitungan setahun Ps.17),ya (Gross Up: Tidak/Ya),ya (List Penghasilan Tidak Rutin / Penghasilan Non Rutin),input manual (List Pengurang Penghasilan Selain Biaya Jabatan; biaya jabatan otomatis),tidak jelas (Status PTKP Awal Tahun; opsi tidak diverifikasi),"Penerima Penghasilan (Pegawai Tetap, Pensiun, Tidak Tetap, Dokter, Bukan Pegawai, Mantan Pegawai, Peserta Kegiatan); Tahun Pajak; Gross Up; Jenis Masa Pajak; Metode Pembayaran; Punya NPWP; Status PTKP Awal Tahun; Bulan Awal/Akhir Bekerja; Skenario; Gaji Pokok; List Penghasilan Rutin Lain; List Penghasilan Tidak Rutin; List Pengurang Penghasilan Selain Biaya Jabatan; Penghasilan Neto/Pajak dipotong dari Kantor Sebelumnya; Jumlah Hari Kerja (pegawai tidak tetap)","Penghasilan Bruto; Kategori Tarif Efektif; Pajak Terutang; (Desember) Penghasilan Neto Setahun, PTKP, PKP, Lapisan Tarif Tertinggi, Pajak terutang atas penghasilan rutin vs non rutin, Total Pajak Terutang di Masa ini",user-agent: * allow: / (diverifikasi),https://news.ddtc.co.id/disclaimer ; https://news.ddtc.co.id/kalkulator-disclaimer,"tidak menyebut otomasi; ""Seluruh layanan tersebut ditujukan untuk kebutuhan pribadi Anda dan bukan untuk digunakan kembali secara komersial""; footer: ""Dilarang distribusi tanpa izin dari DDTC""",manual saja (ToS tidak jelas),"Field rinci dirender JS (Next.js) setelah pilih penerima; label diambil dari bundle JS halaman; disclaimer: hasil ""ditujukan sebagai alat bantu dan bukan hasil final""; kandidat kuat (TER+Desember+gross-up+tidak rutin+pra-2024)"
Pajakku Kalkulator PPh 21 TER & Tahunan,https://pajakku.com/kalkulator-pajak/pph-21,"PT Mitra Pajakku (PJAP, mitra resmi DJP)",vendor PJAP,ok (HTTP 200),ya (PPh 21 Bulanan; skema PP 58/2023 & PMK 168/2023),tidak (tidak ada pilihan tahun pajak),"ya (PPh 21 Tahunan, Setahun/Disetahunkan, Masa Penghasilan Jan–Des)",ya (Skema Penghitungan Gross / Gross Up),"ya (Tantiem, Bonus, Gratifikasi, Jasa Produksi dan THR)",input manual (Iuran Pensiun atau Iuran THT/JHT; Premi Asuransi),tidak (TK/0–K/3),Jenis Pemotongan (Bulanan/Final/Tidak Final/Tahunan); Kode Objek Pajak; Skema Penghitungan (Gross/Gross Up); Penghasilan yang telah dipotong pada masa yang sama; Transaksi dalam kurun 2 tahun; Jenis (PTT bulanan/non bulanan); Penghasilan Bruto; PTKP; Golongan/Pangkat; [Tahunan] PTKP; Perhitungan Setahun/Disetahunkan; Masa Penghasilan; Gaji/Pensiun; Tunjangan PPh; Tunjangan Lainnya/Lembur; Honorarium; Premi Asuransi; Natura; Tantiem/Bonus/THR; Biaya Jabatan; Iuran Pensiun/JHT; Zakat; Penghasilan Neto masa sebelumnya; PPh 21 telah dipotong; PPh 21 DTP; Proporsi penghasilan untuk PPh 21 DTP; Cloudflare Turnstile,"Total PPh 21 Terutang (DPP, tarif, rincian tahunan A1/A2)","Yoast/WordPress default (Disallow /wp-admin/, /?s=, /feed/ dll.; path kalkulator tidak di-disallow) (diverifikasi)",https://pajakku.com/legal/toc/syarat-ketentuan (PDF berlaku 25 Mar 2026),"melarang: Pasal 5.2 ""Menyalahgunakan, mengubah, menyalin, meniru, membongkar, pemasangan BOT atau melakukan reverse engineering atas layanan aplikasi Pajakku""; 5.4 larangan ""menimbulkan kelebihan beban""",tidak — manual saja,"Formulir meniru kalkulator DJP; dilindungi Cloudflare Turnstile (anti-bot); disclaimer ""Perhitungan ini bersifat estimasi berdasarkan regulasi terbaru"""
Mekari Klikpajak Kalkulator PPh 21 TER,https://klikpajak.id/kalkulator-pph-21/,PT Mid Solusi Nusantara (Mekari) – Klikpajak (PJAP),vendor PJAP,ok (HTTP 200),ya (TER + Kategori TER),tidak,"tidak (teks: ""The TER application does not apply for the month of December"" -> diarahkan ke kalkulator.pajak.go.id)",ya (Calculation scheme: Gross / Gross up),tidak (hanya satu field Gross income),tidak ada,tidak (TK/0–K/3),"Month of PPh; Employment status (Pegawai Tetap, Tidak Tetap, Bukan Pegawai, Ekspatriat, Tenaga Ahli, Dewan Komisaris, Tenaga Kerja Lepas, dll.); PTKP Status; Calculation scheme (Gross/Gross up); PPh Allowance; Gross income",Tax Base (DPP); Average Effective Rate (TER); TER Category; PPh 21,"User-agent: * Allow: / dengan beberapa Disallow (wp-admin, cdn-cgi, blog/tag) (diverifikasi)",https://mekari.com/persyaratan-layanan/?product=mekari_klikpajak,"tidak menyebut bot/scraping secara eksplisit; ""Anda tidak dan tidak akan memperbanyak, menduplikasi, menyalin, mengubah, menjual, menjual kembali, atau mengeksploitasi bagian apapun dari Platform dan/atau Produk"" (ToS berorientasi pelanggan berlangganan)",manual saja (ToS tidak jelas),"Label campuran Inggris/Indonesia; widget identik dengan Mekari Talenta; catatan: ""tidak boleh dianggap sebagai nasihat pajak"""
Mekari Talenta Kalkulator PPh 21 (ID) / PPh 21 & TER Calculator (EN),https://www.talenta.co/tool-gratis/kalkulator-pph21/ ; https://www.talenta.co/en/free-tools/pph21-calculator/,PT Mid Solusi Nusantara (Mekari) – Talenta,vendor HRIS,"ok (HTTP 200, ID & EN; /free-tools/kalkulator-pph21/ -> 404)",ya (TER + Kategori TER),tidak (kalkulator PPh 21); kalkulator gaji bersih terpisah memakai metode disetahunkan,tidak (Desember diarahkan ke kalkulator.pajak.go.id),ya (skema Gross / Gross up),tidak (satu field Gross income; ada kalkulator THR & bonus terpisah),tidak ada di kalkulator PPh 21; kalkulator gaji bersih menampilkan BPJS Kes/JP/JHT otomatis,tidak (TK/0–K/3),Month of PPh; Employment status; PTKP Status; Calculation scheme (Gross/Gross up); PPh Allowance; Gross income (basic_salary),Tax Base (DPP); TER; TER Category; PPh 21,"User-agent: * Allow: / dengan Disallow wp-admin, /download/, dll. (diverifikasi)",https://mekari.com/persyaratan-layanan/?product=mekari_talenta,"tidak menyebut bot/scraping secara eksplisit; melarang ""memperbanyak, menduplikasi, menyalin ... atau mengeksploitasi bagian apapun dari Platform dan/atau Produk""",manual saja (ToS tidak jelas),"Widget sama dengan Klikpajak; tool terkait: https://www.talenta.co/tool-gratis/kalkulator-gaji-bersih/ (input: gaji kotor, status kawin, tanggungan; output PPh 21 disetahunkan, BPJS Kesehatan, JP, JHT, take home pay)"
Gadjian – Template Kalkulator PPh 21 TER Bulanan (Excel),https://www.gadjian.com/blog/2024/06/19/download-template-kalkulator-pph-21-ter-excel/,PT Fatiha Sakti (Gadjian),vendor HRIS,"ok (HTTP 200; tautan unduh Google Drive aktif, file tidak dibuka)","ya (template TER bulanan, 3 kategori)",tidak,tidak (khusus TER bulanan),tidak jelas,ya (kolom THR pada contoh),"ya (kolom tunjangan BPJS dihitung rumus, mis. JKK 0,24%)",tidak jelas,"(dari artikel tutorial, file tidak diverifikasi) Status PTKP (dropdown TK/0–K/3); Gaji; Tunjangan BPJS (JKK, JKM, dll.); THR; Penghasilan bruto; TER",PPh 21 bulanan = TER x penghasilan bruto (per baris karyawan),"User-agent: * dengan beberapa Disallow (training, partner list, gadjianku) (diverifikasi)",https://www.gadjian.com/termofservice,"melarang: ""Menggunakan kode otomatis, sistem 'screen scraping,' robot, net crawler, spider, trawling atau metode serupa untuk mengakses atau memproses data dari layanan Gadjian""",tidak — manual saja,"Tidak ada kalkulator web publik (/features/kalkulator-pph-karyawan hanya pemasaran produk berbayar, trial 14 hari); hanya template Excel via Google Drive; isi file tidak diverifikasi; lisensi template tidak dinyatakan"
OnlinePajak – kalkulator PPh 21,https://www.online-pajak.com/,OnlinePajak (PJAP),vendor PJAP,tidak ditemukan (/kalkulator-pph-21 -> 404; homepage 200),tidak diverifikasi,tidak diverifikasi,tidak diverifikasi,tidak diverifikasi,tidak diverifikasi,tidak diverifikasi,tidak diverifikasi,tidak ada kalkulator publik yang ditemukan,-,hanya aturan Googlebot (Disallow /en?s=*) (diverifikasi),https://www.online-pajak.com/syarat-ketentuan/,"tidak menyebut bot/scraping eksplisit; ""You are not permitted to use any part of the content on our Site for commercial purposes without obtaining a license from us"" (via WebFetch)",manual saja (ToS tidak jelas),"Perhitungan PPh 21 (TER, gross/net, bonus, BPJS) hanya di dalam aplikasi (perlu akun); situs hanya artikel panduan; nama badan hukum tidak diverifikasi"
Kledo / GajiHub – kalkulatorpph.com (Kalkulator PPh 21),https://kalkulatorpph.com/,PT Kledo Berhati Nyaman (GajiHub/Kledo); juga app Android com.kledocalculatorpph.app,vendor HRIS,ok (HTTP 200); kledo.com/kalkulator-pph-21 & gajihub.com/kalkulator-pph-21 -> 404,tidak (tidak ada TER/kategori),"ya (metode lama disetahunkan Ps.17; judul halaman ""2022"")",tidak jelas (ada Jumlah Bulan Kerja & Penghasilan Neto Masa Sebelumnya; tidak ada pilihan masa),ya (Tunjangan Pajak: Gross / Gross Up),"ya (Tantiem, Bonus, Gratifikasi, Jasa Produksi dan THR)",input manual (Iuran pensiun atau iuran THT/JHT; Premi Asuransi),tidak jelas (Status Perkawinan: Kawin/Tidak Kawin/Hidup Berpisah + Jumlah Tanggungan),Pendapatan (mode ringkas); Status Perkawinan; Jumlah Tanggungan; NPWP (Punya/Tidak); Jumlah Bulan kerja dalam Setahun; Tunjangan Pajak (Gross/Gross Up); Gaji/Pensiun atau THT/JHT; Tunjangan PPh; Tunjangan Lainnya/Lembur; Honorarium; Premi Asuransi; Natura; Tantiem/Bonus/THR; Biaya Jabatan; Iuran pensiun/THT/JHT,"PPh bulan ini; PPh tahun ini; rincian (Bruto setahun, Biaya jabatan, Neto, PTKP, PKP, PPh 21 terutang)",robots.txt 404 (diverifikasi); kledo.com: Allow / (Yoast),https://kledo.com/terms-service/ (kalkulatorpph.com sendiri: tautan Kebijakan Privasi kosong),"tidak menyebut bot/scraping eksplisit; ""Tidak mencoba untuk mengubah, menyalin, meniru, membongkar, atau melakukan reverse engineering ... atau untuk menggunakan Website diluar penggunaan yang diperlukan dan dimaksudkan""",manual saja (ToS tidak jelas),Perhitungan dikirim ke server (baseURL api.kledo.com/api/v1) -> otomasi membebani API pihak ketiga; tampak belum diperbarui ke TER; GajiHub juga punya https://gajihub.com/kalkulator-gaji-bersih/ (tidak diperiksa rinci)
KalkulatorPajak.id – Kalkulator PPh 21 TER,https://kalkulatorpajak.id/kalkulator/pph-21,KalkulatorPajak.id (independen; afiliasi Klikpajak/Mekari),independen,ok (HTTP 200),ya (TER Jan–Nov),tidak,ya (Progresif – Masa Desember (rekonsiliasi)),ya (Aktifkan Gross-Up; Tunjangan PPh otomatis),ya (THR / Bonus jika dibayar bulan ini; bruto setahun termasuk bonus/THR),input manual (Iuran Pensiun/Bulan; BPJS Kesehatan 1%/Bulan),tidak (TK/0–K/3),Nama Pegawai; Status NPWP (+20%); Status PTKP; Metode Perhitungan (TER Jan–Nov / Progresif Desember); Gaji Pokok/Bulan; Tunjangan Tetap/Bulan; Tunjangan Tidak Tetap/Bulan; THR/Bonus; Iuran Pensiun/Bulan; BPJS Kesehatan 1%/Bulan; [Desember] Penghasilan Bruto Setahun; Biaya Jabatan Setahun; Iuran Pensiun Setahun; BPJS Kesehatan Setahun; Zakat Setahun; Penghasilan Neto & PPh dipotong pemotong sebelumnya; upload Excel/CSV massal,"PPh 21 bulanan/Desember; ekspor Excel; XML Coretax (BPMP, BPA1, BPA2)",robots.txt 404 (diverifikasi),https://kalkulatorpajak.id/syarat-ketentuan (tautan di halaman /kalkulator/syarat-ketentuan -> 404),"melarang: ""Tidak menggunakan bot, scraper, atau alat otomatis lainnya untuk mengekstrak data dari Situs""; penggunaan kalkulator ""untuk keperluan pribadi dan non-komersial""",tidak — manual saja,Memperlakukan BPJS Kesehatan 1% sebagai pengurang (perlu dicek terhadap PMK 168/2023); ada form email lead; mode batch Excel
KalkulatorPPh21.com – Pegawai Tetap (dan 7 kalkulator lain),https://kalkulatorpph21.com/ ; https://kalkulatorpph21.com/kalkulator-pph21-pegawai-tetap/,KalkulatorPPh21.com (independen; afiliasi PJAP),independen,ok (HTTP 200),"ya (TER Jan–Nov, kategori A/B/C)",tidak jelas (ada field Tahun Pajak; opsi tidak diverifikasi),"ya (6 skenario masa terakhir A–F, rekonsiliasi Ps.17)",ya (gross-up TER & Desember via iterasi; atau Tunjangan PPh manual),ya (Tantiem / Bonus / Gratifikasi / THR),input manual (Iuran Pensiun / JHT / THT dibayar pegawai; Asuransi dibayar pemberi kerja),ya (opsi K/I/0–K/I/3 dan HB/0–HB/3),"NPWP Pemotong; ID TKU; Tahun Pajak; Tgl Pemotongan; Kode Objek Pajak; Fasilitas (N/A/DTP/ETC); Status WP (WNI/WNA); NPWP/NIK; Nomor Paspor; Posisi; Status PTKP; Masa Pajak; Skenario Masa Terakhir; Jumlah Bulan Bekerja; Gaji Bulan Ini; Tunjangan Lainnya/Lembur; Honorarium; Asuransi; Natura; Tantiem/Bonus/THR; Iuran Pensiun/JHT/THT; Zakat; Tunjangan PPh Manual; Penghasilan Neto & PPh 21 PK Sebelumnya; PPh 21 Jan–Nov PK Ini; (ASN: tunjangan istri/anak/beras/struktural, NIP, pangkat)","PPh 21 masa/Desember; detail perhitungan; Excel; PDF; XML Coretax (BPMP, BPA1, BPA2, BP21)",robots.txt 404 (diverifikasi),https://kalkulatorpph21.com/syarat-ketentuan/,"melarang: daftar larangan memuat ""Melakukan scraping otomatis atau mengeksploitasi Situs dengan cara yang mengganggu layanan"" (penggunaan kalkulator untuk keperluan pribadi, profesional, dan komersial diperbolehkan)",tidak — manual saja,Perhitungan diklaim 100% di browser; sangat lengkap (input setara 1721-A1/BPMP); kandidat kuat untuk uji manual
Hitung Pajak (hitungpajak.online) – PPh 21,https://hitungpajak.online/pph-21/,"Hitung Pajak (independen, pemilik tidak disebut)",independen,ok (HTTP 200),ya (menampilkan TER bulanan Jan–Nov per skenario),tidak,sebagian (hanya PPh setahun Ps.17 per skenario; tidak ada input Desember),tidak,tidak,tidak (iuran pensiun diasumsikan Rp0),tidak (8 status TK/0–K/3),"tidak ada form input; hanya halaman statis per skenario (gaji Rp5–110 jt/bulan x 8 status PTKP, sekitar 400 halaman)",Gaji setahun; PKP; PPh setahun (Ps.17); TER bulanan; kategori TER; rincian lapisan tarif,"User-agent: * Allow: / (Disallow /reference/, /starters/) (diverifikasi)",tidak ada ToS ditemukan (hanya disclaimer di https://hitungpajak.online/tentang/),"tidak ada ToS ditemukan; disclaimer: ""Hasil perhitungan di situs ini bersifat indikatif""",manual saja (ToS tidak jelas),"Bukan kalkulator interaktif (programmatic SEO); berguna hanya sebagai titik cek statis kasus sederhana (gross, tanpa iuran)"
StaffAny Kalkulator Pajak PPh21 dan BPJS,https://www.staffany.com/kalkulator-pph21-pajak-dan-bpjs/,StaffAny Pte Ltd,vendor HRIS,ok (HTTP 200),tidak,"ya (metode lama disetahunkan; judul ""2022"")",tidak,tidak (form tidak menampilkan pilihan; hanya dibahas di artikel),ya (Tunjangan Lain / Bonus / THR / Tantiem),auto (Pilihan BPJS: BPJS Kesehatan / BPJS Ketenagakerjaan),tidak jelas,Nama karyawan; Masa Penghasilan (12 Bulan); Status PTKP; Memiliki NPWP?; Gaji Pokok; Tunjangan Tetap; Tunjangan Lain/Bonus/THR/Tantiem; Pilihan BPJS,Pajak Penghasilan PPh21; BPJS; pendapatan bersih bulanan,User-agent: * Disallow: (kosong = izinkan semua) (diverifikasi),https://www.staffany.id/terms-of-services/,"tidak menyebut bot/scraping; melarang ""modify, adapt, translate, reverse engineer, decompile, disassemble or copy all or any part of the StaffAny Application"" (ToS untuk klien berlangganan)",manual saja (ToS tidak jelas),Usang: artikel mencantumkan lapisan tarif pra-HPP (5% s.d. Rp50 jt) dan PMK 252/2008; tidak ada TER; hanya relevan untuk pembanding metode lama
DSK Global Kalkulator PPh 21 TER,https://www.dsk-global.id/kalkulator-pph-21,"DSK Global (konsultan pajak, Jakarta)",konsultan,ok (HTTP 200),"ya (TER PP 58/2023, kategori)",tidak,ya (Masa Pajak termasuk Desember + tab Simulasi Tahunan; perilaku Desember tidak diverifikasi),ya (Gross / Nett / Gross Up),ya (Bonus / THR),auto (toggle Hitung BPJS Ketenagakerjaan & Kesehatan),tidak (TK/0–K/3),Masa Pajak (Jan–Des); Status PTKP; Skema Perhitungan (Gross/Nett/Gross Up); Gaji Pokok; Tunjangan Tetap; Tunjangan Tidak Tetap/Lembur; Bonus/THR; Hitung BPJS (toggle); tab Simulasi Tahunan,"PPh 21 bulanan, kategori TER, simulasi tahunan, versi cetak","User-Agent: * Allow: / ; Disallow /api/, /admin/, /login/, /_next/ ; Crawl-delay: 10 (diverifikasi)",https://www.dsk-global.id/legal,"tidak menyebut otomasi; ""Penggunaan komersial tanpa izin tertulis dilarang keras.""",manual saja (ToS tidak jelas),"Disclaimer: ""bukan merupakan dokumen resmi DJP. Perhitungan belum memperhitungkan seluruh komponen seperti natura, lembur tidak teratur, dan fasilitas lainnya""; satu-satunya yang punya skema Nett terpisah"
PajakPribadiKu Kalkulator PPh 21,https://www.pajakpribadiku.com/kalkulator,PajakPribadiKu (startup; Hak Cipta DJKI No. 001283209),independen,ok (HTTP 200; redirect ke www),ya (TER PMK 168/2023),"tidak jelas (ada ""Pilih tahun perhitungan""; opsi tidak diverifikasi)",tidak (tidak terlihat),tidak (tidak terlihat),tidak (tidak ada field khusus; Tunjangan Tidak Tetap),tidak (tidak terlihat),tidak (TK/0–K/3),Gaji Pokok; Tunjangan Tetap; Tunjangan Tidak Tetap; Natura & Kenikmatan (BIK); Status PTKP; NPWP (punya/tidak); tahun perhitungan; Sektor Usaha Pemberi Kerja (validasi DTP PMK 105/2025),PPh 21 Per Bulan; Penghasilan Bruto Bulanan; PTKP Tahunan; Kategori & Tarif TER; status PPh 21 DTP/nihil,robots.txt 404 (diverifikasi),https://www.pajakpribadiku.com/syarat-ketentuan,"melarang: ""Melakukan scraping, crawling, atau pengambilan data secara massal""",tidak — manual saja,Form dirender JS (Next.js); riwayat & kalkulator batch perlu login/premium; mendukung DTP PMK 105/2025 (fitur unik)
"KalkulasiKita.id Kalkulator PPh 21 (TER, Progresif, THR)",https://kalkulasikita.id/kalkulator/pph21.html,KalkulasiKita.id (independen),independen,ok (HTTP 200),ya (tab TER Jan–Nov),tidak,ya (tab Progresif Desember/Tahunan; Desember = PPh setahun - Jan–Nov),tidak,ya (tab Simulasi PPh 21 Bulan THR; Penghasilan Tidak Teratur/Tahun),campuran (checkbox Premi JKK+JKM ditanggung perusahaan; Iuran Pensiun/JHT karyawan manual),tidak (TK/0–K/3),[TER] Gaji Pokok + Tunjangan Tetap/Bulan; Tunjangan Tidak Tetap; Premi JKK+JKM ditanggung perusahaan; Status PTKP; NPWP; [Progresif] Penghasilan Bruto per Bulan; Penghasilan Tidak Teratur/Tahun; Iuran Pensiun/JHT Karyawan per Bulan; Status PTKP; [THR] Gaji; Jumlah THR; Status PTKP,PPh 21 bulanan TER; kategori & tarif; take home pay; PPh setahun progresif per lapisan; PPh bulan THR vs bulan biasa,User-agent: * Allow: / (Disallow URL artikel lama) (diverifikasi),https://kalkulasikita.id/syarat-ketentuan.html,"melarang: ""Melakukan scraping atau pengambilan data otomatis tanpa izin tertulis""",tidak — manual saja,Izin tertulis dimungkinkan menurut ToS; JS klien; cocok untuk cek kasus THR sederhana
Kalkupro Kalkulator PPh 21 TER,https://kalkupro.com/kalkulator/pph-21,Kalkupro (independen),independen,ok (HTTP 200),ya (TER PMK 168/2023),tidak,tidak,tidak,tidak,tidak (kalkulator gaji bersih terpisah),tidak (TK/0–K/3),Penghasilan Bruto per Bulan; Status PTKP,PPh 21 bulanan TER dengan breakdown,"User-Agent: * Allow: / ; Disallow /api/, /_next/static/, /embed/ (diverifikasi)",https://kalkupro.com/syarat-dan-ketentuan,"tidak menyebut otomasi eksplisit; ""Kami berhak membatasi akses jika terdeteksi penggunaan yang tidak wajar atau menyalahgunakan sistem""; dilarang menyalin/mendistribusikan konten tanpa izin tertulis",manual saja (ToS tidak jelas),"Sangat minimal (2 input); 'Diperbarui Januari 2024', versi 2.0.0 (10 Nov 2025); perhitungan di browser"
ScaleOcean Kalkulator PPh 21,https://scaleocean.com/id/kalkulator-pph-21,ScaleOcean (vendor ERP/HRIS),vendor HRIS,ok (HTTP 200),"ya (PPh 21 Bulanan; disebut ""Tarif Efektif Rendah (TER)"")",tidak,"ya (PPh 21 Tahunan: Setahun/Disetahunkan, Masa Awal–Akhir s.d. Desember)",ya (Gross / Gross-Up),"ya (Bonus, THR, dan Lainnya – tahunan)",input manual (Iuran BPJS – dijelaskan sebagai BPJS kesehatan),tidak (TK/0–K/3),"Periode Perhitungan (Bulanan/Tahunan); Kode Objek Pajak (21-100-01/02); Status PTKP; Skema Perhitungan (Gross/Gross-Up); Penghasilan bulan ini setelah PPh 21; Penghasilan Bruto; [Tahunan] Penghitungan PPh (Setahun/Disetahunkan); Masa Awal; Masa Akhir; Gaji/Pensiunan; Tunjangan PPh; Tunjangan asuransi; Bonus, THR, dan Lainnya; Biaya jabatan; Iuran BPJS; PPh 21 yang Dipotong Sebelumnya",DPP; PPh 21; Jumlah Penghasilan Neto; Neto Setahun/Disetahunkan; PTKP; PKP; PPh 21 Terutang,User-agent: * Allow: / (AhrefsSiteAudit & TelegramBot: Disallow /) (diverifikasi),tidak ada ToS ditemukan (hanya https://scaleocean.com/privacy-policy),tidak ada ToS ditemukan,manual saja (ToS tidak jelas),Istilah TER salah ('Tarif Efektif Rendah'); BPJS Kesehatan sebagai pengurang perlu dicek; ada form lead demo
Pajakin (open source),https://pajakin.vercel.app/ ; https://pajakin.vercel.app/ter,As'ad Ghanim (GitHub AsadSaleh/pajakin),open-source,ok (HTTP 200),ya (/ter: Kalkulator Bulanan TER),ya (halaman utama: kalkulator progresif tahunan),sebagian (kalkulator progresif setahun; tidak ada rekonsiliasi Jan–Nov),ya (/ter: Biasa (Gross) / Gross Up),"ya (baris penghasilan bebas: THR, bonus)","auto-isi opsional (tombol BPJS Kesehatan 1%, JHT 2%, JP 1%)",ya (Kawin dan Istri Digabung 0–3 tanggungan),"[Tahunan] daftar Penghasilan (Nominal, Pengali, Keterangan); daftar Komponen Pengurang (Nominal, Pengali, Keterangan; auto BPJS); Golongan Tanggungan (TK/0–K/3 + K/I/0–3); [TER] Golongan PTKP; Metode (Gross/Gross Up); Penghasilan Bruto Bulanan",PPh 21 tahunan progresif; PPh 21 bulanan TER; take home pay; tabel TER,robots.txt 404 (diverifikasi),tidak ada ToS ditemukan (repo https://github.com/AsadSaleh/pajakin tanpa file LICENSE; API license=null),tidak ada ToS ditemukan,manual saja (ToS tidak jelas),Data hanya di browser; push terakhir 2026-08-09; tanpa lisensi -> hak cipta penuh pada penulis (minta izin bila ingin menjalankan kode untuk uji otomatis); BPJS Kesehatan 1% sebagai pengurang perlu dicek
pph21 Teknologi Umum (open source),https://pph21.teknologiumum.com/,Komunitas Teknologi Umum (GitHub teknologi-umum/pph21),open-source,"error (DNS tidak resolve, 2026-10-01)",ya (kode: PP 58/2023),tidak,ya (kode menghitung decemberMonthTax),tidak,ya (input bonus; bonusMonthTax),auto (iuran pemberi kerja & karyawan dihitung otomatis dari gaji),tidak (TK/0–K/3),"(dari kode sumber, situs tidak dapat diakses) salary; bonus; status",kategori TER; iuran BPJS pemberi kerja/karyawan; biaya jabatan; neto bulanan/tahunan; PTKP; PKP; pajak bulan reguler; pajak bulan bonus; pajak Desember; total,tidak dapat diperiksa (host tidak resolve),tidak ada ToS; lisensi kode MPL-2.0 (https://github.com/teknologi-umum/pph21),tidak ada ToS ditemukan; kode berlisensi MPL-2.0,"mungkin, dengan izin",Situs live mati; lisensi MPL-2.0 mengizinkan menjalankan kode secara lokal (izin = lisensi); push terakhir 2025-03-31; kode tampak memakai penghasilan neto untuk lookup TER dan mengasumsikan 10 bulan reguler + 1 bulan bonus (perlu verifikasi) – hati-hati sebagai pembanding
LinovHR Kalkulator PPh 21 Bulanan & Tahunan (A1),https://www.linovhr.com/aplikasi-gratis/kalkulator-pajak/pph21/ ; https://www.linovhr.com/aplikasi-gratis/kalkulator-pajak/pph21-tahunan/,PT Linov Roket Prestasi (LinovHR),vendor HRIS,ok (HTTP 200),ya (TER PP 58/2023),tidak,ya (kalkulator tahunan A1: masa pajak Desember/resign),ya (Gross / Gross Up),ya (Bonus atau THR; tahunan: total setahun),input manual (Iuran Pensiun / JHT (Bulanan) di versi tahunan),tidak jelas,[Bulanan] Status PTKP; Gross/Gross Up; Gaji Pokok; Tunjangan; Bonus atau THR; Penghasilan Kena Pajak Lainnya; [Tahunan] Status PTKP; Masa Kerja dalam Tahun Pajak (Bulan); Status NPWP; Gross/Gross Up; Gaji Pokok (Bulanan); Tunjangan (Bulanan); Uang Lembur (Bulanan); Iuran Pensiun/JHT (Bulanan); Bonus atau THR (Total Setahun); Penghasilan Kena Pajak Lainnya (Bulanan),DPP; kategori TER; tarif efektif; PPh 21; (tahunan) PPh 21 progresif Ps.17,"User-Agent: * ; Disallow /wp-admin/, /*?s= (diverifikasi)",tidak ada ToS ditemukan (URL umum 404; tidak ada tautan di halaman),tidak ada ToS ditemukan,manual saja (ToS tidak jelas),"Tambahan (tidak ada di daftar awal); ""Hasil merupakan simulasi dan bukan bukti pemotongan pajak""; versi tahunan tidak terlihat meminta PPh Jan–Nov yang sudah dipotong (verifikasi)"
KlikGaji Kalkulator PPh 21,https://www.klikgaji.com/kalkulator-pph-21,KlikGaji (platform slip gaji; yurisdiksi PN Medan),independen,ok (HTTP 200),ya (Formula TER 2024),tidak (hanya dijelaskan di artikel),"ya (klaim: ""Bulan Desember otomatis menggunakan metode koreksi tahunan"")",tidak jelas,tidak diverifikasi,tidak diverifikasi (WebFetch: iuran BPJS disebut),tidak jelas,(form dirender JS; tidak diverifikasi langsung) Status PTKP; Gaji pokok; Tunjangan; komponen penghasilan lain; Bulan Penghitungan,PPh 21 terutang real-time; rincian tarif & DPP,User-agent: * Disallow: (kosong) (diverifikasi),https://www.klikgaji.com/syarat,"tidak menyebut scraping; melarang ""Meretas, mengakses tanpa izin, atau merusak sistem KlikGaji"" (via WebFetch)",manual saja (ToS tidak jelas),"Tambahan (tidak ada di daftar awal); kalkulasi real-time tanpa tombol submit; disclaimer: ""cocok dipakai sebagai acuan dan simulasi"""
