repo,url,bahasa,lisensi,bintang,forks,dibuat,push_terakhir,jumlah_commit,commit_pertama,commit_terakhir,commit_pra2024,riwayat_lintas_2024,ter_2024,gross_up,ptkp_ki,bpjs,thr_bonus,masa_pajak_terakhir,dipilih,deskripsi,catatan
agitnaeta/ritmehr,https://github.com/agitnaeta/ritmehr,PHP,tidak ada/tidak diketahui,3,1,2024-01-08,2026-09-08,178,2024-01-08,2026-09-08,0,tidak,indikasi kata kunci (k),indikasi kata kunci (k),indikasi kata kunci (k),indikasi kata kunci (k),indikasi kata kunci (k),indikasi kata kunci (k),tidak,"RitmeHR — aplikasi absensi QR & HRIS open source: penggajian, PPh 21, BPJS, cuti, kasbon, portal karyawan. Laravel + Bac",HRIS Laravel; tabel TER/bracket disimpan di DB (CRUD); ada tes DecemberCorrectionTest; tanpa lisensi
alaraiabdiallah/pph21,https://github.com/alaraiabdiallah/pph21,PHP,tidak ada/tidak diketahui,2,0,2018-08-16,2018-08-16,12,2018-08-17,2018-08-17,12,tidak,tidak ditemukan (k),tidak ditemukan (k),tidak ditemukan (k),indikasi kata kunci (k),tidak ditemukan (k),tidak ditemukan (k),tidak,Library Penghitungan Pph21,
aldotobing/kalkulator-pajak,https://github.com/aldotobing/kalkulator-pajak,TypeScript,MIT,5,0,2025-11-20,2026-02-23,40,2025-11-20,2026-02-23,0,tidak,indikasi kata kunci (k),indikasi kata kunci (k),tidak ditemukan (k),indikasi kata kunci (k),indikasi kata kunci (k),indikasi kata kunci (k),tidak,"Aplikasi web modern yang dirancang untuk membantu wajib pajak Indonesia menghitung berbagai jenis pajak dengan cepat, ak",
ariefrdika/pph21_addons_13,https://github.com/ariefrdika/pph21_addons_13,Python,NOASSERTION,0,0,2024-06-24,2025-07-24,9,2024-06-24,2025-07-24,0,tidak,indikasi kata kunci (k),indikasi kata kunci (k),tidak ditemukan (k),tidak ditemukan (k),indikasi kata kunci (k),tidak ditemukan (k),tidak,pph21 addons 13 ERPNext,
arif-m/hr-payroll,https://github.com/arif-m/hr-payroll,JavaScript,Unlicense,0,0,2026-09-23,2026-09-30,12,2026-09-23,2026-09-30,0,tidak,indikasi kata kunci (k),indikasi kata kunci (k),indikasi kata kunci (k),indikasi kata kunci (k),indikasi kata kunci (k),indikasi kata kunci (k),tidak,Aplikasi untuk HR untuk panggajian,
arivonto/airiv_payroll_indonesia,https://github.com/arivonto/airiv_payroll_indonesia,Python,NOASSERTION,0,0,2026-08-26,2026-09-14,13,2026-08-27,2026-09-14,0,tidak,indikasi kata kunci (k),indikasi kata kunci (k),tidak ditemukan (k),indikasi kata kunci (k),indikasi kata kunci (k),indikasi kata kunci (k),tidak,"Indonesia Payroll & PPh 21 TER Compliance Engine for Odoo 18 Community (PP 58/2023, PMK 168/2023, BPJS TK & Kes, e-Bupot",
artivisi/balaka,https://github.com/artivisi/balaka,Java,Apache-2.0,44,19,2025-11-19,2026-09-26,1107,2025-11-19,2026-09-27,0,tidak,indikasi kata kunci (k),tidak ditemukan (k),indikasi kata kunci (k),indikasi kata kunci (k),indikasi kata kunci (k),indikasi kata kunci (k),tidak,"Open-source accounting application for Indonesian SMEs. Spring Boot 4 + Thymeleaf + PostgreSQL. Tax-compliant (PPN, PPh,","Aplikasi akuntansi Java besar (Apache-2.0, bintang terbanyak); ada Pph21CalculatorController; tidak dikloning (berat, riwayat mulai 2025-11)"
AsadSaleh/pajakin,https://github.com/AsadSaleh/pajakin,TypeScript,tidak ada/tidak diketahui,5,0,2023-08-20,2026-08-09,39,2023-08-20,2026-08-09,12,ya,ya (v),"ya, closed-form, TER bulanan saja (v)","ya, hanya halaman tahunan (v)","parsial, ada bug (v)",hanya baris input bebas (v),tidak (v),ya: repos/pajakin,Web app to calculate PPh 21 tax for Indonesian workers / Kalkulator penghitung pajak progresif PPh 21 pekerja Indonesia,
donipay23/tcc-njt,https://github.com/donipay23/tcc-njt,TypeScript,tidak ada/tidak diketahui,0,0,2026-09-29,2026-09-30,11,2026-09-29,2026-09-30,0,tidak,indikasi kata kunci (k),indikasi kata kunci (k),tidak ditemukan (k),indikasi kata kunci (k),indikasi kata kunci (k),indikasi kata kunci (k),tidak,database mps ,
fajarsulaksono/hris-id-laravel,https://github.com/fajarsulaksono/hris-id-laravel,PHP,MIT,0,0,2026-09-07,2026-09-10,38,2026-09-07,2026-09-10,0,tidak,indikasi kata kunci (k),indikasi kata kunci (k),tidak ditemukan (k),indikasi kata kunci (k),tidak ditemukan (k),tidak ditemukan (k),tidak,"Human Resources Information System - Payroll, Attendance, BPJS & PPH21 for Indonesian Workforce",
GesangPJ/rust-pph21,https://github.com/GesangPJ/rust-pph21,Rust,MIT,1,0,2026-01-06,2026-01-06,5,2026-01-06,2026-01-06,0,tidak,tidak ditemukan (k),tidak ditemukan (k),tidak ditemukan (k),tidak ditemukan (k),tidak ditemukan (k),tidak ditemukan (k),tidak,Kalkulator Pph21 Tahunan menggunakan Rust,
IMOGI-ITB/Payroll-Indonesia,https://github.com/IMOGI-ITB/Payroll-Indonesia,Python,MIT,2,5,2025-07-05,2026-01-14,948,2025-07-05,2026-01-14,0,tidak,indikasi kata kunci (k),indikasi kata kunci (k),tidak ditemukan (k),indikasi kata kunci (k),indikasi kata kunci (k),indikasi kata kunci (k),tidak,,App Frappe/ERPNext; ada pph21_ter_december.py; riwayat mulai 2025-07; file .pyc ikut di-commit
irwan-runtuwene/id-payroll-calculator,https://github.com/irwan-runtuwene/id-payroll-calculator,PHP,MIT,1,1,2022-07-21,2024-03-13,115,2019-05-08,2024-03-13,114,ya,tidak ditemukan (k),indikasi kata kunci (k),tidak ditemukan (k),indikasi kata kunci (k),indikasi kata kunci (k),tidak ditemukan (k),tidak,PHP Component Pembantu Penghitungan Penggajian di Indonesia,"Fork steevenz; commit terakhir 2024-03-13 hanya upgrade PHP 8, tidak menambah TER"
KejawenLab/PPH21,https://github.com/KejawenLab/PPH21,PHP,MIT,6,1,2018-01-09,2018-01-09,6,2018-01-09,2018-01-09,6,tidak,tidak ditemukan (k),tidak ditemukan (k),tidak ditemukan (k),tidak ditemukan (k),tidak ditemukan (k),tidak ditemukan (k),tidak,PPH21 Calculator menggunakan Strategy Pattern,
kevlog/pajak-thr-2025,https://github.com/kevlog/pajak-thr-2025,JavaScript,GPL-3.0,0,0,2025-03-25,2025-03-25,17,2025-03-25,2025-03-25,0,tidak,indikasi kata kunci (k),tidak ditemukan (k),tidak ditemukan (k),tidak ditemukan (k),indikasi kata kunci (k),indikasi kata kunci (k),tidak,✅Pajak Gaji Bulanan setelah menerima THR tahun 2025.,
masadjie/pph21-ter,https://github.com/masadjie/pph21-ter,HTML,Apache-2.0,0,0,2025-06-29,2025-06-29,3,2025-06-29,2025-06-29,0,tidak,indikasi kata kunci (k),tidak ditemukan (k),tidak ditemukan (k),tidak ditemukan (k),tidak ditemukan (k),tidak ditemukan (k),tidak,Kalkulator PPh21 TER,
muhroyhan/pph21,https://github.com/muhroyhan/pph21,TypeScript,MIT,0,0,2026-08-06,2026-08-07,25,2026-08-06,2026-08-08,0,tidak,ya (v),tidak (v),ya (v),"helper terpisah, tidak otomatis masuk bruto (v)",via bruto bulan itu (v),ya (v),ya: repos/muhroyhan-pph21,,
munovrizall/quanta-hris-laravel,https://github.com/munovrizall/quanta-hris-laravel,PHP,tidak ada/tidak diketahui,8,5,2025-04-18,2026-06-15,260,2025-04-18,2026-06-15,0,tidak,indikasi kata kunci (k),tidak ditemukan (k),indikasi kata kunci (k),indikasi kata kunci (k),tidak ditemukan (k),indikasi kata kunci (k),tidak,Quanta HRIS is a complete system for managing employees. It helps companies track attendance and calculate salaries easi,
nasleem-mdr/odoo_payroll_pph21_ter,https://github.com/nasleem-mdr/odoo_payroll_pph21_ter,Python,tidak ada/tidak diketahui,1,0,2024-11-06,2024-12-09,11,2024-11-06,2024-12-10,0,tidak,tidak ditemukan (k),tidak ditemukan (k),tidak ditemukan (k),tidak ditemukan (k),tidak ditemukan (k),tidak ditemukan (k),tidak,Rumus perkalian PPh 21 bulanan berdasarkan TER tahun 2024,
njirolu/mysaly,https://github.com/njirolu/mysaly,TypeScript,MIT,1,0,2023-09-24,2025-10-11,10,2023-09-24,2025-10-12,9,ya,tidak ditemukan (k),tidak ditemukan (k),indikasi kata kunci (k),indikasi kata kunci (k),tidak ditemukan (k),tidak ditemukan (k),tidak,"Cek gaji bulanan kamu setelah potong pajak dan iuran BPJS dengan kalkulator gaji. Gampang banget, cuma butuh sebentar!",Riwayat 2023-2025 tetapi tidak menambah TER
Novatama-Solusi-Teknologi/frappe-hr-pph21-15,https://github.com/Novatama-Solusi-Teknologi/frappe-hr-pph21-15,Python,MIT,0,0,2026-09-23,2026-09-25,12,2026-09-23,2026-09-25,0,tidak,indikasi kata kunci (k),indikasi kata kunci (k),indikasi kata kunci (k),indikasi kata kunci (k),indikasi kata kunci (k),indikasi kata kunci (k),tidak,,Addon Frappe HR; dibuat 2026-09 (sangat baru)
OCA/l10n-indonesia,https://github.com/OCA/l10n-indonesia,Python,AGPL-3.0,14,26,2016-02-02,2026-09-28,,2016-02-02,2026-09-28,,,tidak ditemukan (k),tidak ditemukan (k),tidak ditemukan (k),tidak ditemukan (k),indikasi kata kunci (k),indikasi kata kunci (k),tidak,Indonesian Localization Project,Cabang 8.0 berisi l10n_id_taxform_pph_21 (leluhur modul open-synergy); cabang 12.0-19.0 tidak berisi modul PPh 21
open-payroll-data/philippines-payroll-data,https://github.com/open-payroll-data/philippines-payroll-data,JavaScript,MIT,3,0,2026-06-25,2026-06-30,19,2026-06-25,2026-06-30,0,tidak,indikasi kata kunci (k),tidak ditemukan (k),indikasi kata kunci (k),indikasi kata kunci (k),indikasi kata kunci (k),indikasi kata kunci (k),tidak,"Machine-readable, primary-sourced payroll reference for Southeast Asia (PH, SG, MY, TH, ID, VN) — income tax, contributi",Bukan kalkulator; data referensi payroll multi-negara termasuk ID (MIT)
open-synergy/opnsynid-l10n-indonesia-taxform,https://github.com/open-synergy/opnsynid-l10n-indonesia-taxform,Python,AGPL-3.0,0,1,2021-03-04,2026-09-29,587,2022-03-02,2026-09-29,90,ya,"ya, sebagai data master berlaku-tanggal (v)",lihat README,lihat README,lihat README,lihat README,lihat README,ya: repos/opnsynid-l10n-indonesia-taxform,,
Peco-lab/id-payroll,https://github.com/Peco-lab/id-payroll,TypeScript,MIT,0,0,2026-06-27,2026-06-27,2,2026-06-27,2026-06-27,0,tidak,ya (v),tidak (v),tidak (v),"ya, BPJS Kes pemberi kerja tidak masuk bruto (v)",via bruto bulan itu (v),"ya, tetapi lebih bayar dipotong ke 0 (v)",ya: repos/peco-id-payroll,Indonesian payroll tax calculations — PPh21 (metode TER) and BPJS — done correctly. Zero dependencies. Fully typed. Avai,
riod94/payroll-calculator-indonesia,https://github.com/riod94/payroll-calculator-indonesia,PHP,ISC,1,1,2025-11-17,2025-11-17,5,2025-11-17,2025-11-17,0,tidak,ya (v),lihat README,lihat README,lihat README,lihat README,lihat README,ya: repos/riod94-payroll-calculator-indonesia,Payroll Calculator Indonesia TER (Tarif Efektif Rata-rata),Turunan steevenz/id-payroll-calculator (struktur kelas sama); repo baru (2025-11-17) sehingga riwayat tidak melintasi 2024; perubahan diukur via diff lintas-repo
riod94/payroll-formula,https://github.com/riod94/payroll-formula,,tidak ada/tidak diketahui,,,,,,,,,,,,,,,,tidak,,(npm payroll-calculator 0.1.2) repo 404 via API per 2026-10-01
steevenz/id-payroll-calculator,https://github.com/steevenz/id-payroll-calculator,PHP,MIT,21,16,2019-05-08,2022-10-07,57,2019-05-08,2019-12-08,57,tidak,tidak (2019) (v),lihat README,tidak,ya,ya,lihat README,ya (leluhur pra-TER): repos/steevenz-id-payroll-calculator,PHP Component Pembantu Penghitungan Penggajian di Indonesia,
teknologi-umum/pph21,https://github.com/teknologi-umum/pph21,TypeScript,MPL-2.0,0,1,2024-01-25,2025-03-31,19,2024-01-25,2025-03-31,0,tidak,"ya, 2 baris tabel salah (v)",tidak (v),tidak (v),ya (v),"ya, satu bulan bonus (v)",ya (v),ya: repos/teknologi-umum-pph21,PPh Pasal 21.,
xhijack/hrms-indonesia,https://github.com/xhijack/hrms-indonesia,Python,MIT,2,0,2025-04-28,2025-08-27,19,2025-04-26,2025-08-27,0,tidak,tidak ditemukan (k),tidak ditemukan (k),tidak ditemukan (k),tidak ditemukan (k),tidak ditemukan (k),tidak ditemukan (k),tidak,,
yht/KalkulatorPajak,https://github.com/yht/KalkulatorPajak,R,CC-BY-4.0,2,0,2017-07-05,2025-10-29,12,2017-07-05,2025-10-29,10,ya,tidak ditemukan (k),tidak ditemukan (k),indikasi kata kunci (k),tidak ditemukan (k),tidak ditemukan (k),tidak ditemukan (k),tidak,"Indonesian Tax Calculator, R Package",Paket R; riwayat 2017-2025; tidak ada TER
zetrosoft/Payroll-Indonesia,https://github.com/zetrosoft/Payroll-Indonesia,Python,tidak ada/tidak diketahui,1,0,2025-06-15,2025-08-30,559,2025-04-22,2025-08-31,0,tidak,indikasi kata kunci (k),indikasi kata kunci (k),indikasi kata kunci (k),indikasi kata kunci (k),indikasi kata kunci (k),indikasi kata kunci (k),tidak,,
"Packagist: ~20 paket 'pph21' latihan OOP (kejawenlab/pph21, alaraiabdiallah/pph21, dll.)",https://packagist.org/search/?q=pph21,PHP,,,,,,,,,,tidak,tidak,,,,,,tidak,,"Pra-TER, unduhan 0-50; tidak relevan sebagai baseline"
"PyPI: tidak ada paket kalkulator PPh 21 (nama pph21, pajak, indonesia-tax, dll. -> 404)",https://pypi.org,Python,,,,,,,,,,,,,,,,,tidak,,"Hanya addon Odoo (odoo14-addon-ssi-l10n-id-taxform-pph-21*, = paket open-synergy). Dicek 2026-10-01"
"npm: pph21 (muhroyhan), payroll-calculator (riod94), @manairalabs/id-locale",https://www.npmjs.com/package/pph21,TypeScript,,,,,,,,,,,,,,,,,pph21 -> ya,,Hasil pencarian registry npm 2026-10-01
