repo,kategori,commit,tanggal,penulis,pesan,jumlah_file,baris_tambah,baris_hapus,baris_kode_tambah,baris_kode_hapus,fungsi_baru,fungsi_diubah,fungsi_dihapus,jumlah_fungsi_tersentuh,daftar_file,lingkup_path,metode_fungsi,catatan
open-synergy/opnsynid-l10n-indonesia-taxform,TER_intro,5d33b69b1a,2024-01-22,mikevhe18,[TASK] T/01/24/000308,15,308,5,163,0,Pph21Ter;Pph21TerLine;Pph21TerLineCateg;compute_pph_21_ter;compute_tax;find,ResPartner,,7,ssi_l10n_id_taxform_pph_21/__manifest__.py;ssi_l10n_id_taxform_pph_21/models/__init__.py;ssi_l10n_id_taxform_pph_21/models/pph_21_ter.py;ssi_l10n_id_taxform_pph_21/models/pph_21_ter_line.py;ssi_l10n_id_taxform_pph_21/models/pph_21_ter_line_categ.py;ssi_l10n_id_taxform_pph_21/models/res_partner.py;ssi_l10n_id_taxform_pph_21/security/.~lock.ir.model.access.csv#;ssi_l10n_id_taxform_pph_21/security/ir.model.access.csv;ssi_l10n_id_taxform_pph_21/security/res_group_data.xml;ssi_l10n_id_taxform_pph_21/views/pph_21_biaya_jabatan_views.xml;ssi_l10n_id_taxform_pph_21/views/pph_21_npwp_rate_modifier_views.xml;ssi_l10n_id_taxform_pph_21/views/pph_21_rate_views.xml;ssi_l10n_id_taxform_pph_21/views/pph_21_ter_line_views.xml;ssi_l10n_id_taxform_pph_21/views/pph_21_ter_views.xml;ssi_l10n_id_taxform_pph_21/views/ptkp_views.xml,(semua),heuristik regex: def/function/arrow-const/class pada baris +/- dan konteks hunk (perkiraan),"Memperkenalkan model l10n_id.pph_21_ter (+line, +line_categ) & ResPartner.compute_pph_21_ter; 21 hari setelah TER berlaku. Tidak ada data tabel TER yang dikirim (harus diinput pengguna)."
open-synergy/opnsynid-l10n-indonesia-taxform,rule_fix,406caaf243,2026-08-11,mikevhe18,[FIX] ssi_l10n_id_taxform_pph_21,2,19,6,19,6,,Pph21TunjanganJabatan;ResPartner;get_biaya_jabatan_rutin,,3,ssi_l10n_id_taxform_pph_21/models/pph_21_biaya_jabatan.py;ssi_l10n_id_taxform_pph_21/models/res_partner.py,(semua),heuristik regex: def/function/arrow-const/class pada baris +/- dan konteks hunk (perkiraan),Plafon biaya jabatan diprorata untuk pegawai keluar (metode tahunan/masa terakhir)
open-synergy/opnsynid-l10n-indonesia-taxform,TER_consumer,e65daecd1d,2026-06-19,Andhitia Rama,[ADD] ssi_l10n_id_taxform_coretax_bupot_21_payslip_batch,17,699,0,261,0,HrPayslipBatch;PayslipBatchCoretaxExport;ReportCoretaxBupot21;TestCoretaxBupot21;_coretax_format_number;_create_payslip;_get_coretax_pemotong;_get_coretax_slip_value;_get_report_values;_prepare_coretax_bupot_21_values;_prepare_coretax_slip;action_export;setUp;test_format_number;test_missing_company_identity_raises;test_missing_employee_npwp_raises;test_no_taxed_payslip_raises;test_only_taxed_employee_exported,,,18,ssi_l10n_id_taxform_coretax_bupot_21_payslip_batch/README.rst;ssi_l10n_id_taxform_coretax_bupot_21_payslip_batch/__init__.py;ssi_l10n_id_taxform_coretax_bupot_21_payslip_batch/__manifest__.py;ssi_l10n_id_taxform_coretax_bupot_21_payslip_batch/models/__init__.py;ssi_l10n_id_taxform_coretax_bupot_21_payslip_batch/models/hr_payslip_batch.py;ssi_l10n_id_taxform_coretax_bupot_21_payslip_batch/reports/__init__.py;ssi_l10n_id_taxform_coretax_bupot_21_payslip_batch/reports/coretax_bupot_21_report.xml;ssi_l10n_id_taxform_coretax_bupot_21_payslip_batch/reports/coretax_bupot_21_template.xml;ssi_l10n_id_taxform_coretax_bupot_21_payslip_batch/reports/report_coretax_bupot_21.py;ssi_l10n_id_taxform_coretax_bupot_21_payslip_batch/security/ir.model.access.csv;ssi_l10n_id_taxform_coretax_bupot_21_payslip_batch/static/description/icon.png;ssi_l10n_id_taxform_coretax_bupot_21_payslip_batch/tests/__init__.py;ssi_l10n_id_taxform_coretax_bupot_21_payslip_batch/tests/test_coretax_bupot_21.py;ssi_l10n_id_taxform_coretax_bupot_21_payslip_batch/views/hr_payslip_batch_views.xml;ssi_l10n_id_taxform_coretax_bupot_21_payslip_batch/wizards/__init__.py;ssi_l10n_id_taxform_coretax_bupot_21_payslip_batch/wizards/payslip_batch_coretax_export.py;ssi_l10n_id_taxform_coretax_bupot_21_payslip_batch/wizards/payslip_batch_coretax_export_views.xml,(semua),heuristik regex: def/function/arrow-const/class pada baris +/- dan konteks hunk (perkiraan),Konsumen TER pertama di repo: ekspor BPMP Coretax dari payslip batch (~29 bulan setelah TER berlaku)
open-synergy/opnsynid-l10n-indonesia-taxform,TER_consumer,8e89572c02,2026-08-25,mikevhe18,[ADD] ssi_l10n_id_taxform_coretax_bupot_pph_f113301,24,1070,0,623,0,L10nIdBuktiPotongPphF113301Out;L10nIdBuktiPotongPphF113301OutLine;L10nIdTaxformJenisDokumenReferensi;L10nIdTaxformKodeFasilitasPajak;L10nIdTaxformObjekPajak;ReportSsiL10nIdTaxformCoretaxBupotPphF113301Xml;_check_rate_computation_method;_check_rate_computation_method_condition;_compute_dpp;_compute_rate;_default_company_id;_default_withholding_date;_get_auto_ter_rate;_get_coretax_bupot_pph_out_template_xmlid;_get_report_values;_prepare_coretax_bupot_line;_prepare_coretax_bupot_pph_out_values;onchange_withholding_date,,,18,setup/ssi_l10n_id_taxform_coretax_bupot_pph_f113301/odoo/addons/ssi_l10n_id_taxform_coretax_bupot_pph_f113301;setup/ssi_l10n_id_taxform_coretax_bupot_pph_f113301/setup.py;ssi_l10n_id_taxform_coretax_bupot_pph_f113301/README.rst;ssi_l10n_id_taxform_coretax_bupot_pph_f113301/__init__.py;ssi_l10n_id_taxform_coretax_bupot_pph_f113301/__manifest__.py;ssi_l10n_id_taxform_coretax_bupot_pph_f113301/models/__init__.py;ssi_l10n_id_taxform_coretax_bupot_pph_f113301/models/l10n_id_bukti_potong_pph_f113301_out.py;ssi_l10n_id_taxform_coretax_bupot_pph_f113301/models/l10n_id_bukti_potong_pph_f113301_out_line.py;ssi_l10n_id_taxform_coretax_bupot_pph_f113301/models/l10n_id_taxform_jenis_dokumen_referensi.py;ssi_l10n_id_taxform_coretax_bupot_pph_f113301/models/l10n_id_taxform_kode_fasilitas_pajak.py;ssi_l10n_id_taxform_coretax_bupot_pph_f113301/models/l10n_id_taxform_objek_pajak.py;ssi_l10n_id_taxform_coretax_bupot_pph_f113301/reports/__init__.py;ssi_l10n_id_taxform_coretax_bupot_pph_f113301/reports/coretax_bupot_pph_f113301_out_report.xml;ssi_l10n_id_taxform_coretax_bupot_pph_f113301/reports/coretax_bupot_pph_f113301_out_template.xml;ssi_l10n_id_taxform_coretax_bupot_pph_f113301/reports/report_ssi_l10n_id_taxform_coretax_bupot_pph_f113301_xml.py;ssi_l10n_id_taxform_coretax_bupot_pph_f113301/security/ir_model_access/l10n_id_taxform_jenis_dokumen_referensi.xml;ssi_l10n_id_taxform_coretax_bupot_pph_f113301/security/ir_model_access/l10n_id_taxform_kode_fasilitas_pajak.xml;ssi_l10n_id_taxform_coretax_bupot_pph_f113301/security/res_groups/l10n_id_taxform_jenis_dokumen_referensi.xml;ssi_l10n_id_taxform_coretax_bupot_pph_f113301/security/res_groups/l10n_id_taxform_kode_fasilitas_pajak.xml;ssi_l10n_id_taxform_coretax_bupot_pph_f113301/static/description/icon.png;ssi_l10n_id_taxform_coretax_bupot_pph_f113301/views/bukti_potong_pph_f113301_out_views.xml;ssi_l10n_id_taxform_coretax_bupot_pph_f113301/views/taxform_jenis_dokumen_referensi_views.xml;ssi_l10n_id_taxform_coretax_bupot_pph_f113301/views/taxform_kode_fasilitas_pajak_views.xml;ssi_l10n_id_taxform_coretax_bupot_pph_f113301/views/taxform_objek_pajak_views.xml,(semua),heuristik regex: def/function/arrow-const/class pada baris +/- dan konteks hunk (perkiraan),Modul baru bupot f113301 dengan _get_auto_ter_rate
open-synergy/opnsynid-l10n-indonesia-taxform,TER_fix,4ec6ee9f26,2026-09-03,mikevhe18,[FIX] ssi_l10n_id_taxform_coretax_bupot_pph_f113301: tarif TER otomatis jadi pecahan,5,456,1,8,1,TestTerAutoRate;test_ter_auto_rate;test_ter_auto_rate_below_ptkp,L10nIdBuktiPotongPphF113301OutLine,,4,ssi_l10n_id_taxform_coretax_bupot_pph_f113301/models/l10n_id_bukti_potong_pph_f113301_out_line.py;ssi_l10n_id_taxform_coretax_bupot_pph_f113301/tests/__init__.py;ssi_l10n_id_taxform_coretax_bupot_pph_f113301/tests/test_ter_auto_rate.py;ssi_l10n_id_taxform_coretax_bupot_pph_f113301/tests/test_ter_auto_rate.yaml;ssi_l10n_id_taxform_coretax_bupot_pph_f113301/tests/test_ter_auto_rate_below_ptkp.yaml,(semua),heuristik regex: def/function/arrow-const/class pada baris +/- dan konteks hunk (perkiraan),Perbaikan: tarif TER persen dipakai sebagai pecahan -> pajak 100x terlalu besar (bug hidup 2026-08-28 s.d. 2026-09-03)
open-synergy/opnsynid-l10n-indonesia-taxform,TER_followup,3fdc42e89a,2026-09-03,mikevhe18,[ADD] ssi_l10n_id_taxform_coretax_bupot_pph_f113301: tarif otomatis Harian/Pesangon/Pensiun,6,890,33,101,21,TestHarianPesangonPensiunBracketRate;_get_harian_bracket_rate;_get_pensiun_bracket_rate;_get_pesangon_bracket_rate;test_harian_pesangon_pensiun_bracket_rate,L10nIdBuktiPotongPphF113301OutLine;TestTaxformObjekPajakFixedRate,,7,ssi_l10n_id_taxform_coretax_bupot_pph_f113301/models/l10n_id_bukti_potong_pph_f113301_out_line.py;ssi_l10n_id_taxform_coretax_bupot_pph_f113301/tests/__init__.py;ssi_l10n_id_taxform_coretax_bupot_pph_f113301/tests/test_fixed_rate_rejected_non_final.yaml;ssi_l10n_id_taxform_coretax_bupot_pph_f113301/tests/test_harian_pesangon_pensiun_bracket_rate.py;ssi_l10n_id_taxform_coretax_bupot_pph_f113301/tests/test_harian_pesangon_pensiun_bracket_rate.yaml;ssi_l10n_id_taxform_coretax_bupot_pph_f113301/tests/test_taxform_objek_pajak_fixed_rate.py,(semua),heuristik regex: def/function/arrow-const/class pada baris +/- dan konteks hunk (perkiraan),"Tarif otomatis TER harian/pesangon/pensiun (hard-coded di Python, tidak berlaku-tanggal)"
AsadSaleh/pajakin,pre_TER_rewrite,4f54364933,2024-04-29,As'ad Saleh Umar,Major rewrite,3,378,227,378,203,addNewOutcomeRow;handleEsc,Home;RootLayout,,4,app/globals.css;app/layout.tsx;app/page.tsx,(semua),heuristik regex: def/function/arrow-const/class pada baris +/- dan konteks hunk (perkiraan),"Rewrite 2024 (bukan TER): biaya jabatan otomatis dihapus, diganti komponen pengurang manual"
AsadSaleh/pajakin,TER_intro,be3c9a6738,2026-06-29,As'ad Saleh Umar,feat: add TER calculation page,3,504,0,504,0,InfoTooltip;InfoTooltipBlock;TerPage;findTerBracket;formatCurrency;formatPercent;terPtkpRows,Home,,8,app/page.tsx;app/ter-rates.ts;app/ter/page.tsx,(semua),heuristik regex: def/function/arrow-const/class pada baris +/- dan konteks hunk (perkiraan),Halaman TER baru ditambahkan di samping kalkulator tahunan (bukan menggantikan); ~30 bulan setelah TER berlaku
AsadSaleh/pajakin,TER_followup,0a240a628d,2026-08-09,As'ad Saleh Umar,feat: add gross up calculcation,2,141,9,141,9,findTerGrossUp,TerPage;findTerBracket,,3,app/ter-rates.ts;app/ter/page.tsx,(semua),heuristik regex: def/function/arrow-const/class pada baris +/- dan konteks hunk (perkiraan),Gross-up TER bulanan (closed form per bracket)
teknologi-umum/pph21,initial_with_TER,5aa9977cdc,2024-01-25,Zasda Yusuf Mikail,Initial commit,1,340,0,340,0,calculateEmployeeInsuranceContribution;calculateEmployerInsuranceContribution;calculateTax;calculateYearlyTax;getNonTaxableIncomeByTaxpayerStatus;getTaxRateCategoryByTaxpayerStatus;getTaxRatesByCategory;toTaxPayerStatus,,,8,src/tax.ts,src/tax.ts,heuristik regex: def/function/arrow-const/class pada baris +/- dan konteks hunk (perkiraan),Seluruh logika (TER+Pasal 17+BPJS) di commit awal 2024-01-25; dibatasi ke src/tax.ts
teknologi-umum/pph21,TER_followup,9ab36fbc00,2024-01-26,elianiva,feat: calculate everything client side,1,5,1,5,1,localise,calculateTax;getTaxRatesByCategory,,3,src/tax.ts,src/tax.ts,heuristik regex: def/function/arrow-const/class pada baris +/- dan konteks hunk (perkiraan),totalTax = regular*10 + ...; dibatasi ke src/tax.ts
muhroyhan/pph21,initial_with_TER,1d08bab5e6,2026-08-06,Muhammad Royhan,initial commit,25,1411,0,1411,0,annualPtkpAmount;applyDtpIfEligible;applyNpwpSurcharge;applyProgressiveBrackets;calculateBpjs;calculateBukanPegawai;calculateDewanKomisaris;calculateMantanPegawai;calculatePPh21;calculatePegawaiTetap;calculatePegawaiTidakTetap;calculatePenarikanDanaPensiunAwal;calculatePenghasilanFinal;calculatePensiunanBerkala;calculatePesertaKegiatan;dispatch;getTaxYearConfig;getTerBracketsForCategory;lookupTerRate;resolvePtkp;resolveWageCeiling;roundDownRupiah;roundDownToThousand,,,23,src/bpjs/calculate-bpjs.ts;src/calculators/bukan-pegawai.ts;src/calculators/dewan-komisaris.ts;src/calculators/mantan-pegawai.ts;src/calculators/pegawai-tetap.ts;src/calculators/pegawai-tidak-tetap.ts;src/calculators/penghasilan-final.ts;src/calculators/pensiunan-berkala.ts;src/calculators/peserta-kegiatan.ts;src/constants/article17.ts;src/constants/bpjs.ts;src/constants/deductions.ts;src/constants/dtp.ts;src/constants/final-tax.ts;src/constants/ptkp.ts;src/constants/tax-years.ts;src/constants/ter.ts;src/constants/types.ts;src/core/npwp-surcharge.ts;src/core/progressive.ts;src/core/resolve-ptkp.ts;src/core/result-types.ts;src/core/rounding.ts;src/core/ter-lookup.ts;src/index.ts,src,heuristik regex: def/function/arrow-const/class pada baris +/- dan konteks hunk (perkiraan),"Semua aturan (TER, PTKP, Pasal 17, BPJS, DTP 2026) di commit awal; dibatasi ke src/"
muhroyhan/pph21,rule_followup,66964e00fe,2026-08-07,Muhammad Royhan,add daysjs to validate date inputted,6,74,11,74,11,assertIsoDateString;assertIsoMonthString;isIsoDateString;isIsoMonthString,calculateBpjs;resolveWageCeiling,,6,src/bpjs/calculate-bpjs.ts;src/constants/bpjs.ts;src/constants/dtp.ts;src/constants/types.ts;src/index.ts;src/utils/validate-date.ts,src,heuristik regex: def/function/arrow-const/class pada baris +/- dan konteks hunk (perkiraan),Validasi tanggal (dayjs); tidak mengubah nilai konstanta
Peco-lab/id-payroll,initial_with_TER,40176b4a51,2026-06-27,Peco-lab,Initial commit,13,952,0,952,0,BpjsBreakdown;BpjsResult;BpjsSettings;MonthlyTaxComponents;Pph21DecemberResult;PtkpInfo;TaxBracket;calcAnnualTaxFromPkp;calcBiayaJabatan;calcBpjs;calcMonthlyTaxComponents;calcPph21December;calcPph21Monthly;calc_annual_tax_from_pkp;calc_biaya_jabatan;calc_bpjs;calc_monthly_tax_components;calc_pph21_december;calc_pph21_monthly;checkStaleness;check_staleness;getPtkpInfo;getTerCategory;getTerRate;get_ptkp_info;get_ter_category;get_ter_rate,,,27,js/src/bpjs.ts;js/src/index.ts;js/src/pasal17.ts;js/src/pph21.ts;js/src/ptkp.ts;js/src/ter.ts;python/src/id_payroll/__init__.py;python/src/id_payroll/bpjs.py;python/src/id_payroll/pasal17.py;python/src/id_payroll/pph21.py;python/src/id_payroll/ptkp.py;python/src/id_payroll/py.typed;python/src/id_payroll/ter.py,python/src;js/src,heuristik regex: def/function/arrow-const/class pada baris +/- dan konteks hunk (perkiraan),Semua aturan di commit awal (Python + JS); dibatasi ke python/src & js/src
steevenz/id-payroll-calculator -> riod94/payroll-calculator-indonesia,lineage_diff,92337ed..2633336 (sintetis lokal 63dbec0),2019-12-08 -> 2025-11-17,steevenz -> riod94,diff lintas-repo src/,35,2249,1345,2249,1345,AnnualResult;Benefits;BonusResult;CalculationConstants;CompanyProvisions;Components;EarningsResult;LastTaxPeriod;LiabilityResult;MonthlyResult;Onetime;OvertimeCalculationType;OvertimeDetailsType;OvertimeMultiplierDetailType;OvertimeResult;OvertimeSummary;OvertimeSummaryType;Overtimes;ParseTerDetailType;Pph21Commissioner;Pph21LastTaxPeriod;Pph21NonPermanentEmployee;Pph21NotEmployee;Pph21OtherSubject;Pph21Resign;PphConstants;PphResignResult;PphResult;PtkpResult;Resign;ResignAllowances;ResignLiabilityResult;ResignResult;Result;StateProvisions;TaxableResult;addEmployeeDeductions;applyCalculationMethod;applyNoNpwpSurcharge;calculateBPJSKesehatan;calculateDailyTer;calculateIrregulars;calculateJHTAndJIP;calculateNettIncome;calculateNonPermanentEmployeeCalculations;calculatePermanentEmployeeCalculations;calculatePkp;calculatePositionTax;calculatePph;calculatePph21;calculatePph23;calculatePph26;calculatePphBonus;calculatePtkp;calculateTER;count;get;getPph;grossUpPph;keyToString;keys;overtimeCalculation;parseReportOvertime;parseTer;roundDownPkp;set;sum;toArray;toString;values,Allowances;Deductions;Earnings;Employee;PayrollCalculator;Pph21;Pph23;Pph26;Provisions;__construct;calculate;calculateBaseOnPph21;calculateBaseOnPph23;calculateBaseOnPph26;getCalculation;getRate,Bonus;Company;Presences;State;__get;__set;getBPJSKesehatanGrade;getCalculatedDays;getJKKRiskGradePercentage;getListOfJKKRiskGradePercentage;getListOfPTKP;getPtkp;getPtkpAmount,99,src/Constants/CalculationConstants.php;src/Constants/PphConstants.php;src/DataStructures/Company.php;src/DataStructures/Company/Allowances.php;src/DataStructures/Components.php;src/DataStructures/Earnings.php;src/DataStructures/Employee.php;src/DataStructures/Employee/Allowances.php;src/DataStructures/Employee/Bonus.php;src/DataStructures/Employee/Deductions.php;src/DataStructures/Employee/Earnings.php;src/DataStructures/Employee/Presences.php;src/DataStructures/LastTaxPeriod.php;src/DataStructures/Onetime.php;src/DataStructures/Overtimes.php;src/DataStructures/Provisions.php;src/DataStructures/Provisions/Company.php;src/DataStructures/Provisions/State.php;src/DataStructures/Resign.php;src/DataStructures/Result.php;src/PayrollCalculator.php;src/Taxes/AbstractPph.php;src/Taxes/Pph21.php;src/Taxes/Pph21Commissioner.php;src/Taxes/Pph21LastTaxPeriod.php;src/Taxes/Pph21NonPermanentEmployee.php;src/Taxes/Pph21NotEmployee.php;src/Taxes/Pph21OtherSubject.php;src/Taxes/Pph21Resign.php;src/Taxes/Pph23.php;src/Taxes/Pph26.php;src/Traits/MapArrayObject.php;src/Traits/OvertimeCalculator.php;src/Types/OvertimeTypes.php;src/Types/TaxStatus.php,src,heuristik regex: def/function/arrow-const/class pada baris +/- dan konteks hunk (perkiraan),"Diff lintas-repo src/ steevenz@92337ed (2019) -> riod94@2633336 (2025-11-17); hash di kolom commit adalah commit sintetis lokal, BUKAN hash upstream. Kode TER yang benar-benar dieksekusi = 0 baris (calculateTER stub)."
