nama,url,lisensi,status_verifikasi_lisensi,paket_atau_contoh_indonesia,cara_ekspresi_aturan,versi_temporal_aturan,lapisan_override_perusahaan_tenant,definisi_sirkular_fixed_point_gross_up,bukti_url,catatan
OpenFisca (openfisca-core),https://github.com/openfisca/openfisca-core,AGPL-3.0,terverifikasi via GitHub API 2026-10-01,"Tidak ada. Org openfisca berisi paket France, Tunisia, Senegal, Mali, Cote d'Ivoire, Paraguay, Italy, Nouvelle-Caledonie, dll.; PyPI openfisca-indonesia/-indonesie/-id = 404; pencarian GitHub 'openfisca indonesia' = 0 hasil",Variabel = fungsi Python (formula per periode) + parameter YAML; entitas (person/household); country package,"Ya, native: parameter YAML berisi nilai per tanggal (mis. '2010-01-01: value'), diakses parameters(instant); formula dapat diberi tanggal mulai (formula_YYYY_MM_DD)","Parsial: mekanisme Reform (update_variable, modify_parameters) diterapkan pada salinan sistem dan dapat dirantai; bukan konsep tenant/perusahaan",Tidak native. Ketergantungan sirkular memicu CycleError; ada opsi max_nb_cycles/spiral untuk rekursi lintas-periode terbatas. Gross-up harus ditulis sebagai closed-form atau iterasi imperatif di dalam formula Python,https://openfisca.org/doc/coding-the-legislation/legislation_parameters.html ; https://openfisca.org/doc/coding-the-legislation/reforms.html ; https://openfisca.org/doc/openfisca-python-api/variables.html ; https://github.com/orgs/openfisca/repositories,Pembanding ekspresivitas terdekat untuk lapisan regulasi pemerintah
PolicyEngine core,https://github.com/PolicyEngine/policyengine-core,AGPL-3.0,terverifikasi via GitHub API 2026-10-01,Tidak ada (US/UK/Kanada dll.),Fork OpenFisca-Core: variabel Python + parameter YAML,Ya (warisan OpenFisca),Reform (warisan OpenFisca),Sama dengan OpenFisca (tidak native),https://github.com/PolicyEngine/policyengine-core,Varian OpenFisca; cukup disebut
Catala,https://github.com/CatalaLang/catala,Apache-2.0,terverifikasi via GitHub API 2026-10-01,"Tidak ada. catala-examples berisi: aides_logement, allocations_familiales, impot_revenu, polish_taxes, us_tax_code, NSW_community_gaming, smic, dll.; pencarian GitHub 'catala indonesia' tidak relevan","Literate programming: teks pasal + blok kode; scope & default logic berprioritas (definisi dasar + exception), sangat dekat dengan pola 'aturan umum + pengecualian'","Tidak ada versioning bawaan per tanggal berlaku; versi hukum berbeda ditulis berdampingan dan dipilih dengan tanggal sebagai input scope (kondisi tanggal)","Tidak ada konsep tenant; 'exception' memungkinkan override terstruktur di dalam program yang sama","Tidak: Catala tidak memiliki loop/rekursi dan siklus dependensi ditolak compiler; gross-up harus closed-form",https://arxiv.org/pdf/2103.03198 ; https://book.catala-lang.org/en/2-2-conditionals-exceptions.html ; https://github.com/CatalaLang/catala-examples,Pembanding ekspresivitas untuk default/exception logic
Payroll Engine,https://github.com/Payroll-Engine/PayrollEngine,MIT,terverifikasi via GitHub API 2026-10-01 (repo inti MIT; template regulasi negara tanpa lisensi terdeteksi),Tidak ada regulasi Indonesia; hanya template regulasi negara (PayrollEngine.Template.Regulation.Country),"Regulasi berlapis berisi Case, WageType (dihitung berurutan nomor), Collector, Lookup; skrip C# di dalam JSON + aksi no-code; tes payrun berbasis data","Ya: case value bertanda waktu dengan periode validitas (Timeless/Moment/Period/CalendarPeriod), retro-kalkulasi otomatis untuk perubahan masa lalu, nilai masa depan diterapkan saat periodenya tiba","Ya, native: layer base -> country -> industry -> company/klien dengan level & prioritas; objek layer atas meng-override/memperluas layer bawah (BaseRegulations, updateMode)",Tidak terdokumentasi sebagai fitur bawaan (tidak ditemukan referensi gross-up/fixed point di dokumentasi); kemungkinan via skrip C# imperatif - TIDAK DIVERIFIKASI,https://payrollengine.org/GetStarted/Overview/ ; https://payrollengine.org/GetStarted/AdvancedPayroll/ ; https://github.com/Payroll-Engine/PayrollEngine/wiki,Paling mirip arsitektur dua-lapis (regulasi + perusahaan) proyek ini
HRMQ,-,-,-,-,-,-,-,-,"Pencarian web 'HRMQ payroll' & 'HRMQ payroll rules engine' (2026-10-01) tidak menemukan produk/mesin bernama HRMQ",TIDAK TERIDENTIFIKASI - minta klarifikasi nama/URL dari pengusul
Blawx,https://github.com/Lexpedite/blawx,MIT,terverifikasi via GitHub API 2026-10-01 (push terakhir 2024-11-01),Tidak ada,Editor visual (Blockly) di atas s(CASP) - logic programming dengan penjelasan,Tidak native (tanggal sebagai fakta),Tidak,"Logic programming mendukung rekursi; fixed point numerik tidak menjadi tujuan",https://github.com/Lexpedite/blawx,Rules-as-Code dengan explainability; kurang aktif
DMN (OMG) / Drools,https://github.com/kiegroup/drools,Apache-2.0,terverifikasi via GitHub API 2026-10-01 (kiegroup/drools),Tidak ada,Decision table + FEEL expression (DMN) atau aturan DRL; mesin forward-chaining (Rete/Phreak),"Tidak native; tanggal berlaku dimodelkan sebagai kolom/kondisi; Drools punya atribut aturan date-effective/date-expires",Tidak ada konsep tenant bawaan (dapat lewat paket/KieBase terpisah),"Forward-chaining dapat berulang hingga fixed point (salience/loop control), tetapi gross-up numerik perlu dirancang manual",https://www.omg.org/dmn/ ; https://docs.drools.org/,Pembanding terdekat untuk mesin forward-chaining proyek ini
Frappe HRMS (Salary Structure + Income Tax Slab),https://github.com/frappe/hrms,GPL-3.0,terverifikasi via GitHub API 2026-10-01,"Tidak ada lokalisasi PPh 21 di inti; add-on pihak ketiga: IMOGI-ITB/Payroll-Indonesia, Novatama frappe-hr-pph21-15, ariefrdika/pph21_addons_13 (lihat kandidat_repo.csv)",Salary Component dengan kondisi & formula (ekspresi Python) dalam Salary Structure; Income Tax Slab tabel bracket,"Parsial: Income Tax Slab punya field effective_from (terverifikasi di income_tax_slab.json); Salary Structure Assignment punya from_date",Per company (field company pada Income Tax Slab/Salary Structure),Tidak native,https://github.com/frappe/hrms/blob/develop/hrms/payroll/doctype/income_tax_slab/income_tax_slab.json,ERP; contoh 'aturan sebagai data'
Odoo payroll (OCA/payroll; open-synergy ssi_l10n_id_taxform_pph_21),https://github.com/OCA/payroll,AGPL-3.0,terverifikasi via GitHub API 2026-10-01,"Ya (pihak ketiga): open-synergy/opnsynid-l10n-indonesia-taxform - TER, PTKP, tarif Pasal 17, biaya jabatan sebagai data master berlaku-tanggal (dikloning, lihat repos/)",Salary rule berisi kode Python + struktur gaji; modul open-synergy menyimpan parameter pajak sebagai record bertanggal,"Ya pada open-synergy (date_start, find(tanggal)); untuk TER lookup versi terbukti cacat (lihat README)",Per database (tidak ada company_id pada model aturan open-synergy),Tidak native,https://github.com/OCA/payroll ; https://github.com/open-synergy/opnsynid-l10n-indonesia-taxform,Baseline maintenance + pembanding ekspresivitas 'rule as data'
L4 / smucclaw DSL,https://github.com/smucclaw/dsl,NOASSERTION,terverifikasi via GitHub API 2026-10-01,Tidak ada,DSL hukum kontrak/regulasi (Haskell) dengan transpilasi ke berbagai target,Tidak native,Tidak,Tidak diketahui,https://github.com/smucclaw/dsl,Opsional/sekunder
