file_name,status,judul,penerbit,periode,source_page_url,download_url,lisensi,lisensi_url,format,dimensi,catatan
bps\keadaan_pekerja_indonesia_agustus_2025.pdf,diunduh,Keadaan Pekerja di Indonesia Agustus 2025 (Sakernas Agustus 2025),BPS,Agustus 2025 (+ tabel tren Feb/Agu 2023-2025 di Bab 2),https://www.bps.go.id/id/publication/2025/12/23/5fe58c9723acafc73fb95bff/keadaan-pekerja-di-indonesia-agustus-2025.html,https://web-api.bps.go.id/download.php?f=UqakSrbhV/+ZRsD2QBp051BrQU1HaFJMMUU4OUNPOTBzekZrbStMMWREMnUySG4yWXNRSFFpVVlNcE9WOTRBM1NyNGRLTzUvMWJJSzVzSG1lSUZVb21YWFRDSkpYS0p1Wng4K1RwTGlMYkQwUnhnMDBjZGUwbVY5d0FYRDB3VGoyUktyT0ZWbkJSaUdPK2FWcmVJakhCRFJkcUpSMnVKZkZBNmNlTmhYcnBTVVEvVk9ST3FvRllXUVFheGwyZ0lwM0h4V012bkRPY0VhMVZSdjEwZ242cVFxNlN3VURNM3gxSzF0cGhhUjJaWHRUd0s3OFJpK2VHOTQ5NXROL0VuL0gzVWM0NkhJTk5yNUZ6TVlJR2tYZngwY2MyTHZDays2MG9jMzFBPT0=,"Syarat & Ketentuan BPS: konten gratis, seluruh dunia, terus-menerus, non-eksklusif; boleh dipakai komersial/nonkomersial, disalin/didistribusikan, dan diubah/diekstraksi; WAJIB memberi kutipan/kredit ke BPS (judul konten, tanggal akses, penulis jika ada, tautan langsung); konten dapat diubah/ditarik BPS; bukan lisensi CC standar",https://www.bps.go.id/id/term-of-use,PDF,394 halaman,"NILAI = UPAH/GAJI BERSIH sebulan hasil survei Sakernas (jawaban responden), BUKAN gaji bruto payroll. Definisi BPS (Keadaan Pekerja Agu 2025, Penjelasan no.7): 'imbalan/balas jasa yang diterima oleh buruh/karyawan/pegawai selama sebulan yang lalu dari pekerjaan utama, yang terdiri dari komponen upah/gaji pokok dan tunjangan, baik berupa uang maupun barang yang dibayarkan oleh perusahaan/kantor/majikan' - definisi tidak merinci apakah PPh 21/iuran BPJS sudah dipotong; perlakukan sebagai take-home yang dilaporkan; rata-rata (mean), bukan median; satuan Rupiah/bulan. Tabel kunci (no. tabel -> halaman PDF): 3.6 pekerja menurut kelompok upah x daerah x jenis kelamin (p94); 3.47 provinsi x kelompok upah (p175), 3.50/3.51 idem laki-laki/perempuan (p178/p179); 3.72 KRT pekerja menurut kelompok upah x jumlah ART (p225); 3.77 KRT pekerja provinsi x jumlah ART; 4.11 buruh provinsi x lapangan usaha (p277), 4.14/4.15 idem laki/perempuan (p289/p293); 4.16 BURUH menurut kelompok upah x lapangan usaha (p297), 4.19/4.20 idem laki/perempuan (p303/p305); 4.21 buruh provinsi x pendidikan (p307), 4.24/4.25 idem laki/perempuan (p313/p315); 4.31 provinsi x jenis pekerjaan (p327); 4.41 kelompok umur x lapangan (p342); 4.46 umur x jenis pekerjaan (p362); 2.1-2.5 tren 2023-2025 menurut status pekerjaan & jenis kelamin. Bab 3 'Pekerja' = buruh + pekerja bebas (bukan buruh saja); Bab 4 = buruh/karyawan/pegawai. Kelompok upah hanya 8 kelas (<200rb, 200-399rb, ..., 1,5-1,99 jt, 2 jt+): kelas teratas terbuka dan mencakup mayoritas buruh -> tidak cukup untuk ekor atas distribusi. Teks PDF mengandung watermark yang mengganggu ekstraksi otomatis. Token download_url terenkripsi & dapat berubah: unduh ulang via halaman publikasi."
bps\keadaan_pekerja_indonesia_februari_2026.pdf,diunduh,Keadaan Pekerja di Indonesia Februari 2026 (Sakernas Februari 2026),BPS,Februari 2026,https://www.bps.go.id/id/publication/2026/06/26/8395855e90dcfd9940fa50c0/keadaan-pekerja-di-indonesia-februari-2026.html,https://web-api.bps.go.id/download.php?f=u2h81EkBpLd5O31174WP1VFpelhiQ3dUYkJHU3ROUHVHekR4K1NGUjdMT1VuazB3Y0xtNDQvZFVWcjJOTlVhWTJhUDJjelBmYlQvK2FGaXpBTklzVm1PUUZmeGdHNmZybW0vOEZxcUFmUUQyck1IK1ZmdDcxeXNxRzZFVE9IV2RxUUxMdkg5WURaWDgrREZtR0J2TGgxbkwxS1pLNHBaY0VwbU4rdjRlSksyK0FnWHAwQmdadlpmSmNkdjZLUDlhMVdwTDFoU09uKzI0aC9sRFdIbEt5cUdIUjlHOUxGVjViZzN2UDB1eUF6YVJCSUNCMDZta2x4V3pVLzNiS3VNZlhmeXNvWGNnaDRnTE9ob0Jqd1FFNzQ4Tm5Eb2p3VmtPVGlzOE1RPT0=,"Syarat & Ketentuan BPS: konten gratis, seluruh dunia, terus-menerus, non-eksklusif; boleh dipakai komersial/nonkomersial, disalin/didistribusikan, dan diubah/diekstraksi; WAJIB memberi kutipan/kredit ke BPS (judul konten, tanggal akses, penulis jika ada, tautan langsung); konten dapat diubah/ditarik BPS; bukan lisensi CC standar",https://www.bps.go.id/id/term-of-use,PDF,414 halaman,"NILAI = UPAH/GAJI BERSIH sebulan hasil survei Sakernas (jawaban responden), BUKAN gaji bruto payroll. Definisi BPS (Keadaan Pekerja Agu 2025, Penjelasan no.7): 'imbalan/balas jasa yang diterima oleh buruh/karyawan/pegawai selama sebulan yang lalu dari pekerjaan utama, yang terdiri dari komponen upah/gaji pokok dan tunjangan, baik berupa uang maupun barang yang dibayarkan oleh perusahaan/kantor/majikan' - definisi tidak merinci apakah PPh 21/iuran BPJS sudah dipotong; perlakukan sebagai take-home yang dilaporkan; rata-rata (mean), bukan median; satuan Rupiah/bulan. Struktur tabel sama dengan edisi Agustus 2025 (halaman PDF): 3.6 (p97), 3.47 (p178), 3.50/3.51 (p181/p182), 3.72 (p228), 3.77 (p233), 4.11 (p284), 4.14/4.15 (p296/p300), 4.16 (p304), 4.19/4.20 (p310/p312), 4.21 (p314), 4.24/4.25 (p320/p322), 4.31 (p334), 4.41 (p349). Edisi ini memakai istilah 'Lapangan Usaha'. Rilis 26-06-2026. Token download_url dapat berubah."
bps\statistik_kesejahteraan_rakyat_2025.pdf,diunduh,Statistik Kesejahteraan Rakyat 2025 (Susenas 2025),BPS,2025,https://www.bps.go.id/id/publication/2025/10/10/b37dd4fb6b1727f8cf3c0271/statistik-kesejahteraan-rakyat-2025.html,https://web-api.bps.go.id/download.php?f=UFYQTb94pOOJQq+uq46mrStUaXVFTDZXUEgwZGx0VXZPT0c3Q1ZwNXVNV3d5RFlYYWJsRGZ5UWxYbWViR3VpRkpvVG5BWjdsSVhDTHZqTXZ6WTRlUHNXTFFuQmx6emJaYVNNaFUzY2dJMHJNTDRpL1I0U3lBQmtiOVE2K2NobHcvYWpFaEJLaFRTUWZxNW9LRTNETUxGY21wYkhNZzZaZW4zNGZaK1drTHhtRXR3OHVjS1pYNGlrVk9pZDJraXpQY0hFdFljd3UwbjUydWxXeEpvL0NjNDZZWjZVcDBjVm1pOWlhaXBJQ2pKaGlIT2gyYWpvWXpaTCszL2M4VHBydmJNdTBhN0Q1Rk04MTZZbys=,"Syarat & Ketentuan BPS: konten gratis, seluruh dunia, terus-menerus, non-eksklusif; boleh dipakai komersial/nonkomersial, disalin/didistribusikan, dan diubah/diekstraksi; WAJIB memberi kutipan/kredit ke BPS (judul konten, tanggal akses, penulis jika ada, tautan langsung); konten dapat diubah/ditarik BPS; bukan lisensi CC standar",https://www.bps.go.id/id/term-of-use,PDF,584 halaman,"Sumber status perkawinan TERBARU untuk sampling status PTKP (TK/K): Tabel 2.2-2.4 'Persentase Penduduk Berumur 10 Tahun ke Atas (Perkotaan/Perdesaan/Total) Menurut Provinsi, Jenis Kelamin, dan Status Perkawinan, 2025' (hal. buku 14/16/18); Tabel 2.5-2.7 umur 15-49 th (hal. buku 20/22/24). Kategori: belum kawin, kawin, cerai hidup, cerai mati. Populasi umum, bukan khusus pekerja. Sebagian teks PDF ter-encode (cid) -> ekstraksi otomatis perlu dicek manual."
bps\bps_upah_rata2_17sektor_nasional_2026_raw.json,diunduh,Rata-Rata Upah/Gaji,BPS,2026 (Februari),https://www.bps.go.id/id/statistics-table/2/MTUyMSMy/rata-rata-upah-gaji.html,"https://www.bps.go.id/id/statistics-table/2/MTUyMSMy/rata-rata-upah-gaji.html (data ter-embed di HTML; tombol XLSX/CSV di situs dibuat di sisi klien dari tabel HTML, tidak ada file server)","Syarat & Ketentuan BPS: konten gratis, seluruh dunia, terus-menerus, non-eksklusif; boleh dipakai komersial/nonkomersial, disalin/didistribusikan, dan diubah/diekstraksi; WAJIB memberi kutipan/kredit ke BPS (judul konten, tanggal akses, penulis jika ada, tautan langsung); konten dapat diubah/ditarik BPS; bukan lisensi CC standar",https://www.bps.go.id/id/term-of-use,"JSON (objek data format WebAPI yang ter-embed di HTML halaman, disalin apa adanya)",18 sel datacontent; vervar='17 sektor'; turvar=1 kategori,"NILAI = UPAH/GAJI BERSIH sebulan hasil survei Sakernas (jawaban responden), BUKAN gaji bruto payroll. Definisi BPS (Keadaan Pekerja Agu 2025, Penjelasan no.7): 'imbalan/balas jasa yang diterima oleh buruh/karyawan/pegawai selama sebulan yang lalu dari pekerjaan utama, yang terdiri dari komponen upah/gaji pokok dan tunjangan, baik berupa uang maupun barang yang dibayarkan oleh perusahaan/kantor/majikan' - definisi tidak merinci apakah PPh 21/iuran BPJS sudah dipotong; perlakukan sebagai take-home yang dilaporkan; rata-rata (mean), bukan median; satuan Rupiah/bulan. Rata-rata upah/gaji buruh nasional per 17 sektor lapangan usaha + rata-rata total. Halaman hanya menyajikan tahun terbaru (Februari 2026). var_id=1521, satuan=Rupiah, last_update=2026-05-06 15:41:41. Kunci datacontent = vervar+var+turvar+tahun+turtahun. Snapshot HTML asli: bps/raw_html/bps_upah_rata2_17sektor_nasional_2026.html. Tahun sebelumnya hanya via WebAPI (perlu key) -> lihat baris hanya_referensi."
bps\bps_upah_rata2_17sektor_nasional_2026.csv,diunduh,Rata-Rata Upah/Gaji,BPS,2026 (Februari),https://www.bps.go.id/id/statistics-table/2/MTUyMSMy/rata-rata-upah-gaji.html,"https://www.bps.go.id/id/statistics-table/2/MTUyMSMy/rata-rata-upah-gaji.html (data ter-embed di HTML; tombol XLSX/CSV di situs dibuat di sisi klien dari tabel HTML, tidak ada file server)","Syarat & Ketentuan BPS: konten gratis, seluruh dunia, terus-menerus, non-eksklusif; boleh dipakai komersial/nonkomersial, disalin/didistribusikan, dan diubah/diekstraksi; WAJIB memberi kutipan/kredit ke BPS (judul konten, tanggal akses, penulis jika ada, tautan langsung); konten dapat diubah/ditarik BPS; bukan lisensi CC standar",https://www.bps.go.id/id/term-of-use,"CSV (konversi tidy dari _raw.json; kolom vervar_label, var_label, turvar_label, tahun, periode, nilai, satuan, key)",18 baris x 8 kolom,"NILAI = UPAH/GAJI BERSIH sebulan hasil survei Sakernas (jawaban responden), BUKAN gaji bruto payroll. Definisi BPS (Keadaan Pekerja Agu 2025, Penjelasan no.7): 'imbalan/balas jasa yang diterima oleh buruh/karyawan/pegawai selama sebulan yang lalu dari pekerjaan utama, yang terdiri dari komponen upah/gaji pokok dan tunjangan, baik berupa uang maupun barang yang dibayarkan oleh perusahaan/kantor/majikan' - definisi tidak merinci apakah PPh 21/iuran BPJS sudah dipotong; perlakukan sebagai take-home yang dilaporkan; rata-rata (mean), bukan median; satuan Rupiah/bulan. Rata-rata upah/gaji buruh nasional per 17 sektor lapangan usaha + rata-rata total. Halaman hanya menyajikan tahun terbaru (Februari 2026). var_id=1521, satuan=Rupiah, last_update=2026-05-06 15:41:41. Kunci datacontent = vervar+var+turvar+tahun+turtahun. Snapshot HTML asli: bps/raw_html/bps_upah_rata2_17sektor_nasional_2026.html. Tahun sebelumnya hanya via WebAPI (perlu key) -> lihat baris hanya_referensi."
bps\bps_upah_rata2_triwulanan_17sektor_2026_raw.json,diunduh,Rata-Rata Upah/Gaji (Triwulanan),BPS,"2026 (Februari, Mei)",https://www.bps.go.id/id/statistics-table/2/MjU2MyMy/rata-rata-upah-gaji-triwulanan.html,"https://www.bps.go.id/id/statistics-table/2/MjU2MyMy/rata-rata-upah-gaji-triwulanan.html (data ter-embed di HTML; tombol XLSX/CSV di situs dibuat di sisi klien dari tabel HTML, tidak ada file server)","Syarat & Ketentuan BPS: konten gratis, seluruh dunia, terus-menerus, non-eksklusif; boleh dipakai komersial/nonkomersial, disalin/didistribusikan, dan diubah/diekstraksi; WAJIB memberi kutipan/kredit ke BPS (judul konten, tanggal akses, penulis jika ada, tautan langsung); konten dapat diubah/ditarik BPS; bukan lisensi CC standar",https://www.bps.go.id/id/term-of-use,"JSON (objek data format WebAPI yang ter-embed di HTML halaman, disalin apa adanya)",36 sel datacontent; vervar='17 sektor'; turvar=1 kategori,"NILAI = UPAH/GAJI BERSIH sebulan hasil survei Sakernas (jawaban responden), BUKAN gaji bruto payroll. Definisi BPS (Keadaan Pekerja Agu 2025, Penjelasan no.7): 'imbalan/balas jasa yang diterima oleh buruh/karyawan/pegawai selama sebulan yang lalu dari pekerjaan utama, yang terdiri dari komponen upah/gaji pokok dan tunjangan, baik berupa uang maupun barang yang dibayarkan oleh perusahaan/kantor/majikan' - definisi tidak merinci apakah PPh 21/iuran BPJS sudah dipotong; perlakukan sebagai take-home yang dilaporkan; rata-rata (mean), bukan median; satuan Rupiah/bulan. Rata-rata upah/gaji (triwulanan: Feb, Mei, Agu, Nov) per 17 sektor; snapshot 2026 berisi Februari & Mei 2026. var_id=2563, satuan=Rupiah, last_update=2026-08-07 08:19:35. Kunci datacontent = vervar+var+turvar+tahun+turtahun. Snapshot HTML asli: bps/raw_html/bps_upah_rata2_triwulanan_17sektor_2026.html. Tahun sebelumnya hanya via WebAPI (perlu key) -> lihat baris hanya_referensi."
bps\bps_upah_rata2_triwulanan_17sektor_2026.csv,diunduh,Rata-Rata Upah/Gaji (Triwulanan),BPS,"2026 (Februari, Mei)",https://www.bps.go.id/id/statistics-table/2/MjU2MyMy/rata-rata-upah-gaji-triwulanan.html,"https://www.bps.go.id/id/statistics-table/2/MjU2MyMy/rata-rata-upah-gaji-triwulanan.html (data ter-embed di HTML; tombol XLSX/CSV di situs dibuat di sisi klien dari tabel HTML, tidak ada file server)","Syarat & Ketentuan BPS: konten gratis, seluruh dunia, terus-menerus, non-eksklusif; boleh dipakai komersial/nonkomersial, disalin/didistribusikan, dan diubah/diekstraksi; WAJIB memberi kutipan/kredit ke BPS (judul konten, tanggal akses, penulis jika ada, tautan langsung); konten dapat diubah/ditarik BPS; bukan lisensi CC standar",https://www.bps.go.id/id/term-of-use,"CSV (konversi tidy dari _raw.json; kolom vervar_label, var_label, turvar_label, tahun, periode, nilai, satuan, key)",36 baris x 8 kolom,"NILAI = UPAH/GAJI BERSIH sebulan hasil survei Sakernas (jawaban responden), BUKAN gaji bruto payroll. Definisi BPS (Keadaan Pekerja Agu 2025, Penjelasan no.7): 'imbalan/balas jasa yang diterima oleh buruh/karyawan/pegawai selama sebulan yang lalu dari pekerjaan utama, yang terdiri dari komponen upah/gaji pokok dan tunjangan, baik berupa uang maupun barang yang dibayarkan oleh perusahaan/kantor/majikan' - definisi tidak merinci apakah PPh 21/iuran BPJS sudah dipotong; perlakukan sebagai take-home yang dilaporkan; rata-rata (mean), bukan median; satuan Rupiah/bulan. Rata-rata upah/gaji (triwulanan: Feb, Mei, Agu, Nov) per 17 sektor; snapshot 2026 berisi Februari & Mei 2026. var_id=2563, satuan=Rupiah, last_update=2026-08-07 08:19:35. Kunci datacontent = vervar+var+turvar+tahun+turtahun. Snapshot HTML asli: bps/raw_html/bps_upah_rata2_triwulanan_17sektor_2026.html. Tahun sebelumnya hanya via WebAPI (perlu key) -> lihat baris hanya_referensi."
bps\bps_upah_provinsi_x_jenis_pekerjaan_2026_raw.json,diunduh,Rata-rata Upah/Gaji Bersih Sebulan Buruh/Karyawan/Pegawai Menurut Provinsi dan Jenis Pekerjaan Utama,BPS,2026 (Februari),https://www.bps.go.id/id/statistics-table/2/NTgzIzI=/rata-rata-upah-gaji-bersih-sebulan-buruh-karyawan-pegawai-menurut-provinsi-dan-jenis-pekerjaan-utama.html,"https://www.bps.go.id/id/statistics-table/2/NTgzIzI=/rata-rata-upah-gaji-bersih-sebulan-buruh-karyawan-pegawai-menurut-provinsi-dan-jenis-pekerjaan-utama.html (data ter-embed di HTML; tombol XLSX/CSV di situs dibuat di sisi klien dari tabel HTML, tidak ada file server)","Syarat & Ketentuan BPS: konten gratis, seluruh dunia, terus-menerus, non-eksklusif; boleh dipakai komersial/nonkomersial, disalin/didistribusikan, dan diubah/diekstraksi; WAJIB memberi kutipan/kredit ke BPS (judul konten, tanggal akses, penulis jika ada, tautan langsung); konten dapat diubah/ditarik BPS; bukan lisensi CC standar",https://www.bps.go.id/id/term-of-use,"JSON (objek data format WebAPI yang ter-embed di HTML halaman, disalin apa adanya)",337 sel datacontent; vervar='Provinsi dg Rata2'; turvar=9 kategori,"NILAI = UPAH/GAJI BERSIH sebulan hasil survei Sakernas (jawaban responden), BUKAN gaji bruto payroll. Definisi BPS (Keadaan Pekerja Agu 2025, Penjelasan no.7): 'imbalan/balas jasa yang diterima oleh buruh/karyawan/pegawai selama sebulan yang lalu dari pekerjaan utama, yang terdiri dari komponen upah/gaji pokok dan tunjangan, baik berupa uang maupun barang yang dibayarkan oleh perusahaan/kantor/majikan' - definisi tidak merinci apakah PPh 21/iuran BPJS sudah dipotong; perlakukan sebagai take-home yang dilaporkan; rata-rata (mean), bukan median; satuan Rupiah/bulan. Rata-rata upah/gaji bersih buruh per provinsi (38 + rata-rata) x jenis pekerjaan utama; snapshot Februari 2026. var_id=583, satuan=Rupiah, last_update=2026-07-15 10:59:10. Kunci datacontent = vervar+var+turvar+tahun+turtahun. Snapshot HTML asli: bps/raw_html/bps_upah_provinsi_x_jenis_pekerjaan_2026.html. Tahun sebelumnya hanya via WebAPI (perlu key) -> lihat baris hanya_referensi."
bps\bps_upah_provinsi_x_jenis_pekerjaan_2026.csv,diunduh,Rata-rata Upah/Gaji Bersih Sebulan Buruh/Karyawan/Pegawai Menurut Provinsi dan Jenis Pekerjaan Utama,BPS,2026 (Februari),https://www.bps.go.id/id/statistics-table/2/NTgzIzI=/rata-rata-upah-gaji-bersih-sebulan-buruh-karyawan-pegawai-menurut-provinsi-dan-jenis-pekerjaan-utama.html,"https://www.bps.go.id/id/statistics-table/2/NTgzIzI=/rata-rata-upah-gaji-bersih-sebulan-buruh-karyawan-pegawai-menurut-provinsi-dan-jenis-pekerjaan-utama.html (data ter-embed di HTML; tombol XLSX/CSV di situs dibuat di sisi klien dari tabel HTML, tidak ada file server)","Syarat & Ketentuan BPS: konten gratis, seluruh dunia, terus-menerus, non-eksklusif; boleh dipakai komersial/nonkomersial, disalin/didistribusikan, dan diubah/diekstraksi; WAJIB memberi kutipan/kredit ke BPS (judul konten, tanggal akses, penulis jika ada, tautan langsung); konten dapat diubah/ditarik BPS; bukan lisensi CC standar",https://www.bps.go.id/id/term-of-use,"CSV (konversi tidy dari _raw.json; kolom vervar_label, var_label, turvar_label, tahun, periode, nilai, satuan, key)",337 baris x 8 kolom,"NILAI = UPAH/GAJI BERSIH sebulan hasil survei Sakernas (jawaban responden), BUKAN gaji bruto payroll. Definisi BPS (Keadaan Pekerja Agu 2025, Penjelasan no.7): 'imbalan/balas jasa yang diterima oleh buruh/karyawan/pegawai selama sebulan yang lalu dari pekerjaan utama, yang terdiri dari komponen upah/gaji pokok dan tunjangan, baik berupa uang maupun barang yang dibayarkan oleh perusahaan/kantor/majikan' - definisi tidak merinci apakah PPh 21/iuran BPJS sudah dipotong; perlakukan sebagai take-home yang dilaporkan; rata-rata (mean), bukan median; satuan Rupiah/bulan. Rata-rata upah/gaji bersih buruh per provinsi (38 + rata-rata) x jenis pekerjaan utama; snapshot Februari 2026. var_id=583, satuan=Rupiah, last_update=2026-07-15 10:59:10. Kunci datacontent = vervar+var+turvar+tahun+turtahun. Snapshot HTML asli: bps/raw_html/bps_upah_provinsi_x_jenis_pekerjaan_2026.html. Tahun sebelumnya hanya via WebAPI (perlu key) -> lihat baris hanya_referensi."
bps\bps_upah_pendidikan_x_jenis_pekerjaan_2026_raw.json,diunduh,Rata-rata Upah/Gaji Bersih Sebulan Buruh/Karyawan/Pegawai Menurut Pendidikan Tertinggi yang Ditamatkan  dan Jenis Pekerjaan Utama,BPS,2026 (Februari),https://www.bps.go.id/id/statistics-table/2/NTc1IzI=/rata-rata-upah-gaji-bersih-sebulan-buruh-karyawan-pegawai-menurut-pendidikan-tertinggi-yang-ditamatkan-dan-jenis-pekerjaan-utama.html,"https://www.bps.go.id/id/statistics-table/2/NTc1IzI=/rata-rata-upah-gaji-bersih-sebulan-buruh-karyawan-pegawai-menurut-pendidikan-tertinggi-yang-ditamatkan-dan-jenis-pekerjaan-utama.html (data ter-embed di HTML; tombol XLSX/CSV di situs dibuat di sisi klien dari tabel HTML, tidak ada file server)","Syarat & Ketentuan BPS: konten gratis, seluruh dunia, terus-menerus, non-eksklusif; boleh dipakai komersial/nonkomersial, disalin/didistribusikan, dan diubah/diekstraksi; WAJIB memberi kutipan/kredit ke BPS (judul konten, tanggal akses, penulis jika ada, tautan langsung); konten dapat diubah/ditarik BPS; bukan lisensi CC standar",https://www.bps.go.id/id/term-of-use,"JSON (objek data format WebAPI yang ter-embed di HTML halaman, disalin apa adanya)",74 sel datacontent; vervar='Pendidikan Tertinggi - UB'; turvar=9 kategori,"NILAI = UPAH/GAJI BERSIH sebulan hasil survei Sakernas (jawaban responden), BUKAN gaji bruto payroll. Definisi BPS (Keadaan Pekerja Agu 2025, Penjelasan no.7): 'imbalan/balas jasa yang diterima oleh buruh/karyawan/pegawai selama sebulan yang lalu dari pekerjaan utama, yang terdiri dari komponen upah/gaji pokok dan tunjangan, baik berupa uang maupun barang yang dibayarkan oleh perusahaan/kantor/majikan' - definisi tidak merinci apakah PPh 21/iuran BPJS sudah dipotong; perlakukan sebagai take-home yang dilaporkan; rata-rata (mean), bukan median; satuan Rupiah/bulan. Rata-rata upah/gaji bersih buruh menurut pendidikan tertinggi x jenis pekerjaan utama; snapshot Februari 2026. var_id=575, satuan=Rupiah, last_update=2026-07-15 10:58:03. Kunci datacontent = vervar+var+turvar+tahun+turtahun. Snapshot HTML asli: bps/raw_html/bps_upah_pendidikan_x_jenis_pekerjaan_2026.html. Tahun sebelumnya hanya via WebAPI (perlu key) -> lihat baris hanya_referensi."
bps\bps_upah_pendidikan_x_jenis_pekerjaan_2026.csv,diunduh,Rata-rata Upah/Gaji Bersih Sebulan Buruh/Karyawan/Pegawai Menurut Pendidikan Tertinggi yang Ditamatkan  dan Jenis Pekerjaan Utama,BPS,2026 (Februari),https://www.bps.go.id/id/statistics-table/2/NTc1IzI=/rata-rata-upah-gaji-bersih-sebulan-buruh-karyawan-pegawai-menurut-pendidikan-tertinggi-yang-ditamatkan-dan-jenis-pekerjaan-utama.html,"https://www.bps.go.id/id/statistics-table/2/NTc1IzI=/rata-rata-upah-gaji-bersih-sebulan-buruh-karyawan-pegawai-menurut-pendidikan-tertinggi-yang-ditamatkan-dan-jenis-pekerjaan-utama.html (data ter-embed di HTML; tombol XLSX/CSV di situs dibuat di sisi klien dari tabel HTML, tidak ada file server)","Syarat & Ketentuan BPS: konten gratis, seluruh dunia, terus-menerus, non-eksklusif; boleh dipakai komersial/nonkomersial, disalin/didistribusikan, dan diubah/diekstraksi; WAJIB memberi kutipan/kredit ke BPS (judul konten, tanggal akses, penulis jika ada, tautan langsung); konten dapat diubah/ditarik BPS; bukan lisensi CC standar",https://www.bps.go.id/id/term-of-use,"CSV (konversi tidy dari _raw.json; kolom vervar_label, var_label, turvar_label, tahun, periode, nilai, satuan, key)",74 baris x 8 kolom,"NILAI = UPAH/GAJI BERSIH sebulan hasil survei Sakernas (jawaban responden), BUKAN gaji bruto payroll. Definisi BPS (Keadaan Pekerja Agu 2025, Penjelasan no.7): 'imbalan/balas jasa yang diterima oleh buruh/karyawan/pegawai selama sebulan yang lalu dari pekerjaan utama, yang terdiri dari komponen upah/gaji pokok dan tunjangan, baik berupa uang maupun barang yang dibayarkan oleh perusahaan/kantor/majikan' - definisi tidak merinci apakah PPh 21/iuran BPJS sudah dipotong; perlakukan sebagai take-home yang dilaporkan; rata-rata (mean), bukan median; satuan Rupiah/bulan. Rata-rata upah/gaji bersih buruh menurut pendidikan tertinggi x jenis pekerjaan utama; snapshot Februari 2026. var_id=575, satuan=Rupiah, last_update=2026-07-15 10:58:03. Kunci datacontent = vervar+var+turvar+tahun+turtahun. Snapshot HTML asli: bps/raw_html/bps_upah_pendidikan_x_jenis_pekerjaan_2026.html. Tahun sebelumnya hanya via WebAPI (perlu key) -> lihat baris hanya_referensi."
bps\bps_upah_provinsi_x_lapangan_usaha_17sektor_2025_raw.json,diunduh,Rata-Rata Upah/Gaji Bersih Sebulan Buruh/Karyawan/Pegawai menurut Provinsi dan Lapangan Usaha di 17 Sektor,BPS,"2025 (Agustus, Februari)",https://www.bps.go.id/id/statistics-table/2/MjQ3NSMy/rata-rata-upah-gaji-bersih-sebulan-buruh-karyawan-pegawai-menurut-provinsi-dan-lapangan-usaha-di-17-sektor.html,"https://www.bps.go.id/id/statistics-table/2/MjQ3NSMy/rata-rata-upah-gaji-bersih-sebulan-buruh-karyawan-pegawai-menurut-provinsi-dan-lapangan-usaha-di-17-sektor.html (data ter-embed di HTML; tombol XLSX/CSV di situs dibuat di sisi klien dari tabel HTML, tidak ada file server)","Syarat & Ketentuan BPS: konten gratis, seluruh dunia, terus-menerus, non-eksklusif; boleh dipakai komersial/nonkomersial, disalin/didistribusikan, dan diubah/diekstraksi; WAJIB memberi kutipan/kredit ke BPS (judul konten, tanggal akses, penulis jika ada, tautan langsung); konten dapat diubah/ditarik BPS; bukan lisensi CC standar",https://www.bps.go.id/id/term-of-use,"JSON (objek data format WebAPI yang ter-embed di HTML halaman, disalin apa adanya)",1308 sel datacontent; vervar='Provinsi dg Rata2'; turvar=18 kategori,"NILAI = UPAH/GAJI BERSIH sebulan hasil survei Sakernas (jawaban responden), BUKAN gaji bruto payroll. Definisi BPS (Keadaan Pekerja Agu 2025, Penjelasan no.7): 'imbalan/balas jasa yang diterima oleh buruh/karyawan/pegawai selama sebulan yang lalu dari pekerjaan utama, yang terdiri dari komponen upah/gaji pokok dan tunjangan, baik berupa uang maupun barang yang dibayarkan oleh perusahaan/kantor/majikan' - definisi tidak merinci apakah PPh 21/iuran BPJS sudah dipotong; perlakukan sebagai take-home yang dilaporkan; rata-rata (mean), bukan median; satuan Rupiah/bulan. Rata-rata upah/gaji bersih buruh per provinsi x 17 sektor lapangan usaha (+Total); Februari & Agustus 2025 (tabel var 2475 yang disebut dalam permintaan). var_id=2475, satuan=Rupiah, last_update=2026-07-14 14:13:08. Kunci datacontent = vervar+var+turvar+tahun+turtahun. Snapshot HTML asli: bps/raw_html/bps_upah_provinsi_x_lapangan_usaha_17sektor_2025.html. Tahun sebelumnya hanya via WebAPI (perlu key) -> lihat baris hanya_referensi."
bps\bps_upah_provinsi_x_lapangan_usaha_17sektor_2025.csv,diunduh,Rata-Rata Upah/Gaji Bersih Sebulan Buruh/Karyawan/Pegawai menurut Provinsi dan Lapangan Usaha di 17 Sektor,BPS,"2025 (Agustus, Februari)",https://www.bps.go.id/id/statistics-table/2/MjQ3NSMy/rata-rata-upah-gaji-bersih-sebulan-buruh-karyawan-pegawai-menurut-provinsi-dan-lapangan-usaha-di-17-sektor.html,"https://www.bps.go.id/id/statistics-table/2/MjQ3NSMy/rata-rata-upah-gaji-bersih-sebulan-buruh-karyawan-pegawai-menurut-provinsi-dan-lapangan-usaha-di-17-sektor.html (data ter-embed di HTML; tombol XLSX/CSV di situs dibuat di sisi klien dari tabel HTML, tidak ada file server)","Syarat & Ketentuan BPS: konten gratis, seluruh dunia, terus-menerus, non-eksklusif; boleh dipakai komersial/nonkomersial, disalin/didistribusikan, dan diubah/diekstraksi; WAJIB memberi kutipan/kredit ke BPS (judul konten, tanggal akses, penulis jika ada, tautan langsung); konten dapat diubah/ditarik BPS; bukan lisensi CC standar",https://www.bps.go.id/id/term-of-use,"CSV (konversi tidy dari _raw.json; kolom vervar_label, var_label, turvar_label, tahun, periode, nilai, satuan, key)",1308 baris x 8 kolom,"NILAI = UPAH/GAJI BERSIH sebulan hasil survei Sakernas (jawaban responden), BUKAN gaji bruto payroll. Definisi BPS (Keadaan Pekerja Agu 2025, Penjelasan no.7): 'imbalan/balas jasa yang diterima oleh buruh/karyawan/pegawai selama sebulan yang lalu dari pekerjaan utama, yang terdiri dari komponen upah/gaji pokok dan tunjangan, baik berupa uang maupun barang yang dibayarkan oleh perusahaan/kantor/majikan' - definisi tidak merinci apakah PPh 21/iuran BPJS sudah dipotong; perlakukan sebagai take-home yang dilaporkan; rata-rata (mean), bukan median; satuan Rupiah/bulan. Rata-rata upah/gaji bersih buruh per provinsi x 17 sektor lapangan usaha (+Total); Februari & Agustus 2025 (tabel var 2475 yang disebut dalam permintaan). var_id=2475, satuan=Rupiah, last_update=2026-07-14 14:13:08. Kunci datacontent = vervar+var+turvar+tahun+turtahun. Snapshot HTML asli: bps/raw_html/bps_upah_provinsi_x_lapangan_usaha_17sektor_2025.html. Tahun sebelumnya hanya via WebAPI (perlu key) -> lihat baris hanya_referensi."
bps\bps_upah_kelompok_umur_x_lapangan_usaha_17sektor_2025_raw.json,diunduh,Rata-Rata Upah/Gaji Bersih Sebulan Buruh/Karyawan/Pegawai menurut Kelompok Umur dan Lapangan Usaha di 17 Sektor,BPS,"2025 (Agustus, Februari)",https://www.bps.go.id/id/statistics-table/2/MjQ3MSMy/rata-rata-upah-gaji-bersih-sebulan-buruh-karyawan-pegawai-menurut-kelompok-umur-dan-lapangan-usaha-di-17-sektor.html,"https://www.bps.go.id/id/statistics-table/2/MjQ3MSMy/rata-rata-upah-gaji-bersih-sebulan-buruh-karyawan-pegawai-menurut-kelompok-umur-dan-lapangan-usaha-di-17-sektor.html (data ter-embed di HTML; tombol XLSX/CSV di situs dibuat di sisi klien dari tabel HTML, tidak ada file server)","Syarat & Ketentuan BPS: konten gratis, seluruh dunia, terus-menerus, non-eksklusif; boleh dipakai komersial/nonkomersial, disalin/didistribusikan, dan diubah/diekstraksi; WAJIB memberi kutipan/kredit ke BPS (judul konten, tanggal akses, penulis jika ada, tautan langsung); konten dapat diubah/ditarik BPS; bukan lisensi CC standar",https://www.bps.go.id/id/term-of-use,"JSON (objek data format WebAPI yang ter-embed di HTML halaman, disalin apa adanya)",392 sel datacontent; vervar='Kelompok Umur - UB'; turvar=18 kategori,"NILAI = UPAH/GAJI BERSIH sebulan hasil survei Sakernas (jawaban responden), BUKAN gaji bruto payroll. Definisi BPS (Keadaan Pekerja Agu 2025, Penjelasan no.7): 'imbalan/balas jasa yang diterima oleh buruh/karyawan/pegawai selama sebulan yang lalu dari pekerjaan utama, yang terdiri dari komponen upah/gaji pokok dan tunjangan, baik berupa uang maupun barang yang dibayarkan oleh perusahaan/kantor/majikan' - definisi tidak merinci apakah PPh 21/iuran BPJS sudah dipotong; perlakukan sebagai take-home yang dilaporkan; rata-rata (mean), bukan median; satuan Rupiah/bulan. Rata-rata upah/gaji bersih buruh menurut kelompok umur x 17 sektor; Februari & Agustus 2025. var_id=2471, satuan=Rupiah, last_update=2026-07-14 14:06:30. Kunci datacontent = vervar+var+turvar+tahun+turtahun. Snapshot HTML asli: bps/raw_html/bps_upah_kelompok_umur_x_lapangan_usaha_17sektor_2025.html. Tahun sebelumnya hanya via WebAPI (perlu key) -> lihat baris hanya_referensi."
bps\bps_upah_kelompok_umur_x_lapangan_usaha_17sektor_2025.csv,diunduh,Rata-Rata Upah/Gaji Bersih Sebulan Buruh/Karyawan/Pegawai menurut Kelompok Umur dan Lapangan Usaha di 17 Sektor,BPS,"2025 (Agustus, Februari)",https://www.bps.go.id/id/statistics-table/2/MjQ3MSMy/rata-rata-upah-gaji-bersih-sebulan-buruh-karyawan-pegawai-menurut-kelompok-umur-dan-lapangan-usaha-di-17-sektor.html,"https://www.bps.go.id/id/statistics-table/2/MjQ3MSMy/rata-rata-upah-gaji-bersih-sebulan-buruh-karyawan-pegawai-menurut-kelompok-umur-dan-lapangan-usaha-di-17-sektor.html (data ter-embed di HTML; tombol XLSX/CSV di situs dibuat di sisi klien dari tabel HTML, tidak ada file server)","Syarat & Ketentuan BPS: konten gratis, seluruh dunia, terus-menerus, non-eksklusif; boleh dipakai komersial/nonkomersial, disalin/didistribusikan, dan diubah/diekstraksi; WAJIB memberi kutipan/kredit ke BPS (judul konten, tanggal akses, penulis jika ada, tautan langsung); konten dapat diubah/ditarik BPS; bukan lisensi CC standar",https://www.bps.go.id/id/term-of-use,"CSV (konversi tidy dari _raw.json; kolom vervar_label, var_label, turvar_label, tahun, periode, nilai, satuan, key)",392 baris x 8 kolom,"NILAI = UPAH/GAJI BERSIH sebulan hasil survei Sakernas (jawaban responden), BUKAN gaji bruto payroll. Definisi BPS (Keadaan Pekerja Agu 2025, Penjelasan no.7): 'imbalan/balas jasa yang diterima oleh buruh/karyawan/pegawai selama sebulan yang lalu dari pekerjaan utama, yang terdiri dari komponen upah/gaji pokok dan tunjangan, baik berupa uang maupun barang yang dibayarkan oleh perusahaan/kantor/majikan' - definisi tidak merinci apakah PPh 21/iuran BPJS sudah dipotong; perlakukan sebagai take-home yang dilaporkan; rata-rata (mean), bukan median; satuan Rupiah/bulan. Rata-rata upah/gaji bersih buruh menurut kelompok umur x 17 sektor; Februari & Agustus 2025. var_id=2471, satuan=Rupiah, last_update=2026-07-14 14:06:30. Kunci datacontent = vervar+var+turvar+tahun+turtahun. Snapshot HTML asli: bps/raw_html/bps_upah_kelompok_umur_x_lapangan_usaha_17sektor_2025.html. Tahun sebelumnya hanya via WebAPI (perlu key) -> lihat baris hanya_referensi."
bps\bps_upah_pendidikan_x_lapangan_usaha_17sektor_2025_raw.json,diunduh,Rata-Rata Upah/Gaji Bersih Sebulan Buruh/Karyawan/Pegawai Menurut Pendidikan Tertinggi yang Ditamatkan dan Lapangan Usaha di 17 Sektor,BPS,"2025 (Agustus, Februari)",https://www.bps.go.id/id/statistics-table/2/MjQ3NCMy/rata-rata-upah-gaji-bersih-sebulan-buruh-karyawan-pegawai-menurut-pendidikan-tertinggi-yang-ditamatkan-dan-lapangan-usaha-di-17-sektor.html,"https://www.bps.go.id/id/statistics-table/2/MjQ3NCMy/rata-rata-upah-gaji-bersih-sebulan-buruh-karyawan-pegawai-menurut-pendidikan-tertinggi-yang-ditamatkan-dan-lapangan-usaha-di-17-sektor.html (data ter-embed di HTML; tombol XLSX/CSV di situs dibuat di sisi klien dari tabel HTML, tidak ada file server)","Syarat & Ketentuan BPS: konten gratis, seluruh dunia, terus-menerus, non-eksklusif; boleh dipakai komersial/nonkomersial, disalin/didistribusikan, dan diubah/diekstraksi; WAJIB memberi kutipan/kredit ke BPS (judul konten, tanggal akses, penulis jika ada, tautan langsung); konten dapat diubah/ditarik BPS; bukan lisensi CC standar",https://www.bps.go.id/id/term-of-use,"JSON (objek data format WebAPI yang ter-embed di HTML halaman, disalin apa adanya)",307 sel datacontent; vervar='Pendidikan Tertinggi yang Ditamatkan + Rata'; turvar=18 kategori,"NILAI = UPAH/GAJI BERSIH sebulan hasil survei Sakernas (jawaban responden), BUKAN gaji bruto payroll. Definisi BPS (Keadaan Pekerja Agu 2025, Penjelasan no.7): 'imbalan/balas jasa yang diterima oleh buruh/karyawan/pegawai selama sebulan yang lalu dari pekerjaan utama, yang terdiri dari komponen upah/gaji pokok dan tunjangan, baik berupa uang maupun barang yang dibayarkan oleh perusahaan/kantor/majikan' - definisi tidak merinci apakah PPh 21/iuran BPJS sudah dipotong; perlakukan sebagai take-home yang dilaporkan; rata-rata (mean), bukan median; satuan Rupiah/bulan. Rata-rata upah/gaji bersih buruh menurut pendidikan tertinggi x 17 sektor; Februari & Agustus 2025. var_id=2474, satuan=Rupiah, last_update=2026-07-14 14:14:09. Kunci datacontent = vervar+var+turvar+tahun+turtahun. Snapshot HTML asli: bps/raw_html/bps_upah_pendidikan_x_lapangan_usaha_17sektor_2025.html. Tahun sebelumnya hanya via WebAPI (perlu key) -> lihat baris hanya_referensi."
bps\bps_upah_pendidikan_x_lapangan_usaha_17sektor_2025.csv,diunduh,Rata-Rata Upah/Gaji Bersih Sebulan Buruh/Karyawan/Pegawai Menurut Pendidikan Tertinggi yang Ditamatkan dan Lapangan Usaha di 17 Sektor,BPS,"2025 (Agustus, Februari)",https://www.bps.go.id/id/statistics-table/2/MjQ3NCMy/rata-rata-upah-gaji-bersih-sebulan-buruh-karyawan-pegawai-menurut-pendidikan-tertinggi-yang-ditamatkan-dan-lapangan-usaha-di-17-sektor.html,"https://www.bps.go.id/id/statistics-table/2/MjQ3NCMy/rata-rata-upah-gaji-bersih-sebulan-buruh-karyawan-pegawai-menurut-pendidikan-tertinggi-yang-ditamatkan-dan-lapangan-usaha-di-17-sektor.html (data ter-embed di HTML; tombol XLSX/CSV di situs dibuat di sisi klien dari tabel HTML, tidak ada file server)","Syarat & Ketentuan BPS: konten gratis, seluruh dunia, terus-menerus, non-eksklusif; boleh dipakai komersial/nonkomersial, disalin/didistribusikan, dan diubah/diekstraksi; WAJIB memberi kutipan/kredit ke BPS (judul konten, tanggal akses, penulis jika ada, tautan langsung); konten dapat diubah/ditarik BPS; bukan lisensi CC standar",https://www.bps.go.id/id/term-of-use,"CSV (konversi tidy dari _raw.json; kolom vervar_label, var_label, turvar_label, tahun, periode, nilai, satuan, key)",307 baris x 8 kolom,"NILAI = UPAH/GAJI BERSIH sebulan hasil survei Sakernas (jawaban responden), BUKAN gaji bruto payroll. Definisi BPS (Keadaan Pekerja Agu 2025, Penjelasan no.7): 'imbalan/balas jasa yang diterima oleh buruh/karyawan/pegawai selama sebulan yang lalu dari pekerjaan utama, yang terdiri dari komponen upah/gaji pokok dan tunjangan, baik berupa uang maupun barang yang dibayarkan oleh perusahaan/kantor/majikan' - definisi tidak merinci apakah PPh 21/iuran BPJS sudah dipotong; perlakukan sebagai take-home yang dilaporkan; rata-rata (mean), bukan median; satuan Rupiah/bulan. Rata-rata upah/gaji bersih buruh menurut pendidikan tertinggi x 17 sektor; Februari & Agustus 2025. var_id=2474, satuan=Rupiah, last_update=2026-07-14 14:14:09. Kunci datacontent = vervar+var+turvar+tahun+turtahun. Snapshot HTML asli: bps/raw_html/bps_upah_pendidikan_x_lapangan_usaha_17sektor_2025.html. Tahun sebelumnya hanya via WebAPI (perlu key) -> lihat baris hanya_referensi."
bps\bps_upah_kelompok_umur_x_jenis_pekerjaan_2026_raw.json,diunduh,Rata-Rata Upah/Gaji Bersih Sebulan Buruh/Karyawan/Pegawai menurut Kelompok Umur dan Jenis Pekerjaan Utama,BPS,2026 (Februari),https://www.bps.go.id/id/statistics-table/2/MjQ3MCMy/rata-rata-upah-gaji-bersih-sebulan-buruh-karyawan-pegawai-menurut-kelompok-umur-dan-jenis-pekerjaan-utama.html,"https://www.bps.go.id/id/statistics-table/2/MjQ3MCMy/rata-rata-upah-gaji-bersih-sebulan-buruh-karyawan-pegawai-menurut-kelompok-umur-dan-jenis-pekerjaan-utama.html (data ter-embed di HTML; tombol XLSX/CSV di situs dibuat di sisi klien dari tabel HTML, tidak ada file server)","Syarat & Ketentuan BPS: konten gratis, seluruh dunia, terus-menerus, non-eksklusif; boleh dipakai komersial/nonkomersial, disalin/didistribusikan, dan diubah/diekstraksi; WAJIB memberi kutipan/kredit ke BPS (judul konten, tanggal akses, penulis jika ada, tautan langsung); konten dapat diubah/ditarik BPS; bukan lisensi CC standar",https://www.bps.go.id/id/term-of-use,"JSON (objek data format WebAPI yang ter-embed di HTML halaman, disalin apa adanya)",98 sel datacontent; vervar='Kelompok Umur - UB'; turvar=9 kategori,"NILAI = UPAH/GAJI BERSIH sebulan hasil survei Sakernas (jawaban responden), BUKAN gaji bruto payroll. Definisi BPS (Keadaan Pekerja Agu 2025, Penjelasan no.7): 'imbalan/balas jasa yang diterima oleh buruh/karyawan/pegawai selama sebulan yang lalu dari pekerjaan utama, yang terdiri dari komponen upah/gaji pokok dan tunjangan, baik berupa uang maupun barang yang dibayarkan oleh perusahaan/kantor/majikan' - definisi tidak merinci apakah PPh 21/iuran BPJS sudah dipotong; perlakukan sebagai take-home yang dilaporkan; rata-rata (mean), bukan median; satuan Rupiah/bulan. Rata-rata upah/gaji bersih buruh menurut kelompok umur x jenis pekerjaan utama; snapshot Februari 2026. var_id=2470, satuan=Rupiah, last_update=2026-07-15 11:04:56. Kunci datacontent = vervar+var+turvar+tahun+turtahun. Snapshot HTML asli: bps/raw_html/bps_upah_kelompok_umur_x_jenis_pekerjaan_2026.html. Tahun sebelumnya hanya via WebAPI (perlu key) -> lihat baris hanya_referensi."
bps\bps_upah_kelompok_umur_x_jenis_pekerjaan_2026.csv,diunduh,Rata-Rata Upah/Gaji Bersih Sebulan Buruh/Karyawan/Pegawai menurut Kelompok Umur dan Jenis Pekerjaan Utama,BPS,2026 (Februari),https://www.bps.go.id/id/statistics-table/2/MjQ3MCMy/rata-rata-upah-gaji-bersih-sebulan-buruh-karyawan-pegawai-menurut-kelompok-umur-dan-jenis-pekerjaan-utama.html,"https://www.bps.go.id/id/statistics-table/2/MjQ3MCMy/rata-rata-upah-gaji-bersih-sebulan-buruh-karyawan-pegawai-menurut-kelompok-umur-dan-jenis-pekerjaan-utama.html (data ter-embed di HTML; tombol XLSX/CSV di situs dibuat di sisi klien dari tabel HTML, tidak ada file server)","Syarat & Ketentuan BPS: konten gratis, seluruh dunia, terus-menerus, non-eksklusif; boleh dipakai komersial/nonkomersial, disalin/didistribusikan, dan diubah/diekstraksi; WAJIB memberi kutipan/kredit ke BPS (judul konten, tanggal akses, penulis jika ada, tautan langsung); konten dapat diubah/ditarik BPS; bukan lisensi CC standar",https://www.bps.go.id/id/term-of-use,"CSV (konversi tidy dari _raw.json; kolom vervar_label, var_label, turvar_label, tahun, periode, nilai, satuan, key)",98 baris x 8 kolom,"NILAI = UPAH/GAJI BERSIH sebulan hasil survei Sakernas (jawaban responden), BUKAN gaji bruto payroll. Definisi BPS (Keadaan Pekerja Agu 2025, Penjelasan no.7): 'imbalan/balas jasa yang diterima oleh buruh/karyawan/pegawai selama sebulan yang lalu dari pekerjaan utama, yang terdiri dari komponen upah/gaji pokok dan tunjangan, baik berupa uang maupun barang yang dibayarkan oleh perusahaan/kantor/majikan' - definisi tidak merinci apakah PPh 21/iuran BPJS sudah dipotong; perlakukan sebagai take-home yang dilaporkan; rata-rata (mean), bukan median; satuan Rupiah/bulan. Rata-rata upah/gaji bersih buruh menurut kelompok umur x jenis pekerjaan utama; snapshot Februari 2026. var_id=2470, satuan=Rupiah, last_update=2026-07-15 11:04:56. Kunci datacontent = vervar+var+turvar+tahun+turtahun. Snapshot HTML asli: bps/raw_html/bps_upah_kelompok_umur_x_jenis_pekerjaan_2026.html. Tahun sebelumnya hanya via WebAPI (perlu key) -> lihat baris hanya_referensi."
bps\bps_upah_per_jam_provinsi_2025_raw.json,diunduh,Upah Rata - Rata Per Jam Pekerja Menurut Provinsi,BPS,2025 (Tahun),https://www.bps.go.id/id/statistics-table/2/MTE3MiMy/upah-rata-rata-per-jam-pekerja-menurut-provinsi.html,"https://www.bps.go.id/id/statistics-table/2/MTE3MiMy/upah-rata-rata-per-jam-pekerja-menurut-provinsi.html (data ter-embed di HTML; tombol XLSX/CSV di situs dibuat di sisi klien dari tabel HTML, tidak ada file server)","Syarat & Ketentuan BPS: konten gratis, seluruh dunia, terus-menerus, non-eksklusif; boleh dipakai komersial/nonkomersial, disalin/didistribusikan, dan diubah/diekstraksi; WAJIB memberi kutipan/kredit ke BPS (judul konten, tanggal akses, penulis jika ada, tautan langsung); konten dapat diubah/ditarik BPS; bukan lisensi CC standar",https://www.bps.go.id/id/term-of-use,"JSON (objek data format WebAPI yang ter-embed di HTML halaman, disalin apa adanya)",39 sel datacontent; vervar='38 Provinsi'; turvar=1 kategori,"Upah rata-rata per jam pekerja per provinsi (Rupiah/jam), 2025 (tahunan). var_id=1172, satuan=Rupiah/Jam, last_update=2025-12-02 09:19:39. Kunci datacontent = vervar+var+turvar+tahun+turtahun. Snapshot HTML asli: bps/raw_html/bps_upah_per_jam_provinsi_2025.html. Tahun sebelumnya hanya via WebAPI (perlu key) -> lihat baris hanya_referensi."
bps\bps_upah_per_jam_provinsi_2025.csv,diunduh,Upah Rata - Rata Per Jam Pekerja Menurut Provinsi,BPS,2025 (Tahun),https://www.bps.go.id/id/statistics-table/2/MTE3MiMy/upah-rata-rata-per-jam-pekerja-menurut-provinsi.html,"https://www.bps.go.id/id/statistics-table/2/MTE3MiMy/upah-rata-rata-per-jam-pekerja-menurut-provinsi.html (data ter-embed di HTML; tombol XLSX/CSV di situs dibuat di sisi klien dari tabel HTML, tidak ada file server)","Syarat & Ketentuan BPS: konten gratis, seluruh dunia, terus-menerus, non-eksklusif; boleh dipakai komersial/nonkomersial, disalin/didistribusikan, dan diubah/diekstraksi; WAJIB memberi kutipan/kredit ke BPS (judul konten, tanggal akses, penulis jika ada, tautan langsung); konten dapat diubah/ditarik BPS; bukan lisensi CC standar",https://www.bps.go.id/id/term-of-use,"CSV (konversi tidy dari _raw.json; kolom vervar_label, var_label, turvar_label, tahun, periode, nilai, satuan, key)",39 baris x 8 kolom,"Upah rata-rata per jam pekerja per provinsi (Rupiah/jam), 2025 (tahunan). var_id=1172, satuan=Rupiah/Jam, last_update=2025-12-02 09:19:39. Kunci datacontent = vervar+var+turvar+tahun+turtahun. Snapshot HTML asli: bps/raw_html/bps_upah_per_jam_provinsi_2025.html. Tahun sebelumnya hanya via WebAPI (perlu key) -> lihat baris hanya_referensi."
bps\bps_ump_upah_minimum_regional_provinsi_2020_raw.json,diunduh,Upah Minimum Regional/Propinsi,BPS,2020 (Tahun),https://www.bps.go.id/id/statistics-table/2/MjIwIzI=/upah-minimum-regional-propinsi.html,"https://www.bps.go.id/id/statistics-table/2/MjIwIzI=/upah-minimum-regional-propinsi.html (data ter-embed di HTML; tombol XLSX/CSV di situs dibuat di sisi klien dari tabel HTML, tidak ada file server)","Syarat & Ketentuan BPS: konten gratis, seluruh dunia, terus-menerus, non-eksklusif; boleh dipakai komersial/nonkomersial, disalin/didistribusikan, dan diubah/diekstraksi; WAJIB memberi kutipan/kredit ke BPS (judul konten, tanggal akses, penulis jika ada, tautan langsung); konten dapat diubah/ditarik BPS; bukan lisensi CC standar",https://www.bps.go.id/id/term-of-use,"JSON (objek data format WebAPI yang ter-embed di HTML halaman, disalin apa adanya)",35 sel datacontent; vervar='38 Provinsi'; turvar=1 kategori,"Tabel BPS lama UMR/UMP per provinsi; snapshot hanya tahun 2020 (last_update 2017-03-23; catatan tabel: sumber Kemnaker). Hanya pembanding; gunakan kemnaker/ untuk UMP 2023-2026. var_id=220, satuan=Rupiah, last_update=2017-03-23 00:00:00. Kunci datacontent = vervar+var+turvar+tahun+turtahun. Snapshot HTML asli: bps/raw_html/bps_ump_upah_minimum_regional_provinsi_2020.html. Tahun sebelumnya hanya via WebAPI (perlu key) -> lihat baris hanya_referensi."
bps\bps_ump_upah_minimum_regional_provinsi_2020.csv,diunduh,Upah Minimum Regional/Propinsi,BPS,2020 (Tahun),https://www.bps.go.id/id/statistics-table/2/MjIwIzI=/upah-minimum-regional-propinsi.html,"https://www.bps.go.id/id/statistics-table/2/MjIwIzI=/upah-minimum-regional-propinsi.html (data ter-embed di HTML; tombol XLSX/CSV di situs dibuat di sisi klien dari tabel HTML, tidak ada file server)","Syarat & Ketentuan BPS: konten gratis, seluruh dunia, terus-menerus, non-eksklusif; boleh dipakai komersial/nonkomersial, disalin/didistribusikan, dan diubah/diekstraksi; WAJIB memberi kutipan/kredit ke BPS (judul konten, tanggal akses, penulis jika ada, tautan langsung); konten dapat diubah/ditarik BPS; bukan lisensi CC standar",https://www.bps.go.id/id/term-of-use,"CSV (konversi tidy dari _raw.json; kolom vervar_label, var_label, turvar_label, tahun, periode, nilai, satuan, key)",35 baris x 8 kolom,"Tabel BPS lama UMR/UMP per provinsi; snapshot hanya tahun 2020 (last_update 2017-03-23; catatan tabel: sumber Kemnaker). Hanya pembanding; gunakan kemnaker/ untuk UMP 2023-2026. var_id=220, satuan=Rupiah, last_update=2017-03-23 00:00:00. Kunci datacontent = vervar+var+turvar+tahun+turtahun. Snapshot HTML asli: bps/raw_html/bps_ump_upah_minimum_regional_provinsi_2020.html. Tahun sebelumnya hanya via WebAPI (perlu key) -> lihat baris hanya_referensi."
bps\bps_status_perkawinan_penduduk10plus_provinsi_jk_2009_2018.xls,diunduh,"Persentase Penduduk Berumur 10 Tahun ke Atas menurut Provinsi, Jenis Kelamin, dan Status Perkawinan, 2009-2018",BPS,2009-2018,https://www.bps.go.id/id/statistics-table/1/MTYwMiMx/persentase-penduduk-berumur-10-tahun-ke-atas-menurut-provinsi-jenis-kelamin-dan-status-perkawinan-2009-2018.html,https://web-api.bps.go.id/download.php?f=mrMshnywE4yztEheAiLSVzZpc1hlMzNxazArOGt5bWdoQUxqS0xTMkRyY2V5WGhTcUMyYmpjaThUWERjUWxLS29ITWFncE4xOWUyWUFmdGRHL2dteHRhaS9nNHgxTEdZNWIzYndjTjhiUUc0aUw5b2dJOFFrNnNFWHhnakdaS0ZRN2cvRmRRclE0cFA4QXU0QStQK0l6UG5mMXJ1d0h3Vk9TVEN0TVFyWGJuYmpTQng2bkxJTHFDUlVNRTlRZm1hU2dZemdSNE5FZHFSYTFxL0xyQzJjOWd5UFZXYVdSaEFKMXBVL1k4QWQzc2ZLUjBKRmNxQ0RkN2ZYd0NkK3ZqTXRzZG5yenpFT3F6cDZmTmQyMTdIV1RKd2NwU1ZTYStUV2lBWEhzTmhVNHYrZ01YTTlXSGU5ZkFNRjVNPQ==,"Syarat & Ketentuan BPS: konten gratis, seluruh dunia, terus-menerus, non-eksklusif; boleh dipakai komersial/nonkomersial, disalin/didistribusikan, dan diubah/diekstraksi; WAJIB memberi kutipan/kredit ke BPS (judul konten, tanggal akses, penulis jika ada, tautan langsung); konten dapat diubah/ditarik BPS; bukan lisensi CC standar",https://www.bps.go.id/id/term-of-use,XLS (Excel 97-2003; baca dengan xlrd),indo_40_2:40x151,"Persentase penduduk 10+ menurut provinsi x jenis kelamin x status perkawinan (belum kawin/kawin/cerai hidup/cerai mati), Susenas. Seri BERHENTI di 2018; untuk 2025 lihat statistik_kesejahteraan_rakyat_2025.pdf Tabel 2.4. Tabel statis var_id=1602. Header multi-baris (judul di baris 0-6) -> perlu parsing manual. Token download_url dapat berubah."
bps\bps_rumah_tangga_provinsi_jk_krt_banyaknya_art_2009_2025.xls,diunduh,"Persentase Rumah Tangga menurut Provinsi, Jenis Kelamin Kepala Rumah Tangga, dan Banyaknya Anggota Rumah Tangga, 2009-2025",BPS,2009-2025,https://www.bps.go.id/id/statistics-table/1/MTYwMyMx/persentase-rumah-tangga-menurut-provinsi-jenis-kelamin-kepala-rumah-tangga-dan-banyaknya-anggota-rumah-tangga-2009-2025.html,https://web-api.bps.go.id/download.php?f=KHemxhqhrWHbErjCpSCWNGwzcEpkeW1waHl1QWlta1VvdkhXUUVIK0JJaTdDdnVJL1g0MVNObWZhRlMzQlkvaEp2RWFrU1c4ekhONE80WWdaSkVFMC92dmVhSEYreW9vcDlxVjhRVytqZ1VpL3MxR0pLcXNoVCtCTUFkcFM3elNneHJGQ0o0WWVLZDJKSkpBVUhPdkVNcjFtZEN4THc2QXNHSUpmL2tWNEhMZFhNczM4TmlEWURMZzBPT1lha1VxY1FteVFmZDdGSk5CZFRVaGpMY24wYzNzVmFRbjVvTjdIK1h2YXBLdzVpVUhKTHJYKzRZeWFEMEI1c1VMbjFCVE1BK240ZEpPK1g4c3pVZzliSlR4MklxR0VNdUZKRUp4aStHZ2ppQVJYT216eDVBZ2xCeTdjNjFVQ3I4VHVwTkxhQnJqUWxOY29mcGdMREVn,"Syarat & Ketentuan BPS: konten gratis, seluruh dunia, terus-menerus, non-eksklusif; boleh dipakai komersial/nonkomersial, disalin/didistribusikan, dan diubah/diekstraksi; WAJIB memberi kutipan/kredit ke BPS (judul konten, tanggal akses, penulis jika ada, tautan langsung); konten dapat diubah/ditarik BPS; bukan lisensi CC standar",https://www.bps.go.id/id/term-of-use,XLS (Excel 97-2003; baca dengan xlrd),indo_40_3:134x87,"Persentase rumah tangga menurut provinsi x jenis kelamin KRT x banyaknya ART (1, 2-3, 4-5, 6+), Susenas. Proksi ukuran keluarga/tanggungan untuk PTKP K/0-K/3 (bukan jumlah anak langsung). Tabel statis var_id=1603. Header multi-baris (judul di baris 0-6) -> perlu parsing manual. Token download_url dapat berubah."
bps\bps_rumah_tangga_daerah_umur_jk_krt_status_perkawinan_2009_2025.xls,diunduh,"Persentase Rumah Tangga menurut Daerah Tempat Tinggal , Kelompok Umur, Jenis Kelamin Kepala Rumah Tangga, dan Status Perkawinan, 2009-2025",BPS,2009-2025,https://www.bps.go.id/id/statistics-table/1/MTYwNSMx/persentase-rumah-tangga-menurut-daerah-tempat-tinggal-kelompok-umur-jenis-kelamin-kepala-rumah-tangga-dan-status-perkawinan-2009-2025.html,https://web-api.bps.go.id/download.php?f=9moEm0vOqJcCg/1uADZUFEtLdlVRZmE5enZ6b2hRN0g4MVhIRS84MlZLWkt4bkZpbWtxckxTYmFaT2hEL0xTNjJkNkpsWnNqRHVvcmNRR1RmWjVKWXozN3pjY2dXNHJWcExvaTJIM3ZIMDhneGI5Ny9Ldzd5ZThkd3h3em5iWmxkRDZhNTdrV0VrQi83Y1BvL0gvWk9INnVuVGJHbFpOV0ptanJqeHBmaXR5cjhqYWd0UTdnamRqZi9jMkFRSkxVNm43NjdPV0hVM0RoMGNlL3dyckIxUXZMTnJaZmRmT2JrUjVOaVpJSVNac1FGNytsaUJPL0lCeFBPeGxabmNZbFpXbXllYWY5OUtwL0prSUU5T3RNOGZkZmMwdm0reU5lcUVSYnlXYmY5SW1meHJMVHlCelpxcG5WOUROdmVTZzBmZ1AvMkMvTjA2aVBvTjNVK2U3cVZzaHhPRUh5OWRuSEVzOTlZQT09,"Syarat & Ketentuan BPS: konten gratis, seluruh dunia, terus-menerus, non-eksklusif; boleh dipakai komersial/nonkomersial, disalin/didistribusikan, dan diubah/diekstraksi; WAJIB memberi kutipan/kredit ke BPS (judul konten, tanggal akses, penulis jika ada, tautan langsung); konten dapat diubah/ditarik BPS; bukan lisensi CC standar",https://www.bps.go.id/id/term-of-use,XLS (Excel 97-2003; baca dengan xlrd),indo_40_5:41x87,"Persentase rumah tangga menurut daerah x kelompok umur KRT x jenis kelamin KRT x status perkawinan KRT, Susenas. Tabel statis var_id=1605. Header multi-baris (judul di baris 0-6) -> perlu parsing manual. Token download_url dapat berubah."
bps\bps_upah_provinsi_x_jenis_pekerjaan_2024.xls,diunduh,"Rata-rata Upah/Gaji Bersih Sebulan Buruh/Karyawan/Pegawai Menurut Provinsi dan Jenis Pekerjaan Utama, 2024",BPS,Februari & Agustus 2024,https://www.bps.go.id/id/statistics-table/1/MjI1NSMx/rata-rata-upah-gaji-bersih-sebulan-buruh-karyawan-pegawai-menurut-provinsi-dan-jenis-pekerjaan-utama-2024.html,https://web-api.bps.go.id/download.php?f=lZlK3H4Ebzeli0VuA/nzL2loMnAxcXM1TGFEeE1JeUZRMW9SQ2FieDdob0R2Vi9NV0FDZkFLd24xeVZ6ajZHMmxUc2xrZUtiVXlyN2JtYWgxN0FqMU1wUXRGVjFQQlNpMUdpTnpPZDJTRnR6aUI3elNQTUhLMjAxU2c4TFdKWS9SM1UxcUFnQldnR3hnbkpWMXNhb1dCRSsrYmZGLzlDZXlLMmdBV1pjYnBxRWE0d0hCN0dXNmtBSk1xcWgzMHhHcXUvK3JZRkpPOEt0U0l1aGRTRkNtTUJnTW9NT2d5b1VGNmJjQzhuenNIOVVUM1Zoem0weStiS1M5ZGpFcGZLSG1tbFZpbm9kS25kRXpxRlM3OU4rbHpUTE1VYkkzekZsWktScCsybTNveWJ5cWxLUWR0NndMVTZEdnE0PQ==,"Syarat & Ketentuan BPS: konten gratis, seluruh dunia, terus-menerus, non-eksklusif; boleh dipakai komersial/nonkomersial, disalin/didistribusikan, dan diubah/diekstraksi; WAJIB memberi kutipan/kredit ke BPS (judul konten, tanggal akses, penulis jika ada, tautan langsung); konten dapat diubah/ditarik BPS; bukan lisensi CC standar",https://www.bps.go.id/id/term-of-use,XLS (Excel 97-2003; baca dengan xlrd),24:66x20,"NILAI = UPAH/GAJI BERSIH sebulan hasil survei Sakernas (jawaban responden), BUKAN gaji bruto payroll. Definisi BPS (Keadaan Pekerja Agu 2025, Penjelasan no.7): 'imbalan/balas jasa yang diterima oleh buruh/karyawan/pegawai selama sebulan yang lalu dari pekerjaan utama, yang terdiri dari komponen upah/gaji pokok dan tunjangan, baik berupa uang maupun barang yang dibayarkan oleh perusahaan/kantor/majikan' - definisi tidak merinci apakah PPh 21/iuran BPJS sudah dipotong; perlakukan sebagai take-home yang dilaporkan; rata-rata (mean), bukan median; satuan Rupiah/bulan. Rata-rata upah/gaji bersih buruh per provinsi x jenis pekerjaan utama (KBJI 0/1..X/00). Tabel statis var_id=2255. Header multi-baris (judul di baris 0-6) -> perlu parsing manual. Token download_url dapat berubah."
bps\bps_upah_pendidikan_x_jenis_pekerjaan_2024.xls,diunduh,"Rata-rata Upah/Gaji Bersih Sebulan Buruh/Karyawan/Pegawai Menurut Pendidikan Tertinggi yang Ditamatkan dan Jenis Pekerjaan Utama, 2024",BPS,Februari & Agustus 2024,https://www.bps.go.id/id/statistics-table/1/MjI1MCMx/rata-rata-upah-gaji-bersih-sebulan-buruh-karyawan-pegawai-menurut-pendidikan-tertinggi-yang-ditamatkan-dan-jenis-pekerjaan-utama-2024.html,https://web-api.bps.go.id/download.php?f=kxRIsS3ecu6663Ixkm7nmUI3bVVLVTNBMGdsdGVuemNXUDd5eDFWVHd6RkJzaWp2MzhoRTFpQ3J3V2VoSG5WV0YzYnZ1VVlPdE1pK0FBbDdMRUQ1aDd3clJpOFd5R3VrNVVqK1FBeHBNWHRwKzZBWHJFVkx1aVJUN1NGTDZNeWhMOWNpa3Fsa0ZXMU1VT09kQnBQbzRuYzRYUzI1WGZIejJhMEtDbzBheVdtN3U1UlY2eW55ZG1CNEZqd1cwUVQwQ1c5YmE2V1NEbjZjV3QvTUZhWi9wMkZrYWJMNDVFVWVVT05qY28xeWdGbTgyUWNub1BqRWI4aTRXMDNMMEk4SXBxRWZqK2NMQ3FGaTNrZUVrQldaQUphS3Ryd3Qxb0hpV0xPMmF6NkNUYWdQd3l4dTg1TnFaYnEzVGk2d1ZGYmVjYzA1bEhzNWc1UFowb2d5QVFKWHl4c3hNNG8yaEI0VjloSzhSUT09,"Syarat & Ketentuan BPS: konten gratis, seluruh dunia, terus-menerus, non-eksklusif; boleh dipakai komersial/nonkomersial, disalin/didistribusikan, dan diubah/diekstraksi; WAJIB memberi kutipan/kredit ke BPS (judul konten, tanggal akses, penulis jika ada, tautan langsung); konten dapat diubah/ditarik BPS; bukan lisensi CC standar",https://www.bps.go.id/id/term-of-use,XLS (Excel 97-2003; baca dengan xlrd),23 Tabel 4.26-4.30:30x20,"NILAI = UPAH/GAJI BERSIH sebulan hasil survei Sakernas (jawaban responden), BUKAN gaji bruto payroll. Definisi BPS (Keadaan Pekerja Agu 2025, Penjelasan no.7): 'imbalan/balas jasa yang diterima oleh buruh/karyawan/pegawai selama sebulan yang lalu dari pekerjaan utama, yang terdiri dari komponen upah/gaji pokok dan tunjangan, baik berupa uang maupun barang yang dibayarkan oleh perusahaan/kantor/majikan' - definisi tidak merinci apakah PPh 21/iuran BPJS sudah dipotong; perlakukan sebagai take-home yang dilaporkan; rata-rata (mean), bukan median; satuan Rupiah/bulan. Rata-rata upah/gaji bersih buruh menurut pendidikan tertinggi x jenis pekerjaan utama. Tabel statis var_id=2250. Header multi-baris (judul di baris 0-6) -> perlu parsing manual. Token download_url dapat berubah."
bps\bps_upah_kelompok_umur_x_lapangan_pekerjaan_2024.xls,diunduh,"Rata-rata Upah/Gaji Bersih Sebulan Buruh/Karyawan Pegawai Menurut Kelompok Umur dan Lapangan Pekerjaan Utama, 2024",BPS,Februari & Agustus 2024,https://www.bps.go.id/id/statistics-table/1/MjI0OSMx/rata-rata-upah-gaji-bersih-sebulan-buruh-karyawan-pegawai-menurut-kelompok-umur-dan-lapangan-pekerjaan-utama-2024.html,https://web-api.bps.go.id/download.php?f=vq3xEcxNpmQpKQm1QPerCTlGMnF6d2l1eCttZ2FIU2c5UmwrMTF6SzFRN2xyVWdZWjFmaVBFVWdGYVNzZzJpcHRvUmR0dTE0SDFUM2ZGYkpyek1hT1VBcnFPQUpIVkZpNGcyUWZIVTNWbEhHYk91R3NDelBESHdINHY1RCs3b1ROOE5ibTkvcnhCc1FhMGh1WFlZUU5yL2trb2FQSUZJcUc3RXJmOTlBUEs5RmhMR3hLYW12S1FpSklHZzhKUGZhNXkvWjFOb0pTcVlleUlCMnRnWDhXb0xJYll3QWYyMXRIUUhVd2MySUFXVjdFZFhCakl2bm9XbFhPQjFZN3JiTmFxRGlzanJscUVoOUpNMnVBRWc2ODNkWndxeHhhVlZDZTNTQ0RlN2UwSU40YW55bmtLeHkrdWVVNzhIMzVjeVlrK1hSa1dNeDNyNGJBamRp,"Syarat & Ketentuan BPS: konten gratis, seluruh dunia, terus-menerus, non-eksklusif; boleh dipakai komersial/nonkomersial, disalin/didistribusikan, dan diubah/diekstraksi; WAJIB memberi kutipan/kredit ke BPS (judul konten, tanggal akses, penulis jika ada, tautan langsung); konten dapat diubah/ditarik BPS; bukan lisensi CC standar",https://www.bps.go.id/id/term-of-use,XLS (Excel 97-2003; baca dengan xlrd),indo:41x38,"NILAI = UPAH/GAJI BERSIH sebulan hasil survei Sakernas (jawaban responden), BUKAN gaji bruto payroll. Definisi BPS (Keadaan Pekerja Agu 2025, Penjelasan no.7): 'imbalan/balas jasa yang diterima oleh buruh/karyawan/pegawai selama sebulan yang lalu dari pekerjaan utama, yang terdiri dari komponen upah/gaji pokok dan tunjangan, baik berupa uang maupun barang yang dibayarkan oleh perusahaan/kantor/majikan' - definisi tidak merinci apakah PPh 21/iuran BPJS sudah dipotong; perlakukan sebagai take-home yang dilaporkan; rata-rata (mean), bukan median; satuan Rupiah/bulan. Rata-rata upah/gaji bersih buruh menurut kelompok umur x lapangan pekerjaan utama (17 sektor). Tabel statis var_id=2249. Header multi-baris (judul di baris 0-6) -> perlu parsing manual. Token download_url dapat berubah."
bps\bps_upah_kelompok_umur_x_jenis_pekerjaan_2024.xls,diunduh,"Rata-rata Upah/Gaji Bersih Sebulan Buruh/Karyawan/Pegawai Menurut Kelompok Umur dan Jenis Pekerjaan, 2024",BPS,Februari & Agustus 2024,https://www.bps.go.id/id/statistics-table/1/MjIzMiMx/rata-rata-upah-gaji-bersih-sebulan-buruh-karyawan-pegawai-menurut-kelompok-umur-dan-jenis-pekerjaan-2024.html,https://web-api.bps.go.id/download.php?f=nKeOlvuA20cOCgF/mLCi4XpGY2Q3VGRieUZyRml2aklkL0VGQzNkc1YrajlhdGhMYkZIaTFzekk1UHhpY0k5Vkpyb3pEWHA0ZTNmejk2N0kwcWczTnNQdUlpVS9zR09tZDg3a1JYMXhmWUkvU0F6SllkTE01YW1pU1VDczNYT0pTS1h4Z0VSeFlDMXppQTJpdXRUWTZiUXI2T3dQUzNrZEZtRHFIemtxMmNTMktPOEZ5M2R0ck12ZXorYW00RmxpT0tTL1JEdHBHdzRKYmJyU0wrVm0zbHE0MkF2SWZGM2JpaVkvQSszOUZGdTZsbE5CYW1WOVV4V3JmQ3hUbGExV1ozWkcrRFVBVTNtNHRwbkdSVmlxY0pJaERtWnVtOHl1VmFOVXpsQzVYZzRxTHdxYk9sMUZJUlZsSXQ4PQ==,"Syarat & Ketentuan BPS: konten gratis, seluruh dunia, terus-menerus, non-eksklusif; boleh dipakai komersial/nonkomersial, disalin/didistribusikan, dan diubah/diekstraksi; WAJIB memberi kutipan/kredit ke BPS (judul konten, tanggal akses, penulis jika ada, tautan langsung); konten dapat diubah/ditarik BPS; bukan lisensi CC standar",https://www.bps.go.id/id/term-of-use,XLS (Excel 97-2003; baca dengan xlrd),27 Tabel 4.46-4.50:30x20; ENG:30x20,"NILAI = UPAH/GAJI BERSIH sebulan hasil survei Sakernas (jawaban responden), BUKAN gaji bruto payroll. Definisi BPS (Keadaan Pekerja Agu 2025, Penjelasan no.7): 'imbalan/balas jasa yang diterima oleh buruh/karyawan/pegawai selama sebulan yang lalu dari pekerjaan utama, yang terdiri dari komponen upah/gaji pokok dan tunjangan, baik berupa uang maupun barang yang dibayarkan oleh perusahaan/kantor/majikan' - definisi tidak merinci apakah PPh 21/iuran BPJS sudah dipotong; perlakukan sebagai take-home yang dilaporkan; rata-rata (mean), bukan median; satuan Rupiah/bulan. Rata-rata upah/gaji bersih buruh menurut kelompok umur x jenis pekerjaan (lembar IND + ENG). Tabel statis var_id=2232. Header multi-baris (judul di baris 0-6) -> perlu parsing manual. Token download_url dapat berubah."
bps\bps_upah_pendidikan_x_lapangan_pekerjaan_17sektor_2023.xlsx,diunduh,"Rata-Rata Upah/Gaji Bersih Sebulan  (rupiah) Buruh/Karyawan/Pegawai Menurut Pendidikan Tertinggi yang Ditamatkan dan Lapangan Pekerjaan Utama di 17 Sektor, 2023",BPS,Februari & Agustus 2023,https://www.bps.go.id/id/statistics-table/1/MjIyNyMx/rata-rata-upah-gaji-bersih-sebulan-rupiah-buruh-karyawan-pegawai-menurut-pendidikan-tertinggi-yang-ditamatkan-dan-lapangan-pekerjaan-utama-di-17-sektor-2023.html,https://web-api.bps.go.id/download.php?f=hscA+9IVa5gXKGJOhwL/G1JWcHp3ZEpadGZIOGNhZlV6SkdMQUhxMGdiN0UvcHVoN3lXNytCbFNTRVJCSSswZHpKVWdlbU5DL3RVS3EwaDNncmNEb0RGbWN1YldFMFJEcnJQOHVXMFF5UGQ1NksyaFpnTVBLMmozUk1VZmo1WEJHRXUvWHpVb21wQXhNMU9KaTRQT2duUWJMQ254Rlp1MS9ZQzI1SkgveG5KeDhnSG1GVGhvckJlTWFaN2RKeCtxc204eGxqYmo0RWVqZXpQUW83Q3U0M2g0Tmd4VUVnT3pNaUUrbnBqSjliSTFCQTIvOEg3U0duUXdkL2N3bEs1Y3NYV0taa0oxMDVqTTlscEVLL0JuT2gyN2pBOU5XQXZseGEvdHREUkxuc0V6TkdXdkFyNzFBaDQ0ekRqMDdaTWowaE42VFdHTXJQN1UzQWdNMlV5UzdDalFQdDNzRDR0NE1HSUtydE5IcWxrd1VnQXRNOGkwSXRrMXVwYUFoU0NzQ1J3NkREcVdISkpFQkpqRQ==,"Syarat & Ketentuan BPS: konten gratis, seluruh dunia, terus-menerus, non-eksklusif; boleh dipakai komersial/nonkomersial, disalin/didistribusikan, dan diubah/diekstraksi; WAJIB memberi kutipan/kredit ke BPS (judul konten, tanggal akses, penulis jika ada, tautan langsung); konten dapat diubah/ditarik BPS; bukan lisensi CC standar",https://www.bps.go.id/id/term-of-use,XLSX (server memberi nama .xls),19:40x38,"NILAI = UPAH/GAJI BERSIH sebulan hasil survei Sakernas (jawaban responden), BUKAN gaji bruto payroll. Definisi BPS (Keadaan Pekerja Agu 2025, Penjelasan no.7): 'imbalan/balas jasa yang diterima oleh buruh/karyawan/pegawai selama sebulan yang lalu dari pekerjaan utama, yang terdiri dari komponen upah/gaji pokok dan tunjangan, baik berupa uang maupun barang yang dibayarkan oleh perusahaan/kantor/majikan' - definisi tidak merinci apakah PPh 21/iuran BPJS sudah dipotong; perlakukan sebagai take-home yang dilaporkan; rata-rata (mean), bukan median; satuan Rupiah/bulan. Rata-rata upah/gaji bersih buruh menurut pendidikan tertinggi x 17 sektor lapangan pekerjaan. Tabel statis var_id=2227. Header multi-baris (judul di baris 0-6) -> perlu parsing manual. Token download_url dapat berubah."
kemnaker\kemnaker_ump_2023.xlsx,diunduh,Upah Minimum Provinsi (UMP) Tahun 2023,Kementerian Ketenagakerjaan RI (Ditjen PHI dan Jamsos),2023,https://satudata.kemnaker.go.id/data/kumpulan-data/942,https://satudata.kemnaker.go.id/satudata-public/2022/10/files/data/1672730776274_UMP%25202023.xlsx,Tidak ada lisensi eksplisit di halaman dataset; Panduan Portal SDK menyatakan 'Semua user ... dapat mengakses secara bebas untuk data yang bersifat terbuka' dan 'tidak dikenakan biaya'. Cantumkan sumber Kemnaker RI,https://panduan.kemnaker.go.id/uploads/1715854117-Panduan-Portal-SDK.pdf,XLSX,data:41x4; standar data:4x9; metadata:15x18,"UMP = upah minimum bulanan (upah pokok + tunjangan tetap; besaran BRUTO yang ditetapkan), Rupiah/bulan. Dasar (menurut abstraksi dataset): Permenaker 18/2022; rata-rata UMP 2023 Rp2.923.309,40. 34 provinsi. Lembar: data, standar data, metadata. Metadata via API POST https://satudata.kemnaker.go.id/api/v1/data/detail_data (id=942)."
kemnaker\kemnaker_ump_2024.xlsx,diunduh,Upah Minimum Provinsi (UMP) Tahun 2024,Kementerian Ketenagakerjaan RI (Ditjen PHI dan Jamsos),2024,https://satudata.kemnaker.go.id/data/kumpulan-data/1611,https://satudata.kemnaker.go.id/satudata-public/2023/11/files/data/1704427855898_UMP%25202024.xlsx,Tidak ada lisensi eksplisit di halaman dataset; Panduan Portal SDK menyatakan 'Semua user ... dapat mengakses secara bebas untuk data yang bersifat terbuka' dan 'tidak dikenakan biaya'. Cantumkan sumber Kemnaker RI,https://panduan.kemnaker.go.id/uploads/1715854117-Panduan-Portal-SDK.pdf,XLSX,data:44x5; standar data:4x9; metadata:15x18,"UMP = upah minimum bulanan (upah pokok + tunjangan tetap; besaran BRUTO yang ditetapkan), Rupiah/bulan. Dasar (abstraksi): PP 51/2023 perubahan PP 36/2021; 38 provinsi termasuk provinsi baru. Lembar: data, standar data, metadata. Metadata via API POST https://satudata.kemnaker.go.id/api/v1/data/detail_data (id=1611)."
kemnaker\kemnaker_ump_2025.xlsx,diunduh,Upah Minimum Provinsi (UMP) Tahun 2025,Kementerian Ketenagakerjaan RI (Ditjen PHI dan Jamsos),2025,https://satudata.kemnaker.go.id/data/kumpulan-data/2252,https://satudata.kemnaker.go.id/satudata-public/2025/04/files/data/1746434071703_UMP%25202025.xlsx,Tidak ada lisensi eksplisit di halaman dataset; Panduan Portal SDK menyatakan 'Semua user ... dapat mengakses secara bebas untuk data yang bersifat terbuka' dan 'tidak dikenakan biaya'. Cantumkan sumber Kemnaker RI,https://panduan.kemnaker.go.id/uploads/1715854117-Panduan-Portal-SDK.pdf,XLSX,data:44x5; standar data:4x9; metadata:15x18,"UMP = upah minimum bulanan (upah pokok + tunjangan tetap; besaran BRUTO yang ditetapkan), Rupiah/bulan. Dasar (abstraksi): Permenaker 16/2024 tentang Penetapan Upah Minimum Tahun 2025; 38 provinsi + rata-rata. Metadata via API POST https://satudata.kemnaker.go.id/api/v1/data/detail_data (id=2252)."
kemnaker\kemnaker_ump_2026.xlsx,diunduh,Upah Minimum Provinsi (UMP) Tahun 2026,Kementerian Ketenagakerjaan RI (Ditjen PHI dan Jamsos),2026,https://satudata.kemnaker.go.id/data/kumpulan-data/3005,https://satudata.kemnaker.go.id/satudata-public/2025/04/files/data/1767762012386_UMP%25202026.xlsx,Tidak ada lisensi eksplisit di halaman dataset; Panduan Portal SDK menyatakan 'Semua user ... dapat mengakses secara bebas untuk data yang bersifat terbuka' dan 'tidak dikenakan biaya'. Cantumkan sumber Kemnaker RI,https://panduan.kemnaker.go.id/uploads/1715854117-Panduan-Portal-SDK.pdf,XLSX,data:44x4; metadata:15x18,"UMP = upah minimum bulanan (upah pokok + tunjangan tetap; besaran BRUTO yang ditetapkan), Rupiah/bulan. Dasar (abstraksi, TERVERIFIKASI): PP 49/2025 tentang Perubahan Kedua atas PP 36/2021 tentang Pengupahan; 38 provinsi + rata-rata. Lembar: data, metadata. Metadata via API POST https://satudata.kemnaker.go.id/api/v1/data/detail_data (id=3005)."
kemnaker\kemnaker_ump_2018_2022.xlsx,diunduh,Nilai Upah Minimum Provinsi (UMP) di Indonesia Tahun 2018 sampai dengan Tahun 2022,Kementerian Ketenagakerjaan RI (Ditjen PHI dan Jamsos),2018-2022,https://satudata.kemnaker.go.id/data/kumpulan-data/473,https://satudata.kemnaker.go.id/satudata-public/2024/07/files/data/1723516865012_UMP%25202018%2520s.d.%25202022.xlsx,Tidak ada lisensi eksplisit di halaman dataset; Panduan Portal SDK menyatakan 'Semua user ... dapat mengakses secara bebas untuk data yang bersifat terbuka' dan 'tidak dikenakan biaya'. Cantumkan sumber Kemnaker RI,https://panduan.kemnaker.go.id/uploads/1715854117-Panduan-Portal-SDK.pdf,XLSX,ump:42x7,"UMP = upah minimum bulanan (upah pokok + tunjangan tetap; besaran BRUTO yang ditetapkan), Rupiah/bulan. 34 provinsi; kolom 2022 bertanda * = data per 8 Februari (catatan kaki di file). Metadata via API POST https://satudata.kemnaker.go.id/api/v1/data/detail_data (id=473)."
satudata\satudata_sumsel_ump_umk_2024.xlsx,diunduh,Upah Minimum Provinsi dan Kabupaten/Kota di Provinsi Sumatera Selatan (2024),Pemerintah Provinsi Sumatera Selatan (terdaftar di katalog data.go.id),2024,https://data.go.id/dataset/dataset/upah-minimum-provinsi-dan-kabupaten-kota-di-provinsi-sumatera-selatan,https://opendata.sumselprov.go.id/dataset/5b53b011-23f1-42e4-8c57-5849cf168621/resource/a947a84d-8e03-419c-b5fd-b523c9cd8e20/download/upah-minimum-provinsi-dan-kabupaten-kota-di-provinsi-sumatera-selatan-2024.xlsx,License not specified (license_id=notspecified pada metadata data.go.id),https://data.go.id/dataset/dataset/upah-minimum-provinsi-dan-kabupaten-kota-di-provinsi-sumatera-selatan,XLSX,Sheet1:19x4,Contoh UMK resmi tingkat provinsi (1 UMP + 17 kab/kota). KUALITAS: 9 kab/kota bernilai 0 dan 1 kosong (makna tidak dijelaskan; mungkin tidak menetapkan UMK sehingga mengikuti UMP - BELUM diverifikasi). Lisensi tidak dinyatakan -> gunakan dengan atribusi.
,hanya_referensi,"BPS WebAPI - seri historis tabel dinamis upah (2023, 2024, 2025 lengkap)",BPS,2015-2026,https://webapi.bps.go.id/,https://webapi.bps.go.id/v1/api/list/model/data/lang/ind/domain/0000/var/{VAR}/th/{TH_ID}/key/{KEY},"Syarat & Ketentuan BPS: konten gratis, seluruh dunia, terus-menerus, non-eksklusif; boleh dipakai komersial/nonkomersial, disalin/didistribusikan, dan diubah/diekstraksi; WAJIB memberi kutipan/kredit ke BPS (judul konten, tanggal akses, penulis jika ada, tautan langsung); konten dapat diubah/ditarik BPS; bukan lisensi CC standar",https://www.bps.go.id/id/term-of-use,JSON (API),,"Halaman tabel dinamis hanya menyajikan tahun terbaru di HTML; tahun lain dimuat via WebAPI yang memerlukan API key gratis (registrasi di webapi.bps.go.id). Tanpa key respons: 'You are not Allowed to take this action. Please re-check your key'. var_id: 1521 (17 sektor nasional), 2563 (triwulanan), 583 (provinsi x jenis pekerjaan), 575 (pendidikan x jenis pekerjaan), 2475 (provinsi x 17 sektor), 2471 (umur x 17 sektor), 2474 (pendidikan x 17 sektor), 2470 (umur x jenis pekerjaan), 1172 (upah per jam per provinsi), 220 (UMR/UMP lama). th_id: 123=2023, 124=2024, 125=2025, 126=2026. turtahun: 189=Februari, 190=Agustus, 191=Tahunan. Format respons sama dengan file *_raw.json."
,hanya_referensi,Rata-rata upah/gaji bersih buruh menurut provinsi DAN jenis kelamin (tabel web terpisah),BPS,2025-2026,https://www.bps.go.id/id/statistics-table?subject=537,,"Syarat & Ketentuan BPS: konten gratis, seluruh dunia, terus-menerus, non-eksklusif; boleh dipakai komersial/nonkomersial, disalin/didistribusikan, dan diubah/diekstraksi; WAJIB memberi kutipan/kredit ke BPS (judul konten, tanggal akses, penulis jika ada, tautan langsung); konten dapat diubah/ditarik BPS; bukan lisensi CC standar",https://www.bps.go.id/id/term-of-use,,,Tidak ditemukan tabel web nasional untuk upah buruh provinsi x jenis kelamin (tabel dinamis yang ditemukan tidak memiliki dimensi jenis kelamin). Data TERSEDIA di PDF Keadaan Pekerja (Tab. 4.14/4.15 provinsi x lapangan per jenis kelamin; 4.24/4.25 provinsi x pendidikan per jenis kelamin; 4.19/4.20 kelompok upah per jenis kelamin; 3.50/3.51 provinsi x kelompok upah per jenis kelamin) -> perlu ekstraksi manual dari PDF.
,hanya_referensi,"Tabel statis BPS upah buruh edisi 2025 (provinsi/pendidikan/umur x jenis pekerjaan, 2025)",BPS,2025,https://www.bps.go.id/id/statistics-table?subject=537,,"Syarat & Ketentuan BPS: konten gratis, seluruh dunia, terus-menerus, non-eksklusif; boleh dipakai komersial/nonkomersial, disalin/didistribusikan, dan diubah/diekstraksi; WAJIB memberi kutipan/kredit ke BPS (judul konten, tanggal akses, penulis jika ada, tautan langsung); konten dapat diubah/ditarik BPS; bukan lisensi CC standar",https://www.bps.go.id/id/term-of-use,,,Versi statis 2025 tidak ditemukan lewat mesin pencari; daftar tabel di situs BPS dimuat di sisi klien (JS) dan tidak di-crawl. Data 2025 sudah tercakup oleh tabel dinamis var 2475/2471/2474 dan PDF Keadaan Pekerja Agustus 2025.
,hanya_referensi,Status perkawinan pekerja/buruh (Sakernas) - tabel agregat,BPS,-,https://www.bps.go.id/id/statistics-table?subject=6,,"Syarat & Ketentuan BPS: konten gratis, seluruh dunia, terus-menerus, non-eksklusif; boleh dipakai komersial/nonkomersial, disalin/didistribusikan, dan diubah/diekstraksi; WAJIB memberi kutipan/kredit ke BPS (judul konten, tanggal akses, penulis jika ada, tautan langsung); konten dapat diubah/ditarik BPS; bukan lisensi CC standar",https://www.bps.go.id/id/term-of-use,,,"Tidak ditemukan tabel publikasi BPS yang menyajikan status perkawinan khusus pekerja/buruh. Alternatif: microdata Sakernas (berbayar, layanan Silastik BPS) atau proksi: Statistik Kesejahteraan Rakyat 2025 Tab. 2.4 + Keadaan Pekerja Tab. 3.72/3.77 (KRT pekerja x jumlah ART)."
,hanya_referensi,Jumlah anak / komposisi tanggungan rumah tangga (Susenas),BPS,-,https://www.bps.go.id/id/statistics-table/1/MTYwMyMx/persentase-rumah-tangga-menurut-provinsi--jenis-kelamin-kepala-rumah-tangga--dan-banyaknya-anggota-rumah-tangga--2009-2025.html,,"Syarat & Ketentuan BPS: konten gratis, seluruh dunia, terus-menerus, non-eksklusif; boleh dipakai komersial/nonkomersial, disalin/didistribusikan, dan diubah/diekstraksi; WAJIB memberi kutipan/kredit ke BPS (judul konten, tanggal akses, penulis jika ada, tautan langsung); konten dapat diubah/ditarik BPS; bukan lisensi CC standar",https://www.bps.go.id/id/term-of-use,,,"Tidak ditemukan tabel agregat 'jumlah anak per keluarga' yang siap pakai; yang diunduh adalah distribusi banyaknya ART (1, 2-3, 4-5, 6+) per provinsi (bps_rumah_tangga_provinsi_jk_krt_banyaknya_art_2009_2025.xls) sebagai proksi tanggungan."
,hanya_referensi,"Upah Minimum Provinsi (UMP) per Bulan Menurut Provinsi di Indonesia (tabel BPS Provinsi Jawa Tengah, var 2824)",BPS Provinsi Jawa Tengah,2021-2026,https://jateng.bps.go.id/id/statistics-table/2/MjgyNCMy/upah-minimum-provinsi--ump--per-bulan-menurut-provinsi-di-indonesia.html,,"Syarat & Ketentuan BPS: konten gratis, seluruh dunia, terus-menerus, non-eksklusif; boleh dipakai komersial/nonkomersial, disalin/didistribusikan, dan diubah/diekstraksi; WAJIB memberi kutipan/kredit ke BPS (judul konten, tanggal akses, penulis jika ada, tautan langsung); konten dapat diubah/ditarik BPS; bukan lisensi CC standar",https://www.bps.go.id/id/term-of-use,,,Tabel BPS (domain Jateng) berisi UMP 2026 seluruh provinsi; tidak diunduh karena sumber primer Kemnaker (kemnaker_ump_2026.xlsx) sudah ada - dapat dipakai untuk cek silang.
,hanya_referensi,UMK (Upah Minimum Kabupaten/Kota) nasional terkonsolidasi,Kemnaker / Pemerintah Provinsi,2023-2026,https://satudata.kemnaker.go.id/data/kumpulan-data,,,,,,"Pencarian API Satu Data Kemnaker (list_data, kata kunci 'UMK' dan 'kabupaten') = 0 hasil; tidak ada tabel UMK nasional resmi terkonsolidasi. UMK ditetapkan per provinsi melalui Keputusan Gubernur; sebagian tersedia di portal satu data provinsi (contoh Sumsel diunduh)."
,hanya_referensi,Data Upah Minimum Kab./Kota (UMK) Provinsi Jawa Timur,Pemerintah Provinsi Jawa Timur (via data.go.id),tidak jelas,https://data.go.id/dataset/dataset/data-upah-minimum-kab-kota-umk,http://opendata.jatimprov.go.id/frontend/dataset/1715/csv/download_excel,tidak dinyatakan (license_id null),https://data.go.id/dataset/dataset/data-upah-minimum-kab-kota-umk,,,"Tautan resource mengembalikan halaman HTML, bukan file data -> tidak disimpan."
,hanya_referensi,Upah Minimum Provinsi dan Upah Minimum Sektoral Provinsi Kalimantan Barat Tahun 2026,Kabupaten Sekadau (via data.go.id),2026,https://data.go.id/dataset/dataset/upah-minimum-provinsi-dan-upah-minimum-sektoral-provinsi-kalimantan-barat-tahun-2026,https://data.sekadaukab.go.id/dataset/product/download/upah-minimum-provinsi-dan-upah-minimum-sektoral-provinsi-kalimantan-barat.xlsx,tidak dinyatakan (license_id null),,,,"File XLSX dapat diunduh tetapi kolom 'Besaran Upah' kosong seluruhnya -> dihapus, tidak dipakai."
,hanya_referensi,Upah Minimum Kabupaten/Kota (eWalidata) Provinsi Aceh,Pemerintah Provinsi Aceh (via data.go.id),2017-2023,https://data.go.id/dataset/dataset/upah-minimum-ewalidata,https://data.acehprov.go.id/dataset/5a553c30-36ae-419d-b4d1-1ce318983136/resource/bfd2f035-c7f5-4b9a-b478-589437dbdd8f/download/1437upah-minimum-kabupatenkota.csv,CC-BY (Creative Commons Attribution) menurut metadata data.go.id,http://www.opendefinition.org/licenses/cc-by,,,"Isi hanya jumlah Surat Keputusan per tahun, bukan nilai upah -> tidak disimpan."
,hanya_referensi,Data Perusahaan yang Memiliki Struktur Skala Upah (Kemnaker di data.go.id),Kementerian Ketenagakerjaan (via data.go.id),Maret 2023,https://data.go.id/dataset/dataset/data-perusahaan-yang-memiliki-struktur-skala-upah-tahun-maret-2023,http://10.42.0.10:5000/dataset/027188b7-2cba-4525-b116-fe09225a300c/resource/2e4eaa0d-c139-4b18-ad02-25703c17c961/download/data-perusahaan-yang-memiliki-struktur-skala-upah.xlsx,CC-BY (Creative Commons Attribution) menurut metadata data.go.id,http://www.opendefinition.org/licenses/cc-by,,,URL resource menunjuk IP privat (10.42.x) -> tidak dapat diakses publik; tidak relevan langsung untuk distribusi gaji. Versi bulanan terbaru ada di satudata.kemnaker.go.id (dataset 'Struktur Skala Upah').
,hanya_referensi,"Upah Rata-Rata Per Jam Pekerja Menurut Provinsi (BPS, mirror di data.go.id)",BPS (via data.go.id),2020-2022,https://data.go.id/dataset/dataset/upah-rata-rata-per-jam-pekerja-menurut-provinsi-rupiah-jam-2020-2022,https://www.bps.go.id/indicator/19/1172/1/upah-rata-rata-per-jam-pekerja-menurut-provinsi.html,tidak dinyatakan di data.go.id (kosong); ikut S&K BPS,https://www.bps.go.id/id/term-of-use,,,"Resource hanya tautan ke halaman BPS lama; versi 2025 diunduh langsung dari BPS (bps_upah_per_jam_provinsi_2025.*). Catatan umum data.go.id: dataset nasional upah sebagian besar mirror/tautan BPS dengan resource IP privat; lisensi bervariasi per dataset (cc-by, odc-by, other-pd, notspecified, kosong) - cek per dataset."
,hanya_referensi,"Regulasi dasar UMP: Permenaker 18/2022 (UMP 2023), PP 51/2023 (UMP 2024), Permenaker 16/2024 (UMP 2025), PP 49/2025 (UMP 2026)",Pemerintah RI / Kemnaker,2023-2026,https://satudata.kemnaker.go.id/data/kumpulan-data/3005,,,,,,"Dasar hukum dikutip dari abstraksi dataset UMP Kemnaker (id 942, 1611, 2252, 3005). Naskah peraturan tidak diunduh di folder ini. Nilai per provinsi ditetapkan melalui Keputusan Gubernur masing-masing."
