file_name,status,judul,penerbit,periode,source_page_url,download_url,lisensi,lisensi_url,format,dimensi,catatan
sekunder_kaggle/linkgish_indonesian-salary-by-region-19972022/Indonesian Salary by Region (1997-2025).csv,diunduh,Indonesian Minimum Wage by Region (1997-2025),M Razif Rizqullah (Kaggle),1997-2025,https://www.kaggle.com/datasets/linkgish/indonesian-salary-by-region-19972022,https://www.kaggle.com/api/v1/datasets/download/linkgish/indonesian-salary-by-region-19972022,Apache 2.0 (metadata Kaggle),https://www.kaggle.com/datasets/linkgish/indonesian-salary-by-region-19972022,CSV,"983 baris x 3 kolom (REGION, SALARY, YEAR); 42 region","Data SEKUNDER kompilasi UMP/UMR per provinsi; sumber primer tidak dicantumkan rinci -> cek silang dengan Kemnaker/BPS sebelum dipakai"
sekunder_kaggle/adriantowijaya_upah-minimum-provinsi-indonesia-2019-2025/UMP Indonesia 2018 - 2025.xlsx,diunduh,Upah Minimum Provinsi Indonesia 2018 - 2025,Adrianto M. Wijaya (Kaggle),2018-2025,https://www.kaggle.com/datasets/adriantowijaya/upah-minimum-provinsi-indonesia-2019-2025,https://www.kaggle.com/api/v1/datasets/download/adriantowijaya/upah-minimum-provinsi-indonesia-2019-2025,Apache 2.0 (metadata Kaggle),https://www.kaggle.com/datasets/adriantowijaya/upah-minimum-provinsi-indonesia-2019-2025,XLSX,"38 provinsi x (Provinsi + 2018..2025)","Data SEKUNDER; deskripsi menyebut sumber Kemnaker; belum memuat 2026; cek silang dengan sumber resmi"
sekunder_kaggle/wowevan_dataset-kesejahteraan-pekerja-indonesia/*.csv,diunduh,Dataset Kesejahteraan Pekerja Indonesia (rataRataUpah per jam, minUpah UMP, garisKemiskinan, pengeluaran),WowEvan (Kaggle),UMP 2002-2022; upah per jam 2015-2022 (lihat file),https://www.kaggle.com/datasets/wowevan/dataset-kesejahteraan-pekerja-indonesia,https://www.kaggle.com/api/v1/datasets/download/wowevan/dataset-kesejahteraan-pekerja-indonesia,CC0: Public Domain (metadata Kaggle),https://www.kaggle.com/datasets/wowevan/dataset-kesejahteraan-pekerja-indonesia,CSV (4 file),"rataRataUpah 280 baris; minUpah 735; garisKemiskinan 5460; pengeluaran 4620","Data SEKUNDER turunan BPS (rata-rata upah per JAM, bukan per bulan); berguna untuk tren antarprovinsi"
sekunder_zenodo/zenodo_18162371_glints_jobstreet_ds/*.csv,diunduh,Dataset Job in The Field of Data Science in Indonesia from Glints and JobStreet,"Zainuddin, Mutiara Indria (Zenodo)",lowongan 17 Mar - 23 Apr 2025,https://zenodo.org/records/18162371,https://zenodo.org/api/records/18162371/files/<nama_file>/content,CC-BY-4.0,https://creativecommons.org/licenses/by/4.0/,CSV (5 file),"Glints 166+216+37 baris (375 dengan rentang gaji); JobStreet 228+205 baris (54 dengan gaji)","Rentang gaji iklan lowongan (bruto/bulan, tidak pasti), hanya bidang data science -> relevansi rendah, hanya untuk profil gaji pekerja TI"
sekunder_zenodo/zenodo_pph21_slide_uwp/zenodo_7412449_pertemuan10_perhitungan_pph21_2022.pps,diunduh,PERTEMUAN 10: Perhitungan Pajak PPh Pasal 21 (Universitas Wijaya Putra),Dr. Rusdiyanto (Zenodo),2022 (pra-TER),https://zenodo.org/records/7412449,https://zenodo.org/api/records/7412449/files/Show_Pertemuan%2010%2009%20Desember%202022.pps/content,CC-BY-4.0,https://creativecommons.org/licenses/by/4.0/,PPS (PowerPoint 97-2003),~236 kata,"Bahan kuliah berisi contoh hitung PPh 21 (rezim 2022, metode setahun); belum diekstrak; kebenaran contoh TIDAK diverifikasi"
sekunder_zenodo/zenodo_pph21_slide_uwp/zenodo_7379655_pertemuan9_dasar_pengenaan_pph21_2022.pps,diunduh,PERTEMUAN 9: Dasar Pengenaan PPh Pasal 21 (Universitas Wijaya Putra),Dr. Rusdiyanto (Zenodo),2022 (pra-TER),https://zenodo.org/records/7379655,https://zenodo.org/api/records/7379655/files/ShoW_PERTEMUAN%209%2030%20NOVEMBER%202022.pps/content,CC-BY-4.0,https://creativecommons.org/licenses/by/4.0/,PPS,~1278 kata,"Sama seperti di atas; belum diekstrak; kebenaran TIDAK diverifikasi"
kasus_uji_resmi/PER_16_PJ_2016_SALINAN.pdf,diunduh,PER-16/PJ/2016 Pedoman Teknis Tata Cara Pemotongan PPh Pasal 21/26 (salinan) beserta lampiran contoh penghitungan,Direktorat Jenderal Pajak,berlaku s.d. 2023 (dicabut oleh PMK 168/2023 utk masa 2024+),https://www.pajak.go.id/en/node/34454,https://www.pajak.go.id/sites/default/files/2019-03/PER-16%20SALINAN.pdf,Peraturan perundang-undangan - bukan objek hak cipta (UU 28/2014 Pasal 42),https://peraturan.bpk.go.id/Details/5452/uu-no-28-tahun-2014,PDF hasil pindai (tanpa lapisan teks),67 halaman,"Sumber contoh resmi metode pra-TER (tahun pajak 2023). Perhatian: contoh memakai tarif Pasal 17 pra-HPP (50 jt) -> untuk 2023 harus disesuaikan ke tarif HPP (60 jt); perlu OCR"
kasus_uji_resmi/pmk168_2023_indeks_contoh.csv,diturunkan,Indeks 29 contoh penghitungan resmi di Lampiran PMK 168/2023,diturunkan dari dataset/01_regulasi/PMK_168_2023.pdf,2024+,https://jdih.kemenkeu.go.id/ (PMK 168/2023),dataset/01_regulasi/PMK_168_2023.pdf,Peraturan perundang-undangan - bukan objek hak cipta,https://peraturan.bpk.go.id/Details/5452/uu-no-28-tahun-2014,CSV,"29 baris (Bagian B: 25 contoh pemotong umum Tuan A..Z; Bagian C: 4 contoh bendahara pemerintah)","Hanya indeks (contoh, halaman PDF, subbagian, kalimat pembuka) hasil ekstraksi teks pypdf; nilai numerik contoh BELUM ditranskripsi. halaman_pdf = indeks halaman pypdf (1-based)"
-,hanya_referensi,Jurnal studi kasus PPh 21 TER vs metode lama (PT Merdeka Juang Motor; 10 karyawan),Journal Widyatama (BES),2024,https://journal.widyatama.ac.id/index.php/bes/article/download/2179/1067/7423,-,tidak dicek,-,PDF,-,"Studi kasus perusahaan; kebenaran angka TIDAK diverifikasi; jangan dipakai sebagai ground truth tanpa verifikasi"
-,hanya_referensi,Analisis Penerapan PMK 168/2023 terhadap PPh 21 Pegawai Tetap pada PT ABC,JURIMBIK (journal.sinov.id),2024/2025,https://journal.sinov.id/index.php/jurimbik/article/view/1594,-,tidak dicek,-,HTML/PDF,-,"Idem"
-,hanya_referensi,Analisis PPh 21 CV Master Laundry sebelum dan sesudah PMK 168,Jurnal LPKIA (JDA),2024/2025,http://jurnal.lpkia.ac.id/index.php/jda/article/download/582/448,-,tidak dicek,-,PDF,-,"Idem; berguna sebagai pasangan 2023 vs 2024"
-,hanya_referensi,Analisis Perbandingan Perhitungan PPh 21: Skema TER dengan Aturan Lama bagi Karyawan Tetap,ResearchGate,2024,https://www.researchgate.net/publication/383382086,-,tidak dicek,-,PDF,-,"Idem"
-,hanya_referensi,Template Kalkulator PPh 21 TER Bulanan Excel (Gadjian),Gadjian,2024,https://www.gadjian.com/blog/2024/06/19/download-template-kalkulator-pph-21-ter-excel/,-,proprietary/tidak disebut,-,XLSX,-,"Template vendor; tidak diunduh (lisensi tidak jelas)"
-,hanya_referensi,OpenPayrollData SEA (termasuk Indonesia) - data referensi payroll primer-bersumber,open-payroll-data (GitHub),2026,https://github.com/open-payroll-data/philippines-payroll-data,-,MIT,https://github.com/open-payroll-data/philippines-payroll-data,JS/JSON,-,"Parameter PPh 21/BPJS Indonesia dalam format mesin; belum diverifikasi; bisa dicek silang dengan tabel regulasi proyek"
