program,komponen,tarif_pemberi_kerja_persen,tarif_pekerja_persen,dasar_upah,batas_upah_bulanan,berlaku_mulai,berlaku_sampai,sumber,halaman_pdf
JKK,risiko_sangat_rendah,0.24,0,upah sebulan (upah pokok + tunjangan tetap),,2015-07-01,,PP 44/2015 Pasal 16 ayat (1); Pasal 19,12;13
JKK,risiko_rendah,0.54,0,upah sebulan (upah pokok + tunjangan tetap),,2015-07-01,,PP 44/2015 Pasal 16 ayat (1); Pasal 19,12;13
JKK,risiko_sedang,0.89,0,upah sebulan (upah pokok + tunjangan tetap),,2015-07-01,,PP 44/2015 Pasal 16 ayat (1); Pasal 19,12;13
JKK,risiko_tinggi,1.27,0,upah sebulan (upah pokok + tunjangan tetap),,2015-07-01,,PP 44/2015 Pasal 16 ayat (1); Pasal 19,12;13
JKK,risiko_sangat_tinggi,1.74,0,upah sebulan (upah pokok + tunjangan tetap),,2015-07-01,,PP 44/2015 Pasal 16 ayat (1); Pasal 19,12;13
JKK,risiko_sangat_rendah_keringanan50_padat_karya,0.120,0,upah sebulan (upah pokok + tunjangan tetap),,2025-02-01,2026-01-31,"PP 7/2025 Pasal 3-4, 6, 10 jo. PP 36/2025 Pasal 10A (>=50 pekerja aktif; industri makanan/minuman/tembakau, tekstil & pakaian jadi, kulit & barang kulit, alas kaki, mainan anak, furnitur; lunas iuran JKK s.d. Januari 2025)",PP7:3;4;5;6 / PP36:4
JKK,risiko_rendah_keringanan50_padat_karya,0.270,0,upah sebulan (upah pokok + tunjangan tetap),,2025-02-01,2026-01-31,"PP 7/2025 Pasal 3-4, 6, 10 jo. PP 36/2025 Pasal 10A (>=50 pekerja aktif; industri makanan/minuman/tembakau, tekstil & pakaian jadi, kulit & barang kulit, alas kaki, mainan anak, furnitur; lunas iuran JKK s.d. Januari 2025)",PP7:3;4;5;6 / PP36:4
JKK,risiko_sedang_keringanan50_padat_karya,0.445,0,upah sebulan (upah pokok + tunjangan tetap),,2025-02-01,2026-01-31,"PP 7/2025 Pasal 3-4, 6, 10 jo. PP 36/2025 Pasal 10A (>=50 pekerja aktif; industri makanan/minuman/tembakau, tekstil & pakaian jadi, kulit & barang kulit, alas kaki, mainan anak, furnitur; lunas iuran JKK s.d. Januari 2025)",PP7:3;4;5;6 / PP36:4
JKK,risiko_tinggi_keringanan50_padat_karya,0.635,0,upah sebulan (upah pokok + tunjangan tetap),,2025-02-01,2026-01-31,"PP 7/2025 Pasal 3-4, 6, 10 jo. PP 36/2025 Pasal 10A (>=50 pekerja aktif; industri makanan/minuman/tembakau, tekstil & pakaian jadi, kulit & barang kulit, alas kaki, mainan anak, furnitur; lunas iuran JKK s.d. Januari 2025)",PP7:3;4;5;6 / PP36:4
JKK,risiko_sangat_tinggi_keringanan50_padat_karya,0.870,0,upah sebulan (upah pokok + tunjangan tetap),,2025-02-01,2026-01-31,"PP 7/2025 Pasal 3-4, 6, 10 jo. PP 36/2025 Pasal 10A (>=50 pekerja aktif; industri makanan/minuman/tembakau, tekstil & pakaian jadi, kulit & barang kulit, alas kaki, mainan anak, furnitur; lunas iuran JKK s.d. Januari 2025)",PP7:3;4;5;6 / PP36:4
JKM,jkm,0.30,0,upah sebulan (upah pokok + tunjangan tetap),,2015-07-01,,PP 44/2015 Pasal 18 ayat (1); Pasal 19,13
JHT,jht,3.7,2,upah sebulan (upah pokok + tunjangan tetap),,2015-07-01,,PP 46/2015 Pasal 16 ayat (1); Pasal 17,11
JP,jp,2,1,upah sebulan (upah pokok + tunjangan tetap),7000000,2015-07-01,2015-12-31,PP 45/2015 Pasal 28-29 (batas tahun 2015),20;21
JP,jp,2,1,upah sebulan (upah pokok + tunjangan tetap),9077600,,2023-02-28,Surat BPJSTK B/77/022023 (disebut sebagai batas upah tertinggi tahun 2022),1
JP,jp,2,1,upah sebulan (upah pokok + tunjangan tetap),9559600,2023-03-01,2024-02-29,"Surat BPJSTK B/77/022023 tgl 27-02-2023 (9.077.600 x 1,0531 = 9.559.621, dibulatkan)",1
JP,jp,2,1,upah sebulan (upah pokok + tunjangan tetap),10042300,2024-03-01,2025-02-28,"Surat BPJSTK B/1387/022024 tgl 28-02-2024 (PDB 2023 5,05%)",1
JP,jp,2,1,upah sebulan (upah pokok + tunjangan tetap),10547400,2025-03-01,2026-02-28,"Surat BPJSTK B/726/022025 tgl 27-02-2025 (PDB 2024 5,03%)",1
JP,jp,2,1,upah sebulan (upah pokok + tunjangan tetap),11086300,2026-03-01,,"Surat BPJSTK B/1226/022026 tgl 25-02-2026 (10.547.400 x 1,0511 = 11.086.372, dibulatkan)",1
JKN,bpjs_kesehatan_ppu_swasta,4,1,gaji/upah pokok + tunjangan tetap; batas bawah UMK (atau UMP),12000000,2020-01-01,,"Perpres 75/2019 Pasal I angka 2 (Pasal 30 ayat 2), angka 3 (Pasal 32 ayat 1), angka 5 (Pasal 33A ayat 2 huruf b); jo. Perpres 82/2018 Pasal 31, 33 ayat 3",2;3;4;5
