status,ptkp_setahun,derivasi,halaman_pdf
TK/0,54000000,54000000 + 0x4500000,2;3
TK/1,58500000,54000000 + 1x4500000,2;3
TK/2,63000000,54000000 + 2x4500000,2;3
TK/3,67500000,54000000 + 3x4500000,2;3
K/0,58500000,54000000 + 4500000 + 0x4500000,2;3
K/1,63000000,54000000 + 4500000 + 1x4500000,2;3
K/2,67500000,54000000 + 4500000 + 2x4500000,2;3
K/3,72000000,54000000 + 4500000 + 3x4500000,2;3
K/I/0,112500000,54000000 + 4500000 + 54000000 (istri digabung) + 0x4500000,2;3
K/I/1,117000000,54000000 + 4500000 + 54000000 (istri digabung) + 1x4500000,2;3
K/I/2,121500000,54000000 + 4500000 + 54000000 (istri digabung) + 2x4500000,2;3
K/I/3,126000000,54000000 + 4500000 + 54000000 (istri digabung) + 3x4500000,2;3
