kategori,urutan,batas_bawah,batas_atas,tarif_desimal,halaman_pdf
A,1,0,5400000,0,11
A,2,5400000,5650000,0.0025,11
A,3,5650000,5950000,0.005,11
A,4,5950000,6300000,0.0075,11
A,5,6300000,6750000,0.01,11
A,6,6750000,7500000,0.0125,11
A,7,7500000,8550000,0.015,12
A,8,8550000,9650000,0.0175,12
A,9,9650000,10050000,0.02,12
A,10,10050000,10350000,0.0225,12
A,11,10350000,10700000,0.025,12
A,12,10700000,11050000,0.03,12
A,13,11050000,11600000,0.035,12
A,14,11600000,12500000,0.04,12
A,15,12500000,13750000,0.05,12
A,16,13750000,15100000,0.06,12
A,17,15100000,16950000,0.07,13
A,18,16950000,19750000,0.08,13
A,19,19750000,24150000,0.09,13
A,20,24150000,26450000,0.1,13
A,21,26450000,28000000,0.11,13
A,22,28000000,30050000,0.12,13
A,23,30050000,32400000,0.13,13
A,24,32400000,35400000,0.14,13
A,25,35400000,39100000,0.15,13
A,26,39100000,43850000,0.16,14
A,27,43850000,47800000,0.17,14
A,28,47800000,51400000,0.18,14
A,29,51400000,56300000,0.19,14
A,30,56300000,62200000,0.2,14
A,31,62200000,68600000,0.21,14
A,32,68600000,77500000,0.22,14
A,33,77500000,89000000,0.23,14
A,34,89000000,103000000,0.24,14
A,35,103000000,125000000,0.25,15
A,36,125000000,157000000,0.26,15
A,37,157000000,206000000,0.27,15
A,38,206000000,337000000,0.28,15
A,39,337000000,454000000,0.29,15
A,40,454000000,550000000,0.3,15
A,41,550000000,695000000,0.31,15
A,42,695000000,910000000,0.32,15
A,43,910000000,1400000000,0.33,15
A,44,1400000000,,0.34,15
B,1,0,6200000,0,16
B,2,6200000,6500000,0.0025,16
B,3,6500000,6850000,0.005,16
B,4,6850000,7300000,0.0075,16
B,5,7300000,9200000,0.01,16
B,6,9200000,10750000,0.015,16
B,7,10750000,11250000,0.02,16
B,8,11250000,11600000,0.025,16
B,9,11600000,12600000,0.03,16
B,10,12600000,13600000,0.04,17
B,11,13600000,14950000,0.05,17
B,12,14950000,16400000,0.06,17
B,13,16400000,18450000,0.07,17
B,14,18450000,21850000,0.08,17
B,15,21850000,26000000,0.09,17
B,16,26000000,27700000,0.1,17
B,17,27700000,29350000,0.11,17
B,18,29350000,31450000,0.12,17
B,19,31450000,33950000,0.13,18
B,20,33950000,37100000,0.14,18
B,21,37100000,41100000,0.15,18
B,22,41100000,45800000,0.16,18
B,23,45800000,49500000,0.17,18
B,24,49500000,53800000,0.18,18
B,25,53800000,58500000,0.19,18
B,26,58500000,64000000,0.2,18
B,27,64000000,71000000,0.21,18
B,28,71000000,80000000,0.22,19
B,29,80000000,93000000,0.23,19
B,30,93000000,109000000,0.24,19
B,31,109000000,129000000,0.25,19
B,32,129000000,163000000,0.26,19
B,33,163000000,211000000,0.27,19
B,34,211000000,374000000,0.28,19
B,35,374000000,459000000,0.29,19
B,36,459000000,555000000,0.3,19
B,37,555000000,704000000,0.31,19
B,38,704000000,957000000,0.32,20
B,39,957000000,1405000000,0.33,20
B,40,1405000000,,0.34,20
C,1,0,6600000,0,20
C,2,6600000,6950000,0.0025,20
C,3,6950000,7350000,0.005,20
C,4,7350000,7800000,0.0075,20
C,5,7800000,8850000,0.01,20
C,6,8850000,9800000,0.0125,21
C,7,9800000,10950000,0.015,21
C,8,10950000,11200000,0.0175,21
C,9,11200000,12050000,0.02,21
C,10,12050000,12950000,0.03,21
C,11,12950000,14150000,0.04,21
C,12,14150000,15550000,0.05,21
C,13,15550000,17050000,0.06,21
C,14,17050000,19500000,0.07,21
C,15,19500000,22700000,0.08,22
C,16,22700000,26600000,0.09,22
C,17,26600000,28100000,0.1,22
C,18,28100000,30100000,0.11,22
C,19,30100000,32600000,0.12,22
C,20,32600000,35400000,0.13,22
C,21,35400000,38900000,0.14,22
C,22,38900000,43000000,0.15,22
C,23,43000000,47400000,0.16,22
C,24,47400000,51200000,0.17,23
C,25,51200000,55800000,0.18,23
C,26,55800000,60400000,0.19,23
C,27,60400000,66700000,0.2,23
C,28,66700000,74500000,0.21,23
C,29,74500000,83200000,0.22,23
C,30,83200000,95600000,0.23,23
C,31,95600000,110000000,0.24,23
C,32,110000000,134000000,0.25,23
C,33,134000000,169000000,0.26,24
C,34,169000000,221000000,0.27,24
C,35,221000000,390000000,0.28,24
C,36,390000000,463000000,0.29,24
C,37,463000000,561000000,0.3,24
C,38,561000000,709000000,0.31,24
C,39,709000000,965000000,0.32,24
C,40,965000000,1419000000,0.33,24
C,41,1419000000,,0.34,24
