variabel,baris_xlsx,bulan_01,bulan_02,bulan_03,bulan_04,bulan_05,bulan_06,bulan_07,bulan_08,bulan_09,bulan_10,bulan_11,bulan_12,setahun
gaji_prorata,5,8178800,8178800,7762545,8885179,8932190,9378800,9378800,8952491,9378800,9378800,9378800,8909860,106693865
lembur_teratur,6,0,0,0,0,0,0,0,0,0,0,0,0,7700000
komisi_teratur,7,0,0,0,0,0,0,0,0,0,0,0,0,7450000
tunjangan,8,0,0,247727,823684,826190,850000,850000,827273,850000,850000,850000,825000,7799874
premi_jkm_perusahaan,9,0,24536,24536,28136,28136,28136,28136,28136,28136,28136,28136,28136,302296
premi_jkk_perusahaan,10,0,19629,19629,22509,22509,22509,22509,22509,22509,22509,22509,22509,241839
premi_bpjs_kes_perusahaan,11,0,327152,327152,375152,375152,375152,375152,375152,375152,375152,375152,0,3655520
premi_jht_perusahaan_non_objek,15,0,302616,302616,347016,347016,347016,347016,347016,347016,347016,347016,347016,3728376
premi_jp_perusahaan_non_objek,16,0,163576,163576,187576,187576,187576,187576,187576,187576,187576,187576,187576,2015336
bruto_teratur_sebulan,17,8178800,8550117,8381589,10134660,10184177,10654597,10654597,10205561,10654597,10654597,10654597,9785505,151593714
biaya_jabatan,19,408940,427506,419079,500000,500000,500000,500000,500000,500000,500000,500000,489275,6000000
iuran_jp_pegawai,20,0,81788,81788,93788,93788,93788,93788,93788,93788,93788,93788,93788,1007668
iuran_jht_pegawai,21,0,163576,163576,187576,187576,187576,187576,187576,187576,187576,187576,187576,2015336
total_pengurang,23,408940,672870,664443,781364,781364,781364,781364,781364,781364,781364,781364,770639,9023004
neto_sebulan,24,7769860,7877247,7717146,9353296,9402813,9873233,9873233,9424197,9873233,9873233,9873233,9014866,142570710
neto_disetahunkan,25,93238320,94526964,92605752,112239552,112833756,118478796,118478796,113090364,118478796,118478796,118478796,108178392,142570710
ptkp,26,54000000,54000000,54000000,54000000,54000000,54000000,54000000,54000000,54000000,54000000,54000000,54000000,54000000
pkp,27,39238320,40526964,38605752,58239552,58833756,64478796,64478796,59090364,64478796,64478796,64478796,54178392,88570710
pkp_dibulatkan,28,39238000,40526000,38605000,58239000,58833000,64478000,64478000,59090000,64478000,64478000,64478000,54178000,88570000
pph21_setahun,31,1961900,2026300,1930250,2911950,2941650,3671700,3671700,2954500,3671700,3671700,3671700,2708900,7285500
pph21_teratur_sebulan,33,163492,168858,160854,242663,245138,305975,305975,246208,305975,305975,305975,220362,7065138
thr,34,0,0,0,8178800,0,0,0,0,0,0,0,0,
pph21_thr,35,0,0,0,1226850,0,0,0,0,0,0,0,0,
kompensasi,36,0,0,817880,817880,0,0,0,0,817880,0,0,817880,
pph21_kompensasi,37,0,0,38850,122700,0,0,0,0,122700,0,0,122700,
insentif_ota,38,0,0,1800000,1500000,1000000,0,0,0,2000000,0,0,0,
pph21_ota,39,0,0,85500,225000,150000,0,0,0,300000,0,0,0,
lembur,40,0,1500000,1000000,500000,0,0,2200000,0,1000000,0,1000000,500000,
pph21_lembur,41,0,71250,47500,75000,0,0,330000,0,150000,0,150000,75000,
komisi,42,0,1000000,0,2000000,0,1000000,0,0,950000,1500000,1000000,0,
pph21_komisi,43,0,47500,0,300000,0,150000,0,0,142500,225000,150000,0,
pph21_dipotong,44,163492,287608,332704,2192213,395138,455975,635975,246208,1021175,530975,605975,418062,
iuran_bpjs_kes_pegawai,47,0,81788,81788,93788,93788,93788,93788,93788,93788,93788,93788,0,
transfer_gaji,48,8015308,7682790,7522266,9091048,9138090,9547673,9547673,9158404,9547673,9547673,9547673,9233134,
transfer_thr,49,0,0,0,6951950,0,0,0,0,0,0,0,0,
transfer_ota,50,0,0,1714500,1275000,850000,0,0,0,1700000,0,0,0,
transfer_kompensasi,51,0,0,779030,695180,0,0,0,0,695180,0,0,695180,
transfer_lembur,52,0,1428750,952500,425000,0,0,1870000,0,850000,0,850000,425000,
transfer_komisi,53,0,952500,0,1700000,0,850000,0,0,807500,1275000,850000,0,
