bagian_lampiran,contoh,halaman_pdf,subbagian,kalimat_pembuka
B,Tuan A,33,I. 1. Penghitungan Pajak Penghasilan Pasal 21 atas Pegawai Tetap yang Menerima atau Memperoleh Penghasilan dalam Satu Tahun Pajak Tuan A bekerja pada PT Z. Tuan,Tuan A bekerja pada PT Z. Tuan A berstatus menikah dan tidak memiliki
B,Tuan B,35,I. 2. Penghitungan Pajak Penghasilan Pasal 21 atas Pegawai Tetap yang Mulai Bekerja atau Berhenti Bekerja dalam Tahun Berjalan 1.2.1. Penghitungan Pajak Penghas,Tuan B mulai bekerja di PT Y pada tanggal 1 September 2024. Tuan B
B,Tuan C,37,I. 2. Penghitungan Pajak Penghasilan Pasal 21 atas Pegawai Tetap yang Mulai Bekerja atau Berhenti Bekerja dalam Tahun Berjalan 1.2.1. Penghitungan Pajak Penghas,Tuan C merupakan warga negara Australia yang mulai menetap di
B,Tuan D,38,I. 2. Penghitungan Pajak Penghasilan Pasal 21 atas Pegawai Tetap yang Mulai Bekerja atau Berhenti Bekerja dalam Tahun Berjalan 1.2.1. Penghitungan Pajak Penghas,Tuan D mulai bekerja di PT W sejak tahun 2020. Tuan D berstatus tidak
B,Tuan E,42,I. 2. Penghitungan Pajak Penghasilan Pasal 21 atas Pegawai Tetap yang Mulai Bekerja atau Berhenti Bekerja dalam Tahun Berjalan 1.2.1. Penghitungan Pajak Penghas,Tuan E mulai bekerja di PT V sejak tahun 2020. Tuan E berstatus tidak
B,Tuan F,44,I. 3. Penghitungan Pajak Penghasilan Pasal 21 atas Pegawai Tetap yang Menerima atau Memperoleh Penghasilan yang Sebagian atau Seluruhnya Diterima atau Diperoleh,"Tuan F bekerja sebagai Pegawai Tetap pada PT U. Pada bulan Januari 2024,"
B,Tuan G,44,I. 4. Penghitungan Pajak Penghasilan Pasal 21 atas Pegawai Tetap yang Menerima atau Memperoleh Penghasilan yang Seluruh atau Sebagian Pajak Penghasilan Pasal 21,Tuan G bekerja sebagai Pegawai Tetap pada PTT. Tuan G berstatus tidak
B,Tuan H,45,I. 5. Penghitungan Pajak Penghasilan Pasal 21 atas Pegawai Tetap yang Menerima atau Memperoleh Tunjangan Pajak Tuan H bekerja sebagai Pegawai Tetap pada PT S. T,Tuan H bekerja sebagai Pegawai Tetap pada PT S. Tuan H berstatus
B,Tuan I,45,I. 6. Penghitungan Pajak Penghasilan Pasal 21 atas Penghasilan dalam Bentuk Natura dan/atau Kenikmatan yang Diterima atau Diperoleh Pegawai.,Tuan I merupakan warga negara Inggris dengan status menikah dan
B,Tuan J,46,II. PENGHITUNGAN PAJAK PENGHASILAN PASAL 21 ATAS PENGHASILAN BERUPA UANG PENSION YANG DITERIMA ATAU DIPEROLEH SECARA BERKALA,Tuan J mulai bekerja sebagai Pegawai Tetap pada PT Q sejak tahun 2011.
B,Tuan P,47,III. PENGHITUNGAN PAJAK PENGHASILAN PASAL 21 ATAS ANGGOTA DEWAN KOMISARIS ATAU DEWAN PENGAWAS YANG MENERIMA ATAU MEMPEROLEH PENGHASILAN SECARA TIDAK TERATUR,"Tuan P adalah seorang komisaris di PT K. Selama tahun 2024, Tuan P"
B,Tuan K,48,IV. PENGHITUNGAN PAJAK PENGHASILAN PASAL 21 ATAS PEGAWAI TIDAK TETAP IV.1. Penghitungan Pajak Penghasilan Pasal 21 atas Pegawai Tidak Tetap,"Tuan K bekerja di PT P. Pada bulan Januari 2024, Tuan K melakukan"
B,Tuan L,49,IV. PENGHITUNGAN PAJAK PENGHASILAN PASAL 21 ATAS PEGAWAI TIDAK TETAP IV.1. Penghitungan Pajak Penghasilan Pasal 21 atas Pegawai Tidak Tetap,"Tuan L bekerja pada PT 0. Pada bulan Juni 2024, Tuan L melakukan"
B,Tuan M,49,IV. PENGHITUNGAN PAJAK PENGHASILAN PASAL 21 ATAS PEGAWAI TIDAK TETAP IV.1. Penghitungan Pajak Penghasilan Pasal 21 atas Pegawai Tidak Tetap,Tuan M bekerja pada PT N. Tuan M menerima atau memperoleh
B,Tuan Z,50,IV. PENGHITUNGAN PAJAK PENGHASILAN PASAL 21 ATAS PEGAWAI TIDAK TETAP IV.1. Penghitungan Pajak Penghasilan Pasal 21 atas Pegawai Tidak Tetap,Tuan Z bekerja pada PT A. Tuan Z melakukan pekerjaan pengecekan
B,Tuan N,50,IV. PENGHITUNGAN PAJAK PENGHASILAN PASAL 21 ATAS PEGAWAI TIDAK TETAP IV.1. Penghitungan Pajak Penghasilan Pasal 21 atas Pegawai Tidak Tetap,Tuan N bekerja sebagai pemetik teh pada perkebunan milik PT M. Tuan N
B,Tuan U,52,V. PENGHITUNGAN PAJAK PENGHASILAN PASAL 21 ATAS BUKAN PEGAWAI V.l Penghitungan Pajak Penghasilan Pasal 21 atas Jasa Sehubungan,Tuan U adalah seorang pengacara dan sedang menangani sengketa kasus
B,Tuan R,52,V. PENGHITUNGAN PAJAK PENGHASILAN PASAL 21 ATAS BUKAN PEGAWAI V.l Penghitungan Pajak Penghasilan Pasal 21 atas Jasa Sehubungan,Tuan R merupakan dokter spesialis anak yang melakukan praktik di
B,Tuan T,54,V. PENGHITUNGAN PAJAK PENGHASILAN PASAL 21 ATAS BUKAN PEGAWAI V.l Penghitungan Pajak Penghasilan Pasal 21 atas Jasa Sehubungan,Tuan T.
B,Tuan V,55,V. PENGHITUNGAN PAJAK PENGHASILAN PASAL 21 ATAS BUKAN PEGAWAI V.l Penghitungan Pajak Penghasilan Pasal 21 atas Jasa Sehubungan,Tuan V.
B,Tuan W,55,V. PENGHITUNGAN PAJAK PENGHASILAN PASAL 21 ATAS BUKAN PEGAWAI V.l Penghitungan Pajak Penghasilan Pasal 21 atas Jasa Sehubungan,Tuan W adalah seorang atlet bulutangkis profesional Indonesia yang
B,Tuan Q,56,V. PENGHITUNGAN PAJAK PENGHASILAN PASAL 21 ATAS BUKAN PEGAWAI V.l Penghitungan Pajak Penghasilan Pasal 21 atas Jasa Sehubungan,Tuan Q bekerja sebagai Pegawai Tetap pada PT J. Tuan Q menerima atau
B,Tuan O,57,V. PENGHITUNGAN PAJAK PENGHASILAN PASAL 21 ATAS BUKAN PEGAWAI V.l Penghitungan Pajak Penghasilan Pasal 21 atas Jasa Sehubungan,"Tuan O sebesar Rp3.000.000,00 (tigajuta rupiah) dan membuat bukti"
B,Tuan X,57,"VII. PENGHITUNGAN PAJAK PENGHASILAN PASAL 26 SEHUBUNGAN DENGAN PEKERJAAN, JASA, ATAU KEGIATAN ATAS PENGHASILAN YANG DITERIMA ATAU DIPEROLEH WAJIB PAJAK ORANG PR",Tuan X adalah warga negara asing yang bekerja pada PT C dan berada di
B,Tuan Y,57,"VII. PENGHITUNGAN PAJAK PENGHASILAN PASAL 26 SEHUBUNGAN DENGAN PEKERJAAN, JASA, ATAU KEGIATAN ATAS PENGHASILAN YANG DITERIMA ATAU DIPEROLEH WAJIB PAJAK ORANG PR",Tuan Y adalah warga negara asing yang bekerja pada PT B dan berada di
C,Tuan A,60,"I. PENGHITUNGAN PAJAK PENGHASILAN PASAL 21 ATAS PENGHASILAN TETAP DAN TERATUR 1.1. Penghitungan Pajak Penghasilan Pasal 21 untuk Pejabat Negara, PNS,",Tuan A merupakan PNS dengan golongan III/c dan bekerja di Kantor
C,Tuan B,62,"I. PENGHITUNGAN PAJAK PENGHASILAN PASAL 21 ATAS PENGHASILAN TETAP DAN TERATUR 1.1. Penghitungan Pajak Penghasilan Pasal 21 untuk Pejabat Negara, PNS,",Tuan B seorang Pensiunan PNS dan berstatus menikah dengan jumlah
C,Tuan C,64,"I. PENGHITUNGAN PAJAK PENGHASILAN PASAL 21 ATAS PENGHASILAN TETAP DAN TERATUR 1.1. Penghitungan Pajak Penghasilan Pasal 21 untuk Pejabat Negara, PNS,",Tuan C merupakan PNS dengan golongan III/c dan bekerja di Kantor
C,Tuan D,67,"I. PENGHITUNGAN PAJAK PENGHASILAN PASAL 21 ATAS PENGHASILAN TETAP DAN TERATUR 1.1. Penghitungan Pajak Penghasilan Pasal 21 untuk Pejabat Negara, PNS,",Tuan D adalah seorang PNS dengan golongan III/ c di KPP A dan menerima
